:020000040800F2
:100000000000022029260008350D0008370D0008E1
:10001000390D00083B0D00083D0D000800000000F0
:100020000000000000000000000000003F0D00087C
:10003000410D000800000000430D0008450D0008B8
:100040007926000879260008792600087926000814
:1000500079260008792600087D0600087926000820
:1000600079260008792600087926000879260008F4
:1000700079260008792600087926000879260008E4
:100080004D0D000879260008792600087926000819
:1000900079260008792600087926000879260008C4
:1000A00079260008792600087926000879260008B4
:1000B00079260008792600087926000879260008A4
:1000C0007926000879260008792600087926000894
:1000D0007926000879260008792600087926000884
:1000E0007926000879260008792600087926000874
:1000F0007926000879260008792600087926000864
:100100007926000879260008792600087926000853
:100110007926000879260008792600087926000843
:100120007926000879260008792600087926000833
:100130007926000800000000000000007926000871
:100140007926000879260008792600087926000813
:100150007926000879260008792600087926000803
:1001600079260008792600087926000879260008F3
:10017000792600087926000879260008000000008A
:1001800000000000792600080000000000000000C8
:100190007926000800000000000000007926000811
:1001A00000000000000000000000000079260008A8
:1001B00079260008792600087926000879260008A3
:0401C0007926000894
:1001C40010B5054C237833B9044B13B10448AFF38D
:1001D40000800123237010BD5C000020000000009B
:1001E400D426000808B5034B1BB103490348AFF3F9
:1001F400008008BD0000000060000020D426000834
:1002040053B94AB9002908BF00281CBF4FF0FF3179
:100214004FF0FF3000F088B9ADF1080C6DE904CE61
:1002240000F006F8DDF804E0DDE9022304B07047CD
:100234002DE9F047089D8E4604468846002B4AD196
:100244008A42174662D9B2FA82F64EB1C6F1200349
:1002540001FA06F820FA03F3B74043EA0808B44069
:100264004FEA174E1FFA87FCB8FBFEF1230C0EFB76
:10027400118843EA084301FB0CF29A4209D9FB189E
:1002840001F1FF3080F0EA809A4240F2E7800239BF
:100294003B449A1AA3B2B2FBFEF00EFB102243EACF
:1002A400024300FB0CFC9C4509D9FB1800F1FF320A
:1002B40080F0D6809C4540F2D3803B44023840EA2B
:1002C4000140A3EB0C0300211DB1F3400022C5E95A
:1002D4000032BDE8F0878B4205D90DB1C5E90001B4
:1002E40000210846F5E7B3FA83F1002946D17345A6
:1002F40002D3824200F20581841A6EEB03020120CC
:100304009046002DE5D0C5E90048E2E7002A00F058
:100314009080B2FA82F6002E40F0A4808A1A030C70
:100324004FEA174E80B2BCB20121B2FBFEFC0EFBB9
:100334001C2243EA024304FB0CF29A4207D9FB183D
:100344000CF1FF3802D29A4200F2E080C4469B1AB4
:10035400B3FBFEF20EFB123340EA034302FB04F448
:100364009C4207D9FB1802F1FF3002D29C4200F2F2
:10037400CA8002461B1B42EA0C40A5E7C1F12006D5
:100384008B4022FA06F71F430EFA01F420FA06F313
:100394002EFA06FE4FEA1749234300FA01F81FFA22
:1003A40087FCBEFBF9F01C0C09FB10EE44EA0E447A
:1003B40000FB0CFEA64502FA01F209D93C1900F132
:1003C400FF3A80F09C80A64540F2998002383C4474
:1003D400A4EB0E041FFA83FEB4FBF9F309FB1344E8
:1003E4004EEA044403FB0CFCA44508D93C1903F170
:1003F400FF3E80F08280A4457FD9023B3C4443EA1F
:100404000040A4EB0C04A0FB02EC64457346E146F7
:1004140062D35FD05DB1B8EB030264EB090404FA64
:1004240006F622FA01F31E43CC40C5E9006400211C
:100434004FE7B1FBF2FC010C41EA0E4180B240EA05
:1004440001423B4638463C46B846BE462026B1FBF0
:10045400F7F1A2EB080241EA0C4166E7014618E70E
:1004640010462CE7C6F120022EFA02F3B740B14041
:1004740020FA02F24FEA174E0A43B3FBFEF8BCB26D
:100484000EFB1833110C41EA034108FB04F9B04098
:1004940089454FEA104380B23ED9791808F1FF3CF0
:1004A40001D289451FD8A1EB0901B1FBFEF909FB73
:1004B40004F80EFB191192B242EA0142424529D2D4
:1004C400BA1809F1FF31C4D24245C2D2A9F10201DE
:1004D4003A44BEE7F0459DD2BEEB02036CEB070C39
:1004E4000138E14696E7A7EB09094944A8F1020C53
:1004F400B1FBFEF909FB04F8DBE773467FE75046DE
:1005040066E70846FDE63B44023A33E7ACF1020CE9
:100514003B441CE749469CE7A1EB0901C446B1FBF7
:10052400FEF909FB04F8C4E7704700BF2DE9F04F5A
:1005340089B00024039404940594069407940094C9
:100544002F4B1A6B42F080021A631A6B02F080027E
:100554000092009A01941A6B42F001021A631A6B1A
:1005640002F001020192019A02941A6B42F0020213
:100574001A631B6B03F002030293029B4FF4404B7C
:10058400CDF80CB001260496DFF87CA003A95046F0
:1005940001F04CFC4FF44079CDF80C90DFF86C80FE
:1005A40003A9404601F042FC4FF410470397154D50
:1005B40003A9284601F03AFC22465946504601F068
:1005C4002CFD22464946404601F027FD2246394685
:1005D400284601F022FD03964FF4881304930596F0
:1005E40003A9284601F022FC22460221062001F03C
:1005F40095FF062001F0A2FF09B0BDE8F08F00BF0F
:10060400003802400000024000080240000402409A
:1006140000B583B000210191094B1A6B42F400121A
:100624001A631B6B03F400130193019B0A46102009
:1006340001F074FF102001F081FF03B05DF804FBAA
:100644000038024010B501F0E1FC012802D000247A
:10065400204610BD044601F0D5FF064B1B68C01AA6
:10066400B0F5FA7F01D80024F2E701F0CBFF014B8B
:100674001860EDE77800002070B5012001F0D4FC8B
:1006840001212748FFF7DEFF002844D0254B1B68D3
:10069400052B41D00133234A1360224D2A68224B93
:1006A40003EB820393ED007ADFED207A27EE277ABD
:1006B400DFED1F6AC6EE877AFCEEE77A17EE903A12
:1006C4001C4AC2ED007A013B1B4CE360204600F05B
:1006D40009FD2268D36823F40073D360174E3046B3
:1006E40001F0C7FD286842F21073154A12681549D3
:1006F40051F82010304601F087FD2268D36843F496
:100704000073D360012000F053FA2A680E4B53F8AB
:10071400220000F041FA70BD024B00221A60BCE7CF
:10072400000002406C0100203800002000401C46FC
:100734000024744B04000020240100207C000020CD
:1007440000000020200000200800002072B6FEE710
:1007540000B58FB000230A930B930C930D93089369
:1007640009930193029303930493059306930793C8
:1007740036484FF08042026043608360344A126816
:10078400013AC26003618023836100F0ABFC00285E
:1007940050D14FF480530A930AA92C4800F008FE64
:1007A400002849D1294800F0C9FC002846D100237B
:1007B4000893099308A9254800F08CFF00283FD12D
:1007C4000022019202920392059201A91F4800F0AF
:1007D40045FD002836D1002300931E4A116B41F4D5
:1007E40000111163126B02F400120092009A1A486D
:1007F4001A4A02604FF0C062426040228260C360C5
:100804004FF4806202614FF4805242614FF480429F
:1008140082614FF48072C2614FF40032026243621B
:1008240001F08CFC80B9094A0B4B53629A630FB0F8
:100834005DF804FBFFF78AFFFFF788FFFFF786FFE9
:10084400FFF784FFFFF782FFFFF780FF24010020FA
:1008540004000020003802407C0000208860024030
:1008640000B58FB000230A930B930C930D93089358
:1008740009930193029303930493059306930793B7
:100884001E481F4A0260436083604FF4C872C2600E
:100894000361836100F026FC28BB4FF480530A9364
:1008A4000AA9164800F084FDF8B9144800F072FC57
:1008B400E8B900230893099308A9104800F00AFF37
:1008C400B8B960230193002302930393059308228C
:1008D40001A90A4800F0F1FC68B9084800F0A4FA3C
:1008E4000FB05DF804FBFFF731FFFFF72FFFFFF7B1
:1008F4002DFFFFF72BFFFFF729FF00BFDC000020CF
:100904000004004000B595B03422002107A801F08E
:10091400B2FE00230293039304930593069300937A
:10092400194A116C41F080511164126C02F080522A
:100934000092009A019315490A6822F4404242F455
:1009440080420A600A6802F440420192019A02223B
:10095400079201220A9210220B920D9307A801F02C
:1009640043F868B90F230293002103910491059180
:10097400069102A800F0F4FE20B915B05DF804FB5E
:10098400FFF7E4FEFFF7E2FE00380240007000408B
:1009940008B501F011FEFFF7B5FFFFF7C7FDFFF73C
:1009A40037FEFFF7D5FEFFF75BFF194B1A68194BAB
:1009B40003EB820393ED007ADFED177A27EE277AB3
:1009C400DFED166AC6EE877AFCEEE77A144BC3EDC8
:1009D400007A0821134800F0FBFD134C0021204647
:1009E40000F074FD42F21073104A12681049114865
:1009F40001F00AFC00F064F9012000F0D9F80E4877
:100A040000F0CAF82268D36843F40073D360FEE7A9
:100A14006C0100203800002000401C460024744B68
:100A240004000020DC00002024010020000000203D
:100A3400A43403087C000020EC26000882B000EBFC
:100A440040000023019304E000BF00BF019B013379
:100A54000193019B8342F7D302B0704710B5142071
:100A6400FFF7ECFF094CA36943F40043A36114208E
:100A7400FFF7E4FFA36943F00043A3611420FFF7E9
:100A8400DDFFA36943F40043A36110BD00080240E5
:100A940010B504463D4A936943F48043936110F0D2
:100AA400800F41D13A4A936943F00043936114F0B3
:100AB400400F40D0364A936943F48053936114F055
:100AC400200F3ED0334A936943F40073936114F0CA
:100AD400100F3CD02F4A936943F480739361FFF75E
:100AE400BDFF14F0080F38D0294A936943F400433A
:100AF400936114F0040F36D0254A936943F480536C
:100B0400936114F0020F34D0224A936943F40073C2
:100B1400936114F0010F32D01E4A936943F4807339
:100B24009361FFF79BFF10BDA2F50062936943F444
:100B340000439361BBE7164A936943F08053936182
:100B4400BDE7144A936943F000739361BFE7114A08
:100B5400936943F080739361C1E70D4A936943F04D
:100B640000439361C5E70A4A936943F08053936154
:100B7400C7E7084A936943F000739361C9E7054ADC
:100B8400936943F080739361CBE700BF0008024090
:100B9400000002400004024038B50546002403E08A
:100BA400FFF776FF0134E4B2285D0028F8D138BDA0
:100BB40010B504463F4A936943F08043936110F0B3
:100BC400800F45D13C4A936943F00043936114F08C
:100BD400400F44D0384A936943F48053936114F02E
:100BE400200F42D0354A936943F40073936114F0A3
:100BF400100F40D0314A936943F480739361FFF737
:100C04002DFF14F0080F3CD02B4A936943F40043A2
:100C1400936114F0040F3AD0274A936943F4805344
:100C2400936114F0020F38D0244A936943F400739B
:100C3400936114F0010F36D0204A936943F4807312
:100C44009361FFF70BFF40F6B830FFF7F7FE10BDD6
:100C5400A2F50062936943F400439361B7E7164A2F
:100C6400936943F080539361B9E7144A936943F05D
:100C740000739361BBE7114A936943F080739361F6
:100C8400BDE70D4A936943F000439361C1E70A4A03
:100C9400936943F080539361C3E7084A936943F02F
:100CA40000739361C5E7054A936943F080739361C8
:100CB400C7E700BF000802400000024000040240F1
:100CC40008B5194B1A6B42F001021A631A6B42F011
:100CD40002021A631A6B42F004021A63134A13687D
:100CE40043F08243136002F58062136843F4A02347
:100CF400136002F58062136843F0A043136047F267
:100D04003050FFF79BFE3320FFF752FF3220FFF7EE
:100D14004FFF0C20FFF74CFF2820FFF749FF01206D
:100D2400FFF746FF08BD00BF003802400000024044
:100D3400FEE7FEE7FEE7FEE7FEE770477047704711
:100D440008B501F053FC08BD08B5024801F0A4FA47
:100D540008BD00BF7C00002082B0002100910B4B35
:100D64005A6C42F480425A645A6C02F480420092F3
:100D7400009A01911A6C42F080521A641B6C03F0C1
:100D840080530193019B02B0704700BF00380240BA
:100D940010B582B00368B3F1804F04D01E4A934269
:100DA4002CD002B010BD0446002300931B4A116CE2
:100DB40041F001011164126C02F001020092009AE8
:100DC4001748184A02604FF0C06242608360C360F3
:100DD4004FF4806202614FF4805242614FF48042CA
:100DE4008261C3610362436201F0A8F918B90C4B34
:100DF40063629C63D5E7FFF7A9FCF8E7002301933E
:100E0400064B1A6C42F002021A641B6C03F00203D4
:100E14000193019BC5E700BF000400400038024075
:100E24007C0000208860024000B587B00023019355
:100E3400029303930493059302680E4B9A4202D0E3
:100E440007B05DF804FB002300930B4B1A6B42F0D0
:100E540002021A631B6B03F002030093009B01233D
:100E6400019302230293059301A9044800F0DEFFD5
:100E7400E6E700BF000400400038024000040240DE
:100E840030B4036A026A22F0010202624268846991
:100E940024F0730C0C6844EA0C0423F0020C8B68F5
:100EA40043EA0C03114DA84203D005F58065A8421E
:100EB40005D123F00803CD682B4323F004030B4D25
:100EC400A84203D005F58065A84207D122F44072F8
:100ED4004D6945EA020C8A6942EA0C024260846167
:100EE4004A684263036230BC704700BF000001409F
:100EF40030B4036A026A22F4807202624268C469EE
:100F040024F0730C0C6844EA0C0523F400738C6819
:100F140043EA0423114CA04203D004F58064A042A8
:100F240006D123F40063CC6843EA042323F48063EA
:100F34000A4CA04203D004F58064A04207D122F4F5
:100F440040524C6942EA04128C6942EA041242603B
:100F5400C5614A68C263036230BC70470000014047
:100F640030B4036A026A22F4805202624468C2699D
:100F740022F4E6420D6842EA052223F400538D6808
:100F840043EA0533094DA84203D005F58065A8421C
:100F940004D124F480444D6944EA85144460C26158
:100FA4004A680264036230BC704700BF000001401D
:100FB40010B4036A046A24F001040462846924F00E
:100FC400F00C4CEA021223F00A030B438261036221
:100FD4005DF8044B704710B4036A046A24F01004EB
:100FE4000462846924F4704C4CEA023223F0A003B6
:100FF40043EA0113826103625DF8044B704783681E
:1010040023F070030B4343F007038360704770477A
:10101400704700000368324A904212D0B0F1804F0A
:101024000FD0A2F57C4290420BD002F58062904230
:1010340007D002F58062904203D002F578429042D4
:1010440003D123F070034A681343254A90422AD0FF
:10105400B0F1804F27D0A2F57C42904223D002F514
:10106400806290421FD002F5806290421BD002F54C
:101074007842904217D002F57052904213D002F594
:10108400806290420FD002F5806290420BD0A2F5AC
:101094009832904207D002F58062904203D002F564
:1010A4008062904203D123F44073CA68134323F04F
:1010B40080034A6913438A68C2620A688262084AE2
:1010C400904203D002F58062904201D10A69026322
:1010D400026842F004020260012242610360704728
:1010E4000000014040B310B5044690F83D30F3B120
:1010F400022384F83D30214651F8040BFFF78AFFA0
:10110400012384F8463084F83E3084F83F3084F874
:10111400403084F8413084F8423084F8433084F815
:10112400443084F8453084F83D30002010BD80F808
:101134003C30FFF72DFEDBE70120704740B310B5CC
:10114400044690F83D30F3B1022384F83D30214643
:1011540051F8040BFFF75EFF012384F8463084F84E
:101164003E3084F83F3084F8403084F8413084F8CD
:10117400423084F8433084F8443084F8453084F8AD
:101184003D30002010BD80F83C30FFF740FFDBE726
:101194000120704740B310B5044690F83D30F3B1D8
:1011A400022384F83D30214651F8040BFFF732FF47
:1011B400012384F8463084F83E3084F83F3084F8C4
:1011C400403084F8413084F8423084F8433084F865
:1011D400443084F8453084F83D30002010BD80F858
:1011E4003C30FFF715FFDBE70120704730B4036A9A
:1011F400026A22F0100202624468826922F4E64222
:101204000D6842EA052223F020038D6843EA0513A2
:10121400114DA84203D005F58065A84206D123F0FC
:101224008003CD6843EA051323F040030A4DA84226
:1012340003D005F58065A84207D124F440644D69C4
:1012440044EA85048D6944EA8504446082614A68FD
:101254008263036230BC70470000014090F83C3068
:10126400012B28D010B50446012380F83C300C2A09
:101274001CD8DFE802F0071B1B1B0C1B1B1B111BDC
:101284001B1B16000068FFF7FBFD00200FE0006841
:10129400FFF7ACFF00200AE00068FFF729FE0020FA
:1012A40005E00068FFF75CFE002000E00120002359
:1012B40084F83C3010BD0220704738B590F83C30BB
:1012C400012B66D004460D46012380F83C300C2ADD
:1012D4005AD8DFE802F0075959591B59595930595E
:1012E400595944000068FFF7CBFD2268936943F025
:1012F400080393612268936923F0040393612268CD
:10130400936929690B43936100203EE00068FFF76D
:101314006DFF2268936943F40063936122689369C3
:1013240023F48063936122689369296943EA012362
:101334009361002029E00068FFF7DAFD2268D36991
:1013440043F00803D3612268D36923F00403D36113
:101354002268D36929690B43D361002015E0006832
:10136400FFF7FEFD2268D36943F40063D36122686A
:10137400D36923F48063D3612268D369296943EA7A
:101384000123D361002000E00120002384F83C30D5
:1013940038BD0220FCE710B4846824F47F4C42EA90
:1013A40003220A4342EA0C0282605DF8044B704750
:1013B40090F83C30012B78D010B50446012380F816
:1013C4003C30022380F83D300268936823F47F4365
:1013D40023F0770393600B68602B4CD023D8402B09
:1013E40054D011D8202B03D00AD80BB1102B05D11F
:1013F40019462068FFF703FE002028E0012026E0BC
:10140400302BF5D0012022E0502B0AD1CA6849685C
:101414000068FFF7CDFD50212068FFF7F0FD0020A4
:1014240015E0012013E0B3F5805F3AD0B3F5005F17
:1014340014D0702B37D1CB684A6889680068FFF7ED
:10144400AAFF2268936843F0770393600020012386
:1014540084F83D30002384F83C3010BDCB684A68E2
:1014640089680068FFF797FF2268936843F4804314
:1014740093600020EBE7CA6849680068FFF7ABFD9A
:1014840060212068FFF7BBFD0020E0E7CA684968D7
:101494000068FFF78DFD40212068FFF7B0FD0020B4
:1014A400D5E70020D3E70120D1E70220704701F0FF
:1014B4001F014FF0010C0CFA01FC036A23EA0C0330
:1014C4000362036A8A4013430362704710B50446FB
:1014D4000846002942D194F83E30DBB2013B18BFE4
:1014E4000123002B6ED1002851D1022384F83E3011
:1014F400012201462068FFF7DAFF2368334A93424A
:1015040003D002F58062934203D15A6C42F4004244
:101514005A6423682D4A934249D0B3F1804F46D090
:10152400A2F57C42934242D002F5806293423ED0BF
:1015340002F5806293423AD002F57842934236D063
:1015440002F57052934232D0A2F5943293422ED0D7
:101554001A6842F001021A60002032E0042908D01F
:1015640008290DD094F84130DBB2013B18BF0123A8
:10157400B7E794F83F30DBB2013B18BF0123B0E773
:1015840094F84030DBB2013B18BF0123A9E70428DB
:1015940005D0082807D0022384F84130A8E70223A5
:1015A40084F83F30A4E7022384F84030A0E79A6827
:1015B40002F00702062A07D01A6842F001021A60F4
:1015C400002010BD0120FCE70020FAE700000140E4
:1015D40010B504460846002942D194F83E30DBB2E7
:1015E400013B18BF0123002B6ED1002851D10223E7
:1015F40084F83E30012201462068FFF758FF236833
:10160400334A934203D002F58062934203D15A6C69
:1016140042F400425A6423682D4A934249D0B3F1FC
:10162400804F46D0A2F57C42934242D002F58062BC
:1016340093423ED002F5806293423AD002F578425A
:10164400934236D002F57052934232D0A2F59432CE
:1016540093422ED01A6842F001021A60002032E050
:10166400042908D008290DD094F84130DBB2013B9D
:1016740018BF0123B7E794F83F30DBB2013B18BF32
:101684000123B0E794F84030DBB2013B18BF0123DB
:10169400A9E7042805D0082807D0022384F841309C
:1016A400A8E7022384F83F30A4E7022384F84030FB
:1016B400A0E79A6802F00702062A07D01A6842F0E7
:1016C40001021A60002010BD0120FCE70020FAE7A7
:1016D4000000014090F83C20012A3DD010B403469C
:1016E400012280F83C20022280F83D2002685068E4
:1016F400946820F0700C086840EA0C0050601A6886
:10170400164882421AD0B2F1804F17D0A0F57C401F
:10171400824213D000F5806082420FD000F58060D1
:1017240082420BD000F57840824207D000F5705019
:10173400824203D0A0F59430824204D124F0800484
:10174400496821439160012283F83D20002083F8F9
:101754003C005DF8044B70470220704700000140D4
:10176400002800F09B8070B50D4604464F4B1B6863
:1017740003F00F038B4208D2CBB24C4A13701368A8
:1017840003F00F038B4240F08B80236813F0020FA9
:1017940017D013F0040F04D0454A936843F4E05380
:1017A4009360236813F0080F04D0414A936843F40C
:1017B400604393603E4A936823F0F003A1680B43AF
:1017C4009360236813F0010F32D06368012B21D09A
:1017D4009A1E012A25D9364A126812F0020F61D0E6
:1017E40033498A6822F0030213438B6000F00AFF36
:1017F40006462F4B9B6803F00C036268B3EB820F21
:1018040016D000F0FFFE801B41F288339842F0D9D5
:10181400032042E0264A126812F4003FE0D101207E
:101824003BE0234A126812F0007FD9D1012034E052
:101834001E4B1B6803F00F03AB4207D9EAB21B4BE4
:101844001A701B6803F00F03AB422DD1236813F009
:10185400040F06D0164A936823F4E053E1680B435F
:101864009360236813F0080F07D0114A936823F498
:101874006043216943EAC103936000F021F80C4BF3
:101884009B68C3F303130B4AD35CD8400A4B18601C
:101894000A4B186800F06AFE002070BD01207047F2
:1018A4000120FAE70120F8E70120F6E7003C0240B6
:1018B40000380240ECD003085800002054000020F7
:1018C40008B5464B9B6803F00C03082B05D00C2B82
:1018D40043D0042B7FD1424819E0404B5A6802F0B0
:1018E4003F025B6813F4800F12D03C4B5968C1F37C
:1018F40088113B480023A1FB0001FEF781FC374B14
:101904005B68C3F3014301335B00B0FBF3F008BD34
:10191400324B5868C0F388104FEA401CBCEB000CF3
:101924006EEB0E0E4FEA8E1343EA9C634FEA8C1162
:10193400B1EB0C0163EB0E03DB0043EA5173C90006
:1019440011EB000C43F10003990200234FEA8C20B1
:1019540041EA9C51FEF754FCD1E7204B5A6802F04F
:101964003F025B6813F4800F10D01C4B5968C1F31D
:1019740088111B480023A1FB0001FEF741FC174B13
:101984005B68C3F30273B0FBF3F0C0E7134B586812
:10199400C0F388104FEA401CBCEB000C6EEB0E0E3B
:1019A4004FEA8E1343EA9C634FEA8C11B1EB0C01AE
:1019B40063EB0E03DB0043EA5173C90011EB000C27
:1019C40043F10003990200234FEA8C2041EA9C5121
:1019D400FEF716FCD3E7034899E700BF003802403E
:1019E40040787D010024F400002800F0018270B5E5
:1019F40082B00446036813F0010F41D0994B9B68F1
:101A040003F00C03042B32D0964B9B6803F00C03B9
:101A1400082B27D0934B9B6803F00C030C2B59D055
:101A24006368B3F5803F5BD0B3F5A02F5ED08D4BD8
:101A34001A6822F480321A601A6822F480221A602A
:101A44006368002B5CD000F0DDFD0546854B1B6808
:101A540013F4003F14D100F0D5FD401B6428F5D9E0
:101A64000320CCE17F4B5B6813F4800FD2D07D4B15
:101A74001B6813F4003F03D06368002B00F0BA81A5
:101A8400236813F0020F60D0764B9B6813F00C0FA1
:101A94004AD0744B9B6803F00C03082B3FD0714B66
:101AA4009B6803F00C030C2B69D0E368002B75D002
:101AB4006D4B01221A6000F0A5FD0546694B1B68B9
:101AC40013F0020F61D100F09DFD401B0228F5D9EF
:101AD400032094E1634B5B6813F4800FA0D0C6E746
:101AE400604A136843F480331360A9E75D4B1A68B6
:101AF40042F480221A601A6842F480321A609FE726
:101B040000F080FD0546574B1B6813F4003FB7D027
:101B140000F078FD401B6428F5D903206FE1514B98
:101B24005B6813F4800FBAD14E4B1B6813F0020F9D
:101B340003D0E368012B40F05F814A4A136823F025
:101B4400F803216943EAC1031360236813F0080F03
:101B540049D06369002B33D0434B0122C3F8802E54
:101B640000F050FD05463F4B5B6F13F0020F3AD176
:101B740000F048FD401B0228F5D903203FE1394B12
:101B84005B6813F4800F90D1CEE7364A136823F0D4
:101B9400F803216943EAC1031360D6E7324B0022FC
:101BA4001A6000F02FFD05462E4B1B6813F0020F40
:101BB400CBD000F027FD401B0228F5D903201EE1FD
:101BC400294B0022C3F8802E00F01CFD0546254B4E
:101BD4005B6F13F0020F06D000F014FD401B0228C7
:101BE400F5D903200BE1236813F0040F76D01D4BC5
:101BF4001B6C13F0805F33D100230193194B1A6CD3
:101C040042F080521A641B6C03F080530193019BD1
:101C14000125164B1B6813F4807F29D0A368012B80
:101C24003AD0052B3ED00F4B1A6F22F001021A67EF
:101C34001A6F22F004021A67A368002B3CD000F04C
:101C4400E1FC0646074B1B6F13F0020F45D100F071
:101C5400D9FC801B41F288339842F3D90320CEE0AB
:101C64000025D6E7003802400000474200700040DB
:101C74006B4A136843F48073136000F0C3FC064698
:101C8400674B1B6813F4807FC8D100F0BBFC801B3A
:101C94000228F5D90320B2E0624A136F43F001032E
:101CA4001367C9E75F4B1A6F42F004021A671A6F91
:101CB40042F001021A67BFE700F0A4FC0646594B44
:101CC4001B6F13F0020F08D000F09CFC801B41F244
:101CD40088339842F3D9032091E0EDB9A369002B2E
:101CE40000F08C804F4A926802F00C02082A54D00B
:101CF400022B17D04C4B00221A6600F083FC0446DA
:101D0400484B1B6813F0007F45D000F07BFC001BA0
:101D14000228F5D9032072E0424A136C23F0805361
:101D24001364DBE7404B00221A6600F06BFC0546A7
:101D34003C4B1B6813F0007F06D000F063FC401B93
:101D44000228F5D903205AE0E369226A1343626A40
:101D540043EA8213A26A5208013A43EA0243E26A5E
:101D640043EA0263226B43EA02732E4A53602E4B0A
:101D740001221A6600F046FC04462A4B1B6813F045
:101D8400007F06D100F03EFC001B0228F5D9032099
:101D940035E0002033E0002031E0012B31D0214B2D
:101DA4005B6803F48001E26991422CD103F03F02A5
:101DB400216A8A4229D1616A47F6C0721A40B2EB9D
:101DC400811F24D103F44031A26A5208013AB1EBD5
:101DD400024F1ED103F07062E16AB2EB016F1AD1B7
:101DE40003F0E043226BB3EB027F16D1002006E040
:101DF40001207047012002E0012000E0002002B031
:101E040070BD0120FBE70120F9E70120F7E701207D
:101E1400F5E70120F3E70120F1E70120EFE700BF38
:101E240000700040003802400000474200230F2B9E
:101E340000F2E38070B582B065E085684FEA430E36
:101E4400032404FA0EF425EA0405CC6804FA0EF41B
:101E54002C438460446824EA02044A68C2F30012F2
:101E64009A40224342605CE0DC08083450F82420A5
:101E740003F00705AD004FF00F0E0EFA05FE22EA3F
:101E84000E0E0A69AA4042EA0E0240F824205CE0E1
:101E9400062200E0002202FA0EF22A430234574DD1
:101EA40045F82420564A94686FEA0C0224EA0C058B
:101EB4004E6816F4801F01D04CEA0405504CA5600E
:101EC400E46802EA04054E6816F4001F01D04CEAE7
:101ED40004054B4CE560646802EA04054E6816F498
:101EE400003F01D04CEA0405454C6560246822405B
:101EF4004D6815F4803F01D04CEA0402404C226046
:101F040001330F2B77D801229A400C6804EA020CA3
:101F140032EA0404F4D14C6804F00304013C012CBB
:101F24008BD94A6802F00302032A09D0C4685D0011
:101F34000322AA4024EA02048A68AA402243C26017
:101F44004A6802F00302022A8ED004684FEA430E64
:101F5400032202FA0EF224EA02044A6802F003029F
:101F640002FA0EF2224302604A6812F4403FC7D0DC
:101F740000220192234A546C44F480445464526C09
:101F840002F480420192019A9C08A51C1B4A52F853
:101F9400255003F0030E4FEA8E0E0F2202FA0EF2C2
:101FA40025EA0205184A90423FF474AF02F58062B4
:101FB400904216D002F58062904214D002F58062FD
:101FC400904212D002F58062904210D002F58062F5
:101FD40090420ED002F5806290423FF459AF07223E
:101FE40059E7012257E7022255E7032253E7042267
:101FF40051E705224FE702B070BD70470038014039
:10200400003C0140003802400000024003691942CC
:1020140001D001207047002070470AB181617047E8
:10202400090481617047704708B5054B5B69034239
:1020340000D108BD024B5861FFF7F5FFF9E700BF77
:10204400003C014030B405682C6824F480242C60E2
:10205400046863608368402B05D003689960036853
:10206400DA6030BC704703689A600368D960F8E7A7
:1020740010B40368D9B210390A4AA2FB014212090A
:10208400094CA25CC2655F2907D96FF309030433C5
:102094008365806D5DF8044B70476FF309038365B6
:1020A400F7E700BFABAAAAAAE4D00308836A82694F
:1020B40092B9012B0AD0022B02D00BB10020704739
:1020C400C36A13F0807F28D100207047C36AB3F13C
:1020D400C07F24D000207047B2F5005F09D0022BE6
:1020E40025D9032B25D1C36A13F0807F23D1002087
:1020F4007047032B03D8DFE803F01404140A00200C
:102104007047C36A13F0807F0DD100207047C36A03
:10211400B3F1C07F09D0002070470120704701202F
:10212400704701207047012070470120704701204B
:1021340070470020704701207047000070B50446C6
:1021440000F060FA002C5BD00546022384F8353099
:10215400002384F834302268136823F001031360E9
:1021640023681A6812F0010F0AD000F04BFA431BDF
:10217400052BF5D920236365032084F8350070BD51
:102184001A68204911406268A0680243E06802436B
:102194002069024360690243A0690243E069024383
:1021A400206A02430A43616A04291ED01A60266821
:1021B400756925F00705636A1D43042B07D1A36ADB
:1021C4001D43E36A1BB12046FFF770FF90B97561A8
:1021D4002046FFF74DFFE26D3F23934083600020CC
:1021E4006065012384F83530C9E7E16A206B014357
:1021F4000A43DBE740236365012084F83500BEE72A
:102204000120BCE73F8010F038B50446856D90F896
:10221400340001282BD0012084F8340094F83500D0
:10222400C0B2012804D0002384F83430022038BD21
:10223400022084F83500002060652046FFF702FF85
:10224400E26D3F239340AB602268136843F01603AA
:102254001360236C23B12268136843F008031360EE
:102264002268136843F0010313600020DFE70220B3
:10227400DDE790F83530DBB2022B03D080234365D1
:1022840001207047052380F835300268136823F075
:102294000103136000207047F0B583B004460023A7
:1022A4000193724B1D68724BA3FB0535AD0A876D14
:1022B4003E68C26D08239340334210D003681A6805
:1022C40012F0040F0BD01A6822F004021A60C26DD7
:1022D40008239340BB60436D43F001034365E26D03
:1022E40001239340334209D02268526912F0800FCF
:1022F40004D0BB60636D43F002036365E26D0423A5
:102304009340334209D02268126812F0020F04D0BD
:10231400BB60636D43F004036365E26D1023934077
:10232400334224D02268126812F0080F1FD0BB6019
:1023340023681A6812F4802F0DD01B6813F4002F41
:1023440004D1236C9BB12046984710E0A36C73B171
:10235400204698470BE01A6812F4807F03D11A686C
:1023640022F008021A60236C0BB120469847E26DF4
:1023740020239340334255D02268126812F0100F84
:1023840050D0BB6094F83530DBB2052B0ED02368F7
:102394001A6812F4802F33D01B6813F4002F2AD14B
:1023A400636C002B3ED0204698473BE022681368BC
:1023B40023F0160313602268536923F080035361EA
:1023C400236CA3B12268136823F008031360E26D41
:1023D4003F239340BB60012384F83530002384F805
:1023E4003430236D002B3FD0204698473CE0A36C4B
:1023F400002BE7D1EBE7E36BA3B12046984711E04C
:102404001A6812F4807F09D11A6822F010021A6047
:10241400012384F83530002384F83430E36B0BB1A6
:1024240020469847636DFBB1636D13F0010F17D01D
:10243400052384F835302268136823F00103136000
:10244400019B01330193AB4204D823681B6813F04A
:10245400010FF5D1012384F83530002384F834309A
:10246400E36C0BB12046984703B0F0BD5800002040
:10247400B5814E1B002807DB00F01F024009012331
:102484009340024A42F82030704700BF00E100E068
:10249400002808DB0901C9B200F1604000F5614081
:1024A40080F80013704700F00F000901C9B2014B16
:1024B4001954704714ED00E000B500F00700C0F1B6
:1024C400070CBCF1040F28BF4FF0040C031D062BAE
:1024D4000FD9C31E4FF0FF3E0EFA0CF021EA0001A3
:1024E40099400EFA03FE22EA0E0241EA02005DF868
:1024F40004FB0023EEE70000074AD36823F4E063FB
:102504001B041B0C000200F4E060034343F0BF63B0
:1025140043F40033D360704700ED00E010B5044687
:10252400054BD868C0F30220FFF7C6FF01462046DA
:10253400FFF7AEFF10BD00BF00ED00E008B5FFF7E8
:1025440099FF08BD0138B0F1807F0BD24FF0E02332
:102554005861054AF02182F823100020986107226F
:102564001A6170470120704700ED00E010B5044681
:102574000E4B1A784FF47A73B3FBF2F30C4A1068DB
:10258400B0FBF3F0FFF7DEFF68B90F2C01D901208F
:102594000AE0002221464FF0FF30FFF7BFFF054B52
:1025A4001C60002000E0012010BD00BF500000208E
:1025B400580000205400002008B50B4B1A6842F460
:1025C40000721A601A6842F480621A601A6842F44F
:1025D40080721A600320FFF78FFF0F20FFF7C6FFFA
:1025E400FEF7BAFB002008BD003C0240034A116814
:1025F400034B1B780B441360704700BF700100202D
:1026040050000020014B1868704700BF7001002083
:10261400034AD2F8883043F47003C2F88830704714
:1026240000ED00E0DFF834D0FFF7F2FF0C480D496D
:102634000D4A002302E0D458C4500433C4188C4219
:10264400F9D30A4A0A4C002301E013600432A2427F
:10265400FBD300F019F8FEF79BF970470000022045
:10266400000000205C0000200CD103085C00002066
:1026740074010020FEE702440346934200D17047F0
:1026840003F8011BF9E7000070B50D4D0D4C641BF8
:10269400A4100026A64209D10B4D0C4C00F018F8EA
:1026A400641BA4100026A64205D170BD55F8043B56
:1026B40098470136EEE755F8043B98470136F2E7B0
:1026C40004D1030804D1030804D1030808D1030882
:1026D400F8B500BFF8BC08BC9E467047F8B500BF0B
:0826E400F8BC08BC9E467047DB
:1026EC0053696E650000000057617665666F726D08
:1026FC003A2053696E65000057617665666F726D9E
:10270C003A20536177746F6F746800005761766577
:10271C00666F726D3A20547269616E67756C617286
:10272C000000000057617665666F726D3A20447246
:10273C00756D000057617665666F726D3A2047754E
:10274C00697461720000000057617665666F726D86
:10275C003A205069616E6F00C8000000C80000008C
:10276C00C8000000C8000000C8000000C70000003E
:10277C00C7000000C7000000C7000000C800000030
:10278C00C7000000C8000000C8000000C80000001E
:10279C00B5000000F7000000050100002C0100004E
:1027AC006701000087000000D8000000F000000066
:1027BC00FB0000004701000061000000C7000000A2
:1027CC00CC000000DB0000000001000061000000F4
:1027DC00BC000000BD000000C2000000D9000000D9
:1027EC0064000000AD000000A5000000A90000007E
:1027FC00AA00000074000000A40000009C0000006F
:10280C009E0000009E000000940000009A00000052
:10281C00930000009600000099000000B200000038
:10282C0096000000950000009F000000A200000030
:10283C00D00000008F00000099000000A6000000EE
:10284C00B1000000E300000092000000A7000000AF
:10285C00B8000000C5000000F90000009300000063
:10286C00BA000000C5000000D9000000FF00000005
:10287C009F000000CE000000D6000000E700000022
:10288C0001010000AB000000D9000000DA000000DC
:10289C00EE000000F6000000B7000000DE000000B3
:1028AC00E0000000F2000000EE000000C400000098
:1028BC00DE000000DD000000EC000000DF00000086
:1028CC00CF000000DE000000D6000000D9000000A0
:1028DC00CE000000D3000000CF000000CC000000B0
:1028EC00CD000000C8000000DC000000C6000000A5
:1028FC00C8000000C6000000C7000000E700000090
:10290C00B9000000C2000000BF000000CA000000B7
:10291C00EA000000B0000000C1000000BD00000093
:10292C00CC000000E6000000A8000000BC00000085
:10293C00BD000000CF000000DC000000A60000007D
:10294C00BC000000BF000000CF000000D20000005F
:10295C00A8000000BE000000C2000000CE00000075
:10296C00CA000000AF000000BF000000C60000005D
:10297C00CA000000C3000000B8000000C100000045
:10298C00C7000000C8000000BF000000C30000002A
:10299C00C3000000CB000000C6000000C200000015
:1029AC00CE000000C3000000CB000000C6000000F9
:1029BC00C9000000D7000000C2000000C9000000E0
:1029CC00C6000000CE000000D9000000C0000000CE
:1029DC00C9000000C7000000D0000000DA000000B1
:1029EC00BE000000CA000000C8000000D1000000BA
:1029FC00D7000000BB000000C9000000C8000000A8
:102A0C00D0000000D4000000BB000000CA00000091
:102A1C00CA000000D0000000D0000000BC00000084
:102A2C00C7000000C8000000CD000000CC00000072
:102A3C00C0000000C5000000CA000000CC0000006F
:102A4C00C9000000C2000000C2000000C800000065
:102A5C00C9000000C6000000C4000000C200000055
:102A6C00C8000000C9000000C9000000C700000039
:102A7C00C0000000C6000000C7000000CB00000032
:102A8C00CB000000C0000000C7000000C600000022
:102A9C00CA000000CB000000BF000000C70000000F
:102AAC00C6000000CA000000CB000000C1000000FE
:102ABC00C9000000C7000000CC000000CB000000E3
:102ACC00C3000000C8000000C8000000CB000000DC
:102ADC00CA000000C4000000C8000000C8000000CC
:102AEC00CC000000CA000000C7000000C9000000B4
:102AFC00C8000000CD000000CA000000C8000000A3
:102B0C00C9000000C8000000CC000000CA00000092
:102B1C00CB000000C9000000C8000000C900000084
:102B2C00C9000000CB000000C8000000C700000076
:102B3C00C6000000C9000000CB000000C700000068
:102B4C00C7000000C5000000CB000000CB00000057
:102B5C00C6000000C6000000C6000000CB0000004C
:102B6C00C9000000C7000000C6000000C90000003A
:102B7C00CA000000C8000000C6000000C50000002C
:102B8C00C9000000C9000000C7000000C700000019
:102B9C00C4000000C8000000C8000000C60000000F
:102BAC00C7000000C5000000C8000000C6000000FF
:102BBC00C4000000C7000000C5000000C8000000F1
:102BCC00C5000000C5000000C8000000C6000000E1
:102BDC00C8000000C4000000C5000000C8000000D0
:102BEC00C6000000C7000000C4000000C5000000C3
:102BFC00C8000000C7000000C6000000C4000000B0
:102C0C00C6000000C8000000C7000000C70000009C
:102C1C00C6000000C8000000C7000000C70000008C
:102C2C00C8000000C7000000C8000000C70000007A
:102C3C00C8000000C8000000C9000000CA00000065
:102C4C00C9000000C8000000C8000000C900000056
:102C5C00CA000000CA000000C9000000C900000042
:102C6C00C9000000C9000000CB000000C700000034
:102C7C00CD000000D3000000D0000000D400000004
:102C8C00DD000000CB000000CF000000D2000000EF
:102C9C00D3000000DB000000C3000000CD000000EA
:102CAC00CF000000D2000000D6000000C2000000DF
:102CBC00CC000000D0000000D0000000D2000000CA
:102CCC00BC000000C9000000CC000000CD000000DA
:102CDC00CB000000BC000000C7000000CA000000D0
:102CEC00C8000000C6000000BB000000C5000000CA
:102CFC00C6000000C4000000C2000000BE000000BE
:102D0C00C5000000C5000000C3000000C1000000A9
:102D1C00C2000000C2000000C2000000C0000000A1
:102D2C00C0000000C4000000C0000000C100000092
:102D3C00C1000000C3000000C7000000BF0000007D
:102D4C00C0000000C1000000C5000000CA00000067
:102D5C00C1000000C2000000C4000000C900000057
:102D6C00CD000000C1000000C4000000C70000003E
:102D7C00CB000000CD000000C2000000C600000027
:102D8C00CA000000CD000000CF000000C30000000E
:102D9C00C8000000CC000000CE000000CF000000F6
:102DAC00C5000000CA000000CC000000CC000000F0
:102DBC00CC000000C6000000C8000000CA000000E3
:102DCC00C8000000C8000000C7000000C7000000D9
:102DDC00CA000000C8000000C8000000C9000000C4
:102DEC00C6000000C8000000C7000000C7000000BB
:102DFC00CA000000C6000000C7000000C7000000A9
:102E0C00C7000000CA000000C4000000C70000009A
:102E1C00C6000000C7000000CA000000C30000008C
:102E2C00C8000000C7000000C8000000CA00000075
:102E3C00C3000000C8000000C7000000C90000006B
:102E4C00C9000000C3000000C8000000C70000005B
:102E5C00C9000000C9000000C4000000C800000048
:102E6C00C7000000C7000000C7000000C50000003C
:102E7C00C9000000C7000000C7000000C600000029
:102E8C00C6000000C9000000C7000000C700000019
:102E9C00C6000000C7000000C7000000C70000000B
:102EAC00C6000000C6000000C8000000C6000000FC
:102EBC00C6000000C6000000C7000000C9000000EA
:102ECC00C6000000C8000000C8000000C8000000D8
:102EDC00CA000000C6000000C9000000C8000000C5
:102EEC00AF000000AF000000C5000000AD00000006
:102EFC001301000087000000E90000009C000000A6
:102F0C00EB0000000C010000D7000000AF00000037
:102F1C008F000000B9000000B60000000D01000099
:102F2C00C2000000F6000000B4000000AC0000007D
:102F3C00D9000000A8000000DA000000B800000072
:102F4C00DD000000CD000000E7000000AF00000035
:102F5C00C8000000B4000000A9000000E700000059
:102F6C00B2000000FA000000C7000000CC00000016
:102F7C00B0000000A7000000B7000000CB0000006C
:102F8C00EA000000C7000000E80000009C00000000
:102F9C00D1000000BB000000BF000000D200000008
:102FAC00AB000000D8000000D3000000EC000000D3
:102FBC00C4000000BC0000008F000000C000000036
:102FCC00DF000000E0000000F1000000A5000000A0
:102FDC00C1000000B6000000D2000000D0000000CC
:102FEC00C3000000B5000000C9000000E7000000AD
:102FFC00DA000000DC00000093000000AE000000CE
:10300C00BB000000E2000000FA000000CF0000004E
:10301C00BA000000AA000000C3000000C1000000BC
:10302C00D1000000B9000000D5000000D90000005C
:10303C00CF000000DA000000AD000000B600000078
:10304C00B7000000CA000000D8000000DB00000040
:10305C00C4000000C8000000C3000000B90000005C
:10306C00D1000000B2000000CD000000CB00000039
:10307C00D3000000D7000000C0000000B600000024
:10308C00B6000000C5000000CD000000E00000000C
:10309C00C3000000CB000000C2000000BE00000016
:1030AC00CC000000B8000000C5000000CC000000FF
:1030BC00D4000000D6000000CF000000B4000000D7
:1030CC00BC000000BF000000C5000000DC000000D8
:1030DC00C8000000D0000000CA000000C1000000C1
:1030EC00C9000000C1000000BC000000CA000000C4
:1030FC00CD000000D2000000D6000000BF00000090
:10310C00C2000000BE000000BF000000CE000000A6
:10311C00CC000000CC000000D1000000C500000075
:10312C00C7000000C6000000B7000000C800000087
:10313C00C6000000CF000000D6000000C600000052
:10314C00C1000000C2000000BE000000C60000006C
:10315C00C9000000D6000000D7000000CB00000022
:10316C00E4000000CF000000CE000000D6000000FC
:10317C00D000000007010000BC000000CF000000E0
:10318C00D6000000D800000009010000B9000000C2
:10319C00CC000000DE000000DB000000100100008D
:1031AC00B2000000C9000000DE000000D5000000E5
:1031BC00FC000000A8000000C6000000DF000000BA
:1031CC00D4000000F4000000AA000000C6000000BB
:1031DC00D4000000CD000000D0000000AF000000C3
:1031EC00BF000000D1000000CD000000C8000000AE
:1031FC00C4000000B7000000C7000000BF000000C2
:10320C00B9000000C8000000B5000000C2000000BA
:10321C00C1000000BE000000D2000000B1000000A0
:10322C00B4000000BA000000BA000000D600000094
:10323C00B0000000B7000000C2000000BF0000009A
:10324C00DE000000A9000000B7000000C000000074
:10325C00C0000000E1000000A9000000C300000055
:10326C00C8000000C8000000E2000000AE00000032
:10327C00C6000000C9000000CE000000DB0000000A
:10328C00BB000000C8000000CF000000CF00000011
:10329C00D3000000C5000000C8000000D5000000ED
:1032AC00D0000000D4000000CD000000C9000000D8
:1032BC00D1000000CC000000CF000000D5000000C1
:1032CC00CF000000CE000000CB000000CC000000BE
:1032DC00DA000000C5000000C9000000C6000000B4
:1032EC00C9000000E2000000BF000000C8000000A0
:1032FC00C1000000C5000000E1000000B6000000A5
:10330C00C4000000BF000000C6000000DB0000008D
:10331C00B4000000BF000000BE000000C4000000AC
:10332C00D0000000B6000000BD000000C500000089
:10333C00C5000000CD000000B9000000BA0000007C
:10334C00C4000000BE000000C7000000BB0000006D
:10335C00C2000000C9000000C2000000C50000004F
:10336C00BD000000C2000000C5000000C20000004B
:10337C00C4000000C7000000C8000000CB00000023
:10338C00C3000000C3000000CE000000C30000001A
:10339C00CC000000C2000000C7000000D8000000F4
:1033AC00C7000000CD000000C3000000C8000000F2
:1033BC00DA000000C5000000C8000000C8000000D2
:1033CC00CA000000D9000000C3000000D5000000B6
:1033DC00C6000000CD000000C1000000D3000000BA
:1033EC00B7000000F3000000B8000000EB00000084
:1033FC00A4000000D7000000BD000000E3000000A6
:10340C00C0000000D1000000C7000000D600000082
:10341C00D2000000BF000000C7000000BD0000008B
:10342C00D6000000C3000000DC000000BC0000005F
:10343C00D7000000BB000000D2000000B400000068
:10344C00D8000000BA000000E2000000B10000004B
:10345C00D9000000BC000000D4000000B80000003F
:10346C00CA000000BE000000D5000000C40000002F
:10347C00C7000000CA000000BA000000D90000001C
:10348C00AE000000D6000000B7000000DC00000019
:10349C00BC000000D1000000A9000000D900000011
:1034AC00B4000000DE000000AF000000D0000000FF
:1034BC00BE000000D8000000BF000000C9000000E2
:1034CC00B7000000CD000000C3000000CD000000DC
:1034DC00C7000000C3000000CE000000BC000000CC
:1034EC00CE000000B9000000D7000000B9000000B9
:1034FC00D6000000B5000000D4000000C20000009F
:10350C00C9000000C4000000C3000000CE00000091
:10351C00C7000000CA000000C3000000C700000084
:10352C00C9000000CA000000BF000000AD00000090
:10353C00C9000000A90000001A010000960000005C
:10354C00E8000000E1000000EA000000CD000000EF
:10355C0098000000B6000000A6000000F300000078
:10356C0096000000E2000000E8000000D900000016
:10357C00F1000000A0000000B9000000A70000004E
:10358C00D900000098000000D8000000E500000001
:10359C00DB000000F90000009F000000B8000000F4
:1035AC00A7000000C9000000A5000000D500000025
:1035BC00DF000000E1000000F6000000A1000000A8
:1035CC00B6000000AC000000BC000000B50000001C
:1035DC00D3000000DE000000E4000000F500000055
:1035EC009D000000B9000000AD000000BD0000000F
:1035FC00C9000000CC000000E1000000DA0000006F
:10360C00F0000000A0000000BA000000B0000000B4
:10361C00BC000000D9000000CB000000DE00000060
:10362C00DC000000DC000000A9000000BD00000070
:10363C00A2000000AA000000C7000000BC000000AF
:10364C00E0000000E6000000F5000000C4000000EF
:10365C00C6000000AB000000A7000000C80000007E
:10366C00AA000000D7000000E1000000EA00000002
:10367C00D3000000CE000000B5000000B90000002F
:10368C00BC0000009F000000D0000000D40000002F
:10369C00F4000000E0000000D3000000C1000000B6
:1036AC00B2000000C500000093000000C90000003B
:1036BC00CD000000E3000000F9000000D200000083
:1036CC00C9000000BB000000B30000009D0000001A
:1036DC00BC000000C4000000E7000000F700000080
:1036EC00D6000000CF000000B6000000B2000000C1
:1036FC009F000000BD000000C4000000E4000000BA
:10370C00F7000000D6000000CE000000B70000005B
:10371C00AA000000A3000000B9000000C5000000D2
:10372C00E6000000F1000000D2000000D100000013
:10373C00B8000000B0000000A8000000B6000000B7
:10374C00C5000000DF000000F6000000C80000000B
:10375C00D6000000B6000000B2000000B800000067
:10376C00B1000000C4000000D7000000DB00000026
:10377C00C4000000C7000000BC000000C300000033
:10378C00CD000000C3000000C4000000CE0000000B
:10379C00D1000000C2000000CB000000BB00000004
:1037AC00C8000000D0000000C1000000C8000000EC
:1037BC00C4000000CD000000C4000000CB000000DD
:1037CC00C4000000CE000000CE000000C2000000CB
:1037DC00C5000000C4000000CC000000C4000000C4
:1037EC00CB000000C7000000CF000000D600000096
:1037FC00BE000000C2000000BE000000C6000000B9
:10380C00CB000000C7000000C8000000CF00000083
:10381C00D5000000C3000000C0000000BD00000087
:10382C00C6000000CA000000CD000000C30000006C
:10383C00CF000000CE000000C2000000C500000058
:10384C00BA000000C8000000CB000000CA00000055
:10385C00CA000000C8000000CC000000C30000003B
:10386C00C6000000C4000000C4000000CC00000032
:10387C00C5000000CB000000C8000000CA0000001A
:10388C00C1000000C4000000C5000000C70000001B
:10389C00CD000000C6000000C4000000960000002F
:1038AC009A000000D800000014010000C4000000C1
:1038BC00A200000088000000B2000000E40000003C
:1038CC00EA000000DD000000A7000000AF000000CF
:1038DC00B1000000F500000001010000F70000003D
:1038EC0093000000A9000000D70000002F01000089
:1038FC00E4000000D2000000B0000000EB0000006B
:10390C00C1000000F9000000FC000000FC000000F9
:10391C0097000000C5000000F40000003301000017
:10392C00BF000000B5000000C10000000101000054
:10393C00CA000000ED000000F4000000E6000000EA
:10394C008E000000C1000000F9000000150100000D
:10395C00A5000000B2000000CA000000F200000048
:10396C00B6000000D7000000CE000000C30000002D
:10397C008B000000CF000000ED000000EA0000000A
:10398C008D000000A6000000BF000000D900000060
:10399C00B3000000C8000000BB000000B400000031
:1039AC0099000000D2000000D4000000C700000005
:1039BC0093000000B0000000C0000000D400000024
:1039CC00B9000000BC000000AD000000AD0000001C
:1039DC00BB000000D4000000C7000000B8000000CD
:1039EC00B4000000BB000000C0000000C3000000D9
:1039FC00CB000000C2000000BC000000C3000000AF
:103A0C00D5000000C3000000B8000000C00000009A
:103A1C00D2000000C8000000D9000000CD0000005A
:103A2C00E3000000BD000000BD000000C20000006B
:103A3C00DE000000C5000000CE000000DB0000002E
:103A4C00DD000000BF000000CD000000CC00000035
:103A5C00DF000000AF000000CA000000DC00000026
:103A6C00F1000000B2000000C9000000CA00000014
:103A7C00DA000000B6000000CB000000D20000000D
:103A8C00E2000000B8000000C6000000D3000000F7
:103A9C00D9000000B1000000D1000000C5000000FA
:103AAC00D7000000B6000000D1000000C6000000E6
:103ABC00CB000000AA000000D0000000D4000000E1
:103ACC00C9000000B3000000C4000000C7000000E3
:103ADC00C9000000B9000000CF000000C8000000C1
:103AEC00C8000000B1000000CD000000C9000000BB
:103AFC00CA000000B7000000C3000000CD000000A9
:103B0C00D0000000C7000000BF000000B60000009D
:103B1C00C0000000C1000000D7000000CD00000074
:103B2C00CC000000C5000000C6000000C100000071
:103B3C00C6000000C1000000C1000000C800000069
:103B4C00CD000000D7000000CD000000C400000034
:103B5C00BF000000C5000000C0000000CA0000004B
:103B6C00D2000000CA000000C9000000C80000001C
:103B7C00D1000000CB000000BB000000BF00000023
:103B8C00C6000000D2000000C3000000CE00000000
:103B9C00C9000000CE000000C0000000C3000000FF
:103BAC00C7000000C9000000C1000000C5000000F3
:103BBC00CC000000D2000000C3000000C6000000D2
:103BCC00C1000000C5000000BE000000C9000000DC
:103BDC00C6000000CF000000C1000000C8000000BB
:103BEC00C9000000C8000000C1000000C2000000B5
:103BFC00C3000000C3000000C6000000C8000000A5
:103C0C00CD000000CA000000BD000000C60000008E
:103C1C00BF000000C9000000C1000000C40000008B
:103C2C00C5000000CD000000CA000000C700000065
:103C3C00C4000000C3000000C2000000C20000006D
:103C4C00C6000000CE000000C9000000C800000043
:103C5C00C4000000C6000000C5000000C800000041
:103C6C00C4000000CA000000C8000000C900000029
:103C7C00CB000000C6000000C8000000C40000001B
:103C8C00CC000000CB000000CC000000C9000000FC
:103C9C00C8000000CB000000C6000000C9000000F6
:103CAC00CD000000CA000000C8000000CB000000DE
:103CBC00CC000000C9000000C8000000C4000000D7
:103CCC00C9000000CD000000CA000000CD000000BB
:103CDC00CC000000C6000000C4000000C9000000B9
:103CEC00C8000000CA000000C9000000C9000000A4
:103CFC00CB000000C9000000C6000000C800000096
:103D0C00C8000000C5000000CA000000C800000088
:103D1C00CA000000CA000000C7000000C600000076
:103D2C00C6000000C7000000C7000000C90000006A
:103D3C00C9000000CA000000CA000000C300000057
:103D4C00C5000000C7000000CA000000CC00000045
:103D5C00C8000000C8000000C7000000C800000038
:103D6C00C6000000C8000000C8000000C800000029
:103D7C00C7000000C9000000C9000000B40000002A
:103D8C00C2000000C8000000CE000000BA00000015
:103D9C00B7000000BF000000CD000000C200000012
:103DAC00C5000000BE000000BD000000BD0000000A
:103DBC00C9000000C9000000C9000000BC000000E0
:103DCC00BF000000C5000000CC000000CB000000CC
:103DDC00C6000000BF000000C0000000C8000000CA
:103DEC00CD000000CE000000C9000000C60000009D
:103DFC00C4000000CB000000CC000000D10000008B
:103E0C00C7000000C5000000CB000000D10000007E
:103E1C00CC000000CA000000C8000000CB0000006D
:103E2C00C6000000CC000000CF000000D300000052
:103E3C00C4000000C4000000CB000000D50000004E
:103E4C00C8000000C7000000C5000000CA00000048
:103E5C00C9000000CC000000CB000000CC0000002A
:103E6C00BD000000C8000000CD000000CF00000025
:103E7C00C2000000C4000000C4000000CC00000020
:103E8C00C5000000C9000000C6000000C70000000B
:103E9C00BE000000C9000000CB000000CB000000F9
:103EAC00C1000000C2000000C5000000CA000000F4
:103EBC00C3000000CA000000C7000000C8000000DA
:103ECC00C3000000C7000000C8000000C8000000CC
:103EDC00C5000000C7000000C7000000C8000000BB
:103EEC00C6000000CA000000C9000000C6000000A7
:103EFC00C3000000C8000000C8000000CA00000099
:103F0C00C5000000C7000000CA000000CA00000085
:103F1C00C6000000C6000000C7000000C80000007A
:103F2C00C9000000C8000000CA000000CA00000060
:103F3C00C9000000C6000000C8000000CA00000054
:103F4C00C9000000C6000000C7000000C900000046
:103F5C00CC000000C7000000C9000000C800000031
:103F6C00CA000000C8000000CA000000CA0000001F
:103F7C00C9000000C6000000C8000000C900000015
:103F8C00CC000000C7000000C9000000C800000001
:103F9C00C8000000C6000000C9000000CA000000F4
:103FAC00CA000000C6000000C8000000C7000000E6
:103FBC00CB000000C6000000C8000000C6000000D6
:103FCC00C7000000C9000000C8000000C6000000C7
:103FDC00C7000000C6000000C8000000C7000000B9
:103FEC00C8000000C6000000C8000000C5000000AA
:103FFC00C6000000C8000000C8000000C50000009A
:10400C00C8000000C7000000C9000000C500000087
:10401C00C7000000C6000000C8000000C600000079
:10402C00C8000000C8000000C8000000C400000068
:10403C00C9000000C7000000C8000000C600000056
:10404C00C7000000C9000000C7000000C700000046
:10405C00C8000000C9000000C7000000C700000035
:10406C00C8000000C9000000C6000000C700000026
:10407C00C7000000C9000000C5000000C800000017
:10408C00CA000000C8000000C6000000C600000006
:10409C00C8000000C9000000C6000000C8000000F5
:1040AC00C7000000C9000000C6000000C9000000E5
:1040BC00C9000000C8000000C5000000C5000000D9
:1040CC00C8000000C9000000C7000000C8000000C4
:1040DC00C8000000C7000000C6000000C8000000B7
:1040EC00C9000000C4000000C5000000C8000000AA
:1040FC00CA000000C9000000C5000000C700000095
:10410C00C7000000C6000000C7000000C800000087
:10411C00C9000000C5000000C6000000C800000077
:10412C00C8000000C6000000C4000000C800000069
:10413C00C9000000C7000000C7000000C700000055
:10414C00C7000000C6000000C7000000C800000047
:10415C00C7000000C7000000C4000000C900000038
:10416C00C9000000C8000000C7000000C600000025
:10417C00C7000000C7000000C9000000C400000018
:10418C00C6000000C9000000C8000000C900000003
:10419C00C6000000C6000000C8000000C6000000F9
:1041AC00C4000000C8000000CA000000C8000000E5
:1041BC00C9000000C5000000C7000000C6000000D8
:1041CC00C7000000C5000000C8000000C8000000C7
:1041DC00C9000000CB000000C5000000C7000000B3
:1041EC00C6000000C8000000C7000000C8000000A6
:1041FC00CA000000C9000000CA000000C500000091
:10420C00C6000000C7000000C7000000C800000086
:10421C00C8000000C8000000CA000000C90000006F
:10422C00C6000000C7000000C7000000C700000067
:10423C00C8000000C9000000C8000000C900000050
:10424C00C8000000C6000000C8000000C600000046
:10425C00C7000000C9000000C6000000C800000034
:10426C00F3000000EF000000C40000009F000000FD
:10427C00A4000000D8000000F0000000DF000000E7
:10428C00B30000009F000000B4000000DE0000003E
:10429C00F2000000D2000000AA000000A100000003
:1042AC00BF000000E8000000E8000000C7000000AC
:1042BC00A7000000AA000000CC000000EB000000EA
:1042CC00E0000000B9000000A3000000B4000000F2
:1042DC00DA000000EB000000D5000000B600000082
:1042EC00A8000000BB000000DB000000E3000000A1
:1042FC00CE000000B1000000B0000000C8000000BB
:10430C00E0000000DD000000C3000000AE00000073
:10431C00B2000000CD000000E0000000D900000059
:10432C00C2000000B1000000BC000000D200000080
:10433C00DC000000D0000000BB000000B400000056
:10434C00C3000000D6000000DB000000CC00000021
:10435C00BA000000B7000000C6000000D400000046
:10436C00D5000000C9000000BA000000BE0000002B
:10437C00CC000000D5000000D1000000C2000000FD
:10438C00BA000000C1000000CE000000D300000005
:10439C00CF000000C5000000C4000000C5000000F4
:1043AC00C5000000C8000000CA000000CA000000E0
:1043BC00C8000000C6000000C6000000C7000000D6
:1043CC00CA000000C9000000C7000000C5000000C2
:1043DC00C7000000C8000000C9000000C8000000B1
:1043EC00C7000000C7000000C6000000C8000000A5
:1043FC00C8000000C8000000C6000000C900000092
:10440C00C8000000C7000000C7000000C800000082
:10441C00C9000000C7000000C7000000C700000072
:10442C00C8000000C7000000C8000000C900000060
:10443C00C6000000C5000000C6000000C900000056
:10444C00C9000000C8000000C7000000C700000041
:10445C00C7000000C8000000C9000000CA0000002E
:10446C00C6000000C5000000C7000000C900000025
:10447C00C9000000C9000000C7000000C600000011
:10448C00C6000000C9000000CA000000C9000000FE
:10449C00C6000000C6000000C7000000C7000000F6
:1044AC00C9000000C8000000C7000000C6000000E2
:1044BC00C7000000CA000000C9000000C8000000CE
:1044CC00C6000000C6000000C60000008C00000002
:1044DC00DF000000D2000000EF00000054000000DC
:1044EC009E000000D7000000140100007F000000B7
:1044FC0095000000A1000000D30000008E00000019
:10450C00CC000000C4000000B600000066000000F3
:10451C00AB000000D6000000D200000084000000B8
:10452C0097000000AF000000C6000000AE000000C5
:10453C00C0000000B6000000A000000099000000C0
:10454C00C5000000DF000000C2000000A200000057
:10455C00A6000000C9000000CF000000D40000003D
:10456C00C2000000BE000000B0000000D50000003A
:10457C00D6000000E4000000BE000000C7000000F0
:10458C00BE000000E0000000E1000000EB000000B5
:10459C00BD000000C5000000C7000000F8000000CE
:1045AC00DA000000DC000000BE000000E0000000AB
:1045BC00C8000000E7000000DE000000EA00000078
:1045CC00B2000000C9000000D7000000FF0000008E
:1045DC00C8000000C6000000BF000000E40000009E
:1045EC00C5000000DD000000D3000000D800000072
:1045FC00AA000000CA000000D5000000EA0000007C
:10460C00B2000000BC000000BD000000DA00000099
:10461C00BE000000CD000000C1000000C60000007C
:10462C00A9000000CA000000D0000000D400000067
:10463C00A7000000B9000000BE000000D20000007E
:10464C00B9000000C8000000BA000000C000000063
:10465C00AF000000CD000000C9000000C600000043
:10466C00AC000000BE000000C4000000CE00000042
:10467C00BF000000C3000000BA000000BD00000035
:10468C00C1000000D0000000C8000000C100000004
:10469C00BE000000C6000000C6000000CC000000F8
:1046AC00CD000000C5000000BA000000C5000000ED
:1046BC00D5000000CF000000C2000000C3000000C5
:1046CC00CE000000CA000000C8000000CE000000B0
:1046DC00D5000000C3000000BF000000CE000000A9
:1046EC00DC000000C7000000C2000000C900000090
:1046FC00D7000000C6000000C9000000CE0000007A
:10470C00D1000000BF000000C8000000D000000075
:10471C00D3000000BE000000C5000000CB0000006C
:10472C00CF000000C1000000CA000000C80000005B
:10473C00C9000000BE000000CA000000D700000045
:10474C00B000000009010000D90000009D0000002D
:10475C007B00000014010000F4000000A300000026
:10476C0064000000D9000000D7000000B300000076
:10477C009E000000CF000000B50000007F0000008C
:10478C00AB000000DC000000D50000006F00000052
:10479C009D000000AD000000E90000009400000046
:1047AC00BF00000092000000BE0000008900000065
:1047BC00E1000000BE000000CE0000008000000000
:1047CC00BD000000BB000000E2000000B5000000CE
:1047DC00C1000000A8000000BB000000CF000000DA
:1047EC00DC000000CD000000AF000000C3000000A2
:1047FC00C4000000E2000000D2000000E60000004F
:10480C00B4000000C5000000C00000000201000060
:10481C00D6000000D1000000AD000000E800000050
:10482C00D4000000E3000000D4000000E50000000C
:10483C00BE000000BF000000E2000000FF0000000E
:10484C00DB000000AA000000CD000000E400000026
:10485C00E7000000C4000000E1000000CE000000F2
:10486C00C6000000B5000000F1000000E7000000E9
:10487C00C6000000A3000000CD000000E500000011
:10488C00CE000000BE000000C8000000CB000000FD
:10489C00B7000000C4000000DA000000D4000000E3
:1048AC00AA000000AF000000CC000000D9000000FE
:1048BC00BE000000B8000000BF000000C1000000F6
:1048CC00B9000000C4000000CD000000BF000000D3
:1048DC00AE000000B9000000CD000000CC000000CC
:1048EC00BF000000B6000000BD000000BE000000CC
:1048FC00C8000000C8000000C6000000B70000009F
:10490C00C0000000C2000000CD000000C400000088
:10491C00C8000000BB000000C3000000C200000083
:10492C00D9000000C6000000C3000000B900000060
:10493C00D4000000C9000000CD000000C100000040
:10494C00D7000000BF000000C9000000C800000034
:10495C00E1000000C1000000C6000000C40000001F
:10496C00DF000000C7000000CC000000C800000001
:10497C00D5000000BF000000CC000000D0000000FB
:10498C00D9000000BE000000C4000000CD000000F3
:10499C00D7000000C2000000C7000000CB000000E0
:1049AC00CE000000BF000000CB000000B7000000EC
:1049BC00C5000000D9000000940000009500000024
:1049CC00A300000008010000D1000000C20000009C
:1049DC00FF000000AE000000CF000000A5000000AA
:1049EC00BA000000C8000000CB000000E900000085
:1049FC00A4000000E0000000E30000008A000000BA
:104A0C00C1000000CE000000EB000000960000008A
:104A1C00BF000000F700000090000000B50000008F
:104A2C00DB000000E6000000B6000000AF00000054
:104A3C00FA000000A0000000A1000000C10000006E
:104A4C00C5000000DE000000C6000000FA000000F7
:104A5C00C1000000AF000000B50000009000000095
:104A6C00D3000000D0000000D9000000E5000000D9
:104A7C00D7000000DF00000083000000B900000038
:104A8C00C1000000A7000000CB000000F1000000F6
:104A9C0007010000B8000000BC000000D8000000B6
:104AAC0090000000A8000000C8000000FB000000FF
:104ABC00D7000000CF000000F6000000BE00000090
:104ACC00AE000000AC000000B7000000D9000000F0
:104ADC00C9000000ED000000D9000000DD0000005E
:104AEC00C50000009C000000CD000000D6000000B6
:104AFC00CC000000C3000000D6000000E60000005F
:104B0C009D000000C8000000DA000000CA00000090
:104B1C00B7000000CE000000EE000000BA0000005C
:104B2C00B4000000DA000000BF000000C600000066
:104B3C00BA000000E3000000C7000000BE00000047
:104B4C00C6000000BC000000CA000000C800000045
:104B5C00C2000000D4000000C6000000CF0000001E
:104B6C00AF000000CE000000CA000000B30000003F
:104B7C00C7000000D8000000D6000000B6000000FE
:104B8C00C2000000D9000000B1000000BC00000011
:104B9C00D1000000D8000000C1000000C0000000DF
:104BAC00DB000000BB000000BA000000C9000000E0
:104BBC00CE000000CB000000C2000000D1000000BD
:104BCC00C9000000C3000000C3000000BA000000D0
:104BDC00CE000000CE000000C5000000C90000009F
:104BEC00CD000000CE000000B5000000C7000000A2
:104BFC00D2000000C0000000BF000000CE0000008A
:104C0C00D6000000BC000000BC000000D300000077
:104C1C00C0000000BF000000C8000000FE00000043
:104C2C00B3000000B500000074000000CC000000D0
:104C3C00EB000000F3000000CB0000009D00000022
:104C4C00E9000000BB000000E6000000D0000000FE
:104C5C008D000000B1000000C70000000E01000034
:104C6C00D7000000C9000000BF0000007500000064
:104C7C00BB000000E8000000FA000000C0000000CB
:104C8C00A3000000DF000000AD000000CE0000001B
:104C9C00CD000000AC000000B4000000B900000022
:104CAC0000010000D0000000C4000000B3000000B0
:104CBC0090000000C5000000DA000000ED000000CC
:104CCC00C3000000AE000000CA000000A2000000FB
:104CDC00DA000000D4000000C3000000B4000000A3
:104CEC00B8000000E8000000C2000000CC0000008A
:104CFC00C4000000A6000000BF000000D6000000A9
:104D0C00EF000000C6000000B3000000C800000067
:104D1C00AC000000D5000000D7000000D900000056
:104D2C00BA000000BE000000DC000000CC00000057
:104D3C00C8000000CC000000B2000000CB00000056
:104D4C00CF000000E8000000CB000000C200000013
:104D5C00C5000000B2000000CF000000DA00000027
:104D6C00D1000000C4000000C4000000DC00000002
:104D7C00B7000000C3000000CE000000C900000016
:104D8C00C9000000CC000000DB000000C0000000E7
:104D9C00BB000000CD000000BE000000CF000000F2
:104DAC00CA000000D2000000C3000000C5000000D3
:104DBC00CD000000BD000000C4000000CC000000CD
:104DCC00C2000000CB000000C7000000D7000000AC
:104DDC00BA000000C2000000C7000000BC000000C8
:104DEC00C7000000D2000000D7000000C200000085
:104DFC00BF000000CC000000BB000000C50000009C
:104E0C00CC000000CB000000C7000000C800000070
:104E1C00D2000000BF000000C1000000C70000006D
:104E2C00C0000000C6000000CD000000D100000052
:104E3C00C5000000C2000000CA000000C000000055
:104E4C00C4000000CB000000C9000000C900000035
:104E5C00C7000000CF000000BE000000C200000030
:104E6C00CA000000C2000000C9000000CC00000015
:104E7C00D3000000C3000000BF000000C900000008
:104E8C00C2000000C7000000CD000000DD000000E3
:104E9C0002010000E8000000F60000007B010000A9
:104EAC00C9000000F700000002010000030100002F
:104EBC0074010000A6000000F5000000E7000000EF
:104ECC00EF000000390100009B000000F900000019
:104EDC00EB000000F60000001E0100008100000045
:104EEC00E1000000D7000000D9000000E400000041
:104EFC008A000000E2000000CB000000C9000000A6
:104F0C00C600000090000000C2000000B7000000C6
:104F1C00B8000000A9000000A5000000BD000000C2
:104F2C00B0000000B000000098000000B9000000C4
:104F3C00A6000000AC000000A60000009A000000D3
:104F4C00D3000000A6000000AB000000A30000008E
:104F5C00A7000000E600000099000000B50000006A
:104F6C00AA000000B8000000F2000000A70000003A
:104F7C00BB000000B0000000C9000000FD000000F4
:104F8C00A3000000C6000000C2000000DC0000000E
:104F9C00F5000000A9000000CE000000CE000000CB
:104FAC00DD000000F0000000AF000000DA0000009F
:104FBC00DC000000E1000000E3000000BA0000008B
:104FCC00DB000000D6000000D9000000D400000077
:104FDC00BE000000D1000000D4000000CB00000097
:104FEC00C1000000C8000000D4000000D200000086
:104FFC00C2000000BF000000D9000000C700000084
:10500C00C9000000C2000000C0000000E500000064
:10501C00BF000000C4000000B7000000C200000088
:10502C00E6000000B7000000C1000000B80000005E
:10503C00C5000000E2000000B0000000BF0000004E
:10504C00B4000000C8000000DD000000AD0000004E
:10505C00C6000000C0000000CB000000D100000022
:10506C00AE000000C5000000C3000000CB00000033
:10507C00D1000000B4000000C6000000C300000016
:10508C00C7000000CA000000B8000000C800000003
:10509C00C9000000C8000000CB000000C2000000E6
:1050AC00C8000000CB000000C9000000CA000000CE
:1050BC00CF000000CA000000CA000000C8000000B9
:1050CC00CD000000D5000000C4000000CB000000A3
:1050DC00CC000000D1000000DB000000C800000084
:1050EC00CF000000C7000000CF000000DB00000074
:1050FC00C4000000CC000000C6000000D30000007B
:10510C00D5000000C6000000C8000000CB00000065
:10511C00D3000000CD000000BF000000CB00000059
:10512C00D1000000D0000000CF000000BF00000044
:10513C00BD000000C5000000D1000000D20000003E
:10514C00C5000000C1000000C9000000C200000042
:10515C00C7000000C5000000C3000000C50000002F
:10516C00C5000000CC000000C7000000C10000001A
:10517C00C4000000BA000000C4000000CA00000017
:10518C00CA000000C6000000C1000000BF00000003
:10519C00C1000000C1000000C7000000C2000000F8
:1051AC00C1000000C7000000C7000000C3000000E1
:1051BC00C2000000C1000000C6000000C0000000DA
:1051CC00CA000000CB000000CB000000CA000000A9
:1051DC00C1000000C1000000C6000000CC000000AF
:1051EC00CD000000C5000000C8000000CA0000008F
:1051FC00CB000000CB000000C7000000C400000082
:10520C00C4000000CD000000D2000000CE00000061
:10521C00C9000000C7000000C6000000CA00000062
:10522C00CE000000CC000000C9000000C800000047
:10523C00CA000000CC000000C8000000CA0000003A
:10524C00C5000000C9000000D0000000CD00000027
:10525C00CA000000C6000000C9000000CA0000001F
:10526C00C3000000CA000000C9000000CC00000010
:10527C00CB000000C7000000C8000000C700000001
:10528C00C5000000C6000000C3000000C8000000FC
:10529C00C8000000C8000000C9000000C4000000E5
:1052AC00C3000000C4000000C8000000C7000000DC
:1052BC00C3000000C6000000C8000000C8000000C9
:1052CC00C5000000C8000000C7000000C4000000BA
:1052DC00C6000000C5000000C7000000C6000000AA
:1052EC00C6000000C6000000C6000000C900000097
:1052FC00C4000000C6000000C4000000C60000008E
:10530C00C7000000C7000000C7000000C400000078
:10531C00C8000000C7000000C5000000C600000067
:10532C00C6000000C8000000C9000000C800000052
:10533C00CA000000C6000000C7000000C700000043
:10534C00C8000000C7000000CA000000CA0000002E
:10535C00CA000000C7000000C8000000C800000020
:10536C00C6000000C6000000C9000000CF0000000D
:10537C00CE000000CA000000CF000000D1000000E9
:10538C00CB000000CB000000D1000000D1000000D9
:10539C00D8000000C7000000D2000000CE000000C2
:1053AC00D1000000D8000000CA000000CC000000B2
:1053BC00D2000000D4000000DE000000C10000009C
:1053CC00CB000000CF000000D2000000D100000094
:1053DC00BE000000CE000000D3000000CD00000095
:1053EC00CD000000BD000000CB000000CA00000092
:1053FC00C7000000CA000000C1000000C900000086
:10540C00C9000000C9000000C8000000BC0000007A
:10541C00C4000000C5000000C5000000C200000070
:10542C00C3000000C7000000C5000000C000000061
:10543C00C2000000C4000000C2000000BE0000005A
:10544C00C3000000C4000000CB000000BF0000003F
:10545C00C2000000C2000000C3000000C800000031
:10546C00BD000000C3000000C6000000C500000025
:10547C00CD000000BE000000C4000000C40000000D
:10548C00C7000000CD000000BE000000C9000000F5
:10549C00C8000000C9000000CD000000C1000000E1
:1054AC00C8000000C6000000C9000000CB000000CE
:1054BC00C3000000CA000000C8000000C9000000C2
:1054CC00C8000000C4000000C9000000C8000000B3
:1054DC00C8000000C9000000C9000000CB0000009B
:1054EC00C7000000C8000000C8000000C800000091
:1054FC00C6000000C7000000C8000000C900000082
:10550C00CA000000C8000000C7000000C500000071
:10551C00C7000000CB000000C6000000C700000060
:10552C00C6000000C8000000C9000000C300000055
:10553C00C6000000C5000000C6000000C900000045
:10554C00C3000000C6000000C7000000C600000039
:10555C00C9000000C2000000C6000000C600000028
:10556C00C6000000CA000000C2000000C700000016
:10557C00C7000000C7000000C8000000C300000006
:10558C00C7000000C6000000C7000000C9000000F2
:10559C00C4000000C7000000C5000000C7000000E8
:1055AC00C7000000C7000000C9000000C6000000D2
:1055BC00C8000000C7000000C8000000C7000000C1
:1055CC00C6000000C9000000C8000000CB000000AD
:1055DC00C8000000C7000000C8000000BA000000AE
:1055EC00D900000014010000E8000000B900000020
:1055FC007C00000099000000E1000000E9000000C0
:10560C0024010000AC000000C2000000BC0000003F
:10561C008D000000EF0000009B000000E80000007F
:10562C00E9000000B90000000D010000910000002D
:10563C00CD000000BA00000097000000F000000050
:10564C00A8000000FF000000E9000000B900000005
:10565C00D200000077000000C2000000D300000060
:10566C00DF000000FA000000AB000000C6000000E4
:10567C00C1000000C4000000D3000000A80000001E
:10568C00BA000000D3000000EC000000EB000000AA
:10569C00C2000000A1000000A3000000C600000032
:1056AC00DA000000ED000000C7000000C60000009A
:1056BC00C9000000B3000000D5000000AE000000DF
:1056CC00C4000000D0000000C4000000F600000080
:1056DC00BA000000CB000000B80000009C000000E5
:1056EC00D9000000B5000000EC000000DF00000055
:1056FC00B9000000D400000097000000CA000000B0
:10570C00D1000000C2000000E0000000AD0000006D
:10571C00D3000000CF000000BD000000CF0000004F
:10572C00A7000000C4000000CF000000D200000061
:10573C00E3000000BD000000BF000000BB00000043
:10574C00BF000000D0000000C6000000CD0000002B
:10575C00D0000000D1000000CA000000BF00000013
:10576C00B3000000BF000000CE000000D20000001B
:10577C00DD000000C1000000C5000000C4000000F6
:10578C00BA000000CE000000B8000000CC00000001
:10579C00D6000000CA000000DF000000B5000000C9
:1057AC00BE000000BF000000BC000000E0000000D4
:1057BC00C2000000D3000000CC000000BB000000C1
:1057CC00D5000000B3000000C9000000C7000000B5
:1057DC00C3000000E0000000C0000000D00000008A
:1057EC00C1000000BB000000D1000000BB000000A5
:1057FC00D1000000CC000000CC000000D100000063
:10580C00BC000000C6000000C4000000C90000007D
:10581C00CD000000C9000000C9000000C900000054
:10582C00CB000000C5000000C5000000BF00000058
:10583C00C7000000D4000000CA000000D100000026
:10584C00BF000000C1000000C6000000E70000001F
:10585C00D9000000E0000000BC000000C200000005
:10586C00E9000000D2000000E1000000C4000000CC
:10587C00F7000000CD000000CD000000E4000000A7
:10588C00C50000000C010000C9000000CB000000A6
:10589C00E8000000D400000021010000B40000006A
:1058AC00C6000000E0000000D80000001701000056
:1058BC00AC000000C9000000E0000000E0000000A7
:1058CC000E010000A0000000C4000000D200000087
:1058DC00DC000000F1000000A2000000C700000086
:1058EC00CF000000D7000000DE000000A500000083
:1058FC00C2000000C6000000CD000000C600000081
:10590C00AE000000C3000000BC000000C40000009A
:10591C00B9000000BE000000BB000000B200000097
:10592C00BB000000AD000000CB000000B500000083
:10593C00B0000000B9000000AA000000D800000070
:10594C00AB000000B1000000B9000000AB0000008B
:10595C00DA000000A5000000B7000000BB0000004A
:10596C00B6000000E1000000A6000000BB00000033
:10597C00BD000000BE000000DE000000AC00000016
:10598C00C3000000C5000000C7000000DE000000DE
:10599C00B3000000C8000000C9000000CD000000EA
:1059AC00D9000000BC000000CE000000CF000000B9
:1059BC00D2000000D3000000C8000000D30000009B
:1059CC00D3000000D3000000CC000000D300000086
:1059DC00D0000000D0000000D1000000CD0000007D
:1059EC00E0000000CE000000CF000000CE00000060
:1059FC00CB000000E4000000C9000000CE00000055
:105A0C00CC000000CD000000E4000000C30000004A
:105A1C00C8000000CA000000CD000000E00000003B
:105A2C00BE000000C4000000C9000000CA00000055
:105A3C00DA000000B7000000C1000000C90000003F
:105A4C00C7000000D4000000B8000000C100000036
:105A5C00C7000000C3000000CB000000B90000002C
:105A6C00C2000000C9000000C1000000C20000001C
:105A7C00BD000000C3000000C8000000BC00000016
:105A8C00BE000000C1000000C3000000C800000000
:105A9C00BC000000BB000000C6000000C2000000FB
:105AAC00C7000000BE000000BE000000CB000000DC
:105ABC00C1000000C4000000AF000000E1000000C5
:105ACC00AF000000DE000000B1000000D3000000B9
:105ADC00B1000000CF000000C0000000CB000000AF
:105AEC00D1000000B6000000E4000000AB00000094
:105AFC00DF000000B4000000E5000000AF00000073
:105B0C00E5000000A500000000010000A700000057
:105B1C00F50000009D000000E4000000B300000050
:105B2C00E8000000BF000000E1000000B60000002B
:105B3C00E0000000B8000000D7000000C600000024
:105B4C00C6000000DA000000BE000000DD0000000E
:105B5C00C0000000DF000000B8000000D30000000F
:105B6C00AE000000EA000000B1000000ED000000F3
:105B7C00A5000000E0000000B0000000DB00000009
:105B8C00B6000000D7000000B4000000D9000000EF
:105B9C00B9000000D3000000BE000000C4000000EB
:105BAC00C3000000C1000000CC000000C3000000D6
:105BBC00D0000000BB000000CD000000B1000000D0
:105BCC00D6000000B4000000DC000000B2000000B1
:105BDC00D5000000B8000000D6000000B6000000A0
:105BEC00D4000000B1000000D6000000B800000096
:105BFC00D5000000C6000000CA000000CB00000069
:105C0C00C3000000C4000000CA000000C600000071
:105C1C00D1000000C5000000C8000000CB0000004F
:105C2C00C2000000880000008E000000C1000000CF
:105C3C001101000041010000AB000000E600000073
:105C4C00C0000000CF000000870000009B00000097
:105C5C00C2000000F10000002101000099000000CA
:105C6C00D7000000C2000000C4000000B700000014
:105C7C00A4000000CE000000E700000003010000BB
:105C8C0092000000D1000000C0000000CA0000001B
:105C9C00CF000000A5000000D0000000DB000000D9
:105CAC00ED0000008D000000CE000000C1000000DF
:105CBC00D8000000E90000009E000000C9000000B0
:105CCC00CC000000DA000000A4000000C7000000B7
:105CDC00CA000000DC000000F50000009E0000007F
:105CEC00C5000000C2000000D1000000AF000000A1
:105CFC00CF000000CA000000E2000000F20000002B
:105D0C009B000000C7000000B9000000C9000000A3
:105D1C00C3000000C9000000D2000000DE0000003B
:105D2C00EA00000097000000AD000000A600000093
:105D3C00B9000000EE000000DE000000EC000000E6
:105D4C00EA000000DA00000088000000A400000057
:105D5C009F000000C0000000E7000000D40000001D
:105D6C00E8000000E9000000D700000098000000E7
:105D7C00B0000000A4000000C3000000E40000001C
:105D8C00C0000000EC000000DE000000E00000009D
:105D9C00A6000000B9000000AA000000CA00000024
:105DAC00E3000000B4000000E1000000E20000008D
:105DBC00DD000000C3000000B7000000B0000000D0
:105DCC00C8000000DB000000BB000000D400000095
:105DDC00D9000000DE000000CF000000C20000006F
:105DEC00B0000000C0000000CE000000AF000000BA
:105DFC00D7000000D3000000DA000000D40000003F
:105E0C00C3000000B6000000C1000000C10000008B
:105E1C00A9000000D1000000CF000000E00000004D
:105E2C00DA000000C1000000B9000000B80000005A
:105E3C00BC000000A7000000CE000000CE00000057
:105E4C00DE000000E7000000BC000000BC00000009
:105E5C00BA000000B2000000B3000000C600000051
:105E6C00CD000000D6000000DE000000BE000000E7
:105E7C00C1000000BF000000C0000000BE00000018
:105E8C00CE000000C1000000D3000000D8000000CC
:105E9C00B8000000CA000000BA000000BF000000FB
:105EAC00C4000000CC000000CA000000D5000000B7
:105EBC00D1000000BA000000C8000000C0000000C3
:105ECC00BF000000C7000000C2000000CA000000B4
:105EDC00D6000000D1000000BE000000CB00000086
:105EEC00C2000000C5000000CC000000BE00000095
:105EFC00CB000000D1000000CC000000C40000006A
:105F0C00CC000000C5000000CA000000CB0000005F
:105F1C00C2000000C8000000D1000000C700000053
:105F2C00C8000000CD000000C4000000CC00000040
:105F3C00C8000000BC000000CA000000CA0000003D
:105F4C00C8000000CA000000CC000000C700000020
:105F5C00CB000000C8000000BB000000C90000001E
:105F6C00CA000000C6000000CB000000C600000004
:105F7C00C2000000CD000000C6000000BD00000003
:105F8C00C8000000C5000000CB000000CD000000E0
:105F9C00C8000000C10000001F000000AB000000A2
:105FAC00CD00000029010000650000007A0000000F
:105FBC006A000000E2000000C9000000F0000000D0
:105FCC00880000008400000073000000EE00000058
:105FDC00F3000000F20000008D00000088000000BB
:105FEC009A000000F100000004010000D60000003F
:105FFC00810000009E000000E00000000201000093
:10600C00E6000000C3000000B0000000A400000087
:10601C00D3000000090100001A010000AD000000CF
:10602C0090000000C700000018010000F200000002
:10603C00CE000000C0000000D7000000BC00000033
:10604C00E60000000D010000FF00000094000000BD
:10605C009F000000ED00000023010000D5000000AF
:10606C00B8000000BA000000DC000000C600000010
:10607C00E4000000F0000000DA0000008E000000D8
:10608C00B5000000F600000002010000B70000009F
:10609C00A4000000B7000000DC000000C5000000F8
:1060AC00D9000000D1000000C200000091000000E7
:1060BC00C9000000E4000000E4000000A2000000A1
:1060CC00A6000000BB000000D9000000C5000000C5
:1060DC00CC000000BC000000B8000000AD000000C7
:1060EC00C7000000C8000000C9000000B300000099
:1060FC00B7000000B7000000C8000000C600000098
:10610C00C4000000AA000000B9000000C900000093
:10611C00CF000000CC000000C4000000C300000051
:10612C00BD000000C1000000C3000000D200000050
:10613C00C3000000BA000000D0000000D80000002E
:10614C00CE000000C2000000C9000000CA00000020
:10615C00BF000000C9000000DC000000EA000000E5
:10616C00B5000000BE000000CE000000E3000000FF
:10617C00C0000000C3000000D0000000DC000000E4
:10618C00C6000000C4000000D8000000D5000000CC
:10619C00B2000000BF000000D3000000E0000000CF
:1061AC00BD000000C9000000C4000000D0000000C9
:1061BC00B5000000CB000000D3000000CD000000B3
:1061CC00B0000000C2000000D7000000CF000000AB
:1061DC00B8000000BC000000C9000000CF000000A7
:1061EC00BC000000C6000000C7000000C600000094
:1061FC00B0000000C9000000D0000000CB0000007F
:10620C00BD000000BC000000C0000000C900000080
:10621C00C4000000C8000000CF000000C500000052
:10622C00C2000000C8000000C1000000C000000057
:10623C00BA000000C4000000CC000000D300000035
:10624C00D0000000C7000000C4000000BB0000002C
:10625C00C8000000C6000000C8000000CA00000012
:10626C00D2000000CD000000CD000000C9000000ED
:10627C00C8000000C2000000C3000000C9000000FC
:10628C00D8000000CD000000CC000000CA000000C7
:10629C00CA000000BE000000C4000000C9000000DD
:1062AC00D6000000C6000000C6000000C8000000B8
:1062BC00D6000000C3000000C0000000C3000000B6
:1062CC00CA000000C6000000CF000000CB00000098
:1062DC00D0000000BC000000C3000000C90000009A
:1062EC00CF000000C5000000C6000000C90000007F
:1062FC00CA000000C4000000CA000000C600000074
:10630C00C8000000BE000000C7000000CD00000067
:10631C00CE000000C2000000C3000000C500000059
:10632C00C9000000CA000000C6000000C800000040
:10633C00C4000000C4000000C5000000CA0000003A
:10634C00CB000000C7000000C3000000C20000002A
:10635C00C9000000CC000000C7000000C200000013
:10636C00C4000000C7000000CC000000CB000000FF
:10637C00C4000000C5000000C0000000C800000000
:10638C00CC000000CB000000C9000000C4000000DD
:10639C00C8000000C8000000C8000000C8000000D1
:1063AC00C7000000C8000000C5000000CA000000C3
:1063BC00CB000000CA000000C1000000C6000000B5
:1063CC00C5000000CF000000C9000000C70000009D
:1063DC00C5000000C8000000C8000000C700000095
:1063EC00C9000000CA000000C7000000C700000080
:1063FC00C8000000C9000000C6000000C700000073
:10640C00C6000000CA000000C4000000C900000063
:10641C00C9000000CA000000C4000000C300000056
:10642C00C9000000C8000000C7000000C600000042
:10643C00C8000000C9000000C7000000C800000030
:10644C00C9000000C5000000C1000000C70000002A
:10645C00CC000000CB000000C5000000C70000000D
:10646C00CA000000C7000000C7000000C600000002
:10647C00C9000000C7000000B9000000D4000000F3
:10648C00D7000000CC000000AE000000B4000000FB
:10649C00CA000000D6000000C3000000C1000000CC
:1064AC00B7000000C2000000BF000000D0000000D8
:1064BC00C8000000BC000000B2000000C0000000DA
:1064CC00CE000000D1000000BF000000BB000000A7
:1064DC00B8000000C4000000C8000000D00000009C
:1064EC00C4000000BE000000BB000000C80000009B
:1064FC00D2000000CE000000C0000000BB00000075
:10650C00C1000000D0000000D4000000CB0000004F
:10651C00C2000000C1000000CC000000CC00000054
:10652C00CF000000CB000000C6000000C40000003B
:10653C00C9000000D3000000D5000000C700000017
:10654C00C2000000C4000000CF000000CF0000001B
:10655C00CF000000CB000000C7000000C30000000B
:10656C00CD000000D1000000D1000000BF000000F1
:10657C00C2000000CC000000D5000000CB000000E1
:10658C00C6000000C5000000C6000000C7000000E7
:10659C00CB000000CE000000CA000000C0000000CC
:1065AC00C3000000C9000000CD000000C4000000C2
:1065BC00C5000000C6000000CA000000C7000000B3
:1065CC00CA000000C7000000C7000000C0000000A7
:1065DC00C6000000C9000000CB000000C500000090
:1065EC00C4000000C6000000C7000000C500000089
:1065FC00C6000000C5000000C7000000C400000079
:10660C00C8000000C9000000C9000000C400000060
:10661C00C4000000C6000000CA000000C900000051
:10662C00C6000000C6000000C8000000C700000043
:10663C00C8000000C8000000C7000000C600000031
:10664C00C6000000C8000000CA000000CA0000001C
:10665C00C8000000C6000000C9000000C80000000F
:10666C00C9000000C8000000C8000000CA000000FB
:10667C00C8000000C9000000CA000000C9000000EA
:10668C00C5000000C6000000CB000000CA000000DE
:10669C00CA000000C8000000C9000000CA000000C9
:1066AC00C4000000C7000000CB000000C8000000C0
:1066BC00C5000000C8000000CB000000CA000000AC
:1066CC00C4000000C4000000C8000000C9000000A5
:1066DC00C6000000C7000000CB000000C500000091
:1066EC00C5000000C7000000CB000000C500000082
:1066FC00C5000000C5000000CB000000C800000071
:10670C00C5000000C6000000C8000000C600000064
:10671C00C5000000C9000000C9000000C80000004E
:10672C00C4000000C8000000C8000000C800000041
:10673C00C4000000C8000000C7000000C800000032
:10674C00C8000000C9000000C7000000C70000001E
:10675C00C5000000CA000000C8000000C90000000D
:10676C00C7000000C8000000C6000000C800000000
:10677C00C8000000C7000000C7000000C7000000F0
:10678C00C7000000C8000000C8000000C9000000DD
:10679C00C8000000C5000000C6000000C9000000D1
:1067AC00CA000000C6000000C6000000C8000000BF
:1067BC00CA000000C8000000C7000000C7000000AD
:1067CC00C7000000C5000000C8000000CA0000009F
:1067DC00C8000000C7000000C7000000C700000090
:1067EC00C6000000C7000000C8000000CA0000007E
:1067FC00C7000000C7000000C7000000C90000006F
:10680C00C7000000C7000000C7000000C80000005F
:10681C00C8000000C9000000C8000000C80000004B
:10682C00C6000000C7000000C7000000C800000040
:10683C00C8000000CA000000C7000000C60000002D
:10684C00C8000000C9000000C7000000C60000001E
:10685C00C8000000C8000000C9000000C80000000B
:10686C00C9000000C6000000C4000000C600000003
:10687C00C9000000CC000000C3000000C7000000ED
:10688C00C8000000C9000000C7000000C6000000DE
:10689C00C6000000C9000000C7000000C5000000D1
:1068AC00C9000000C8000000C7000000C7000000BD
:1068BC00C8000000C7000000C7000000C7000000AF
:1068CC00C6000000C8000000C8000000C80000009E
:1068DC00CA000000C5000000C7000000C70000008F
:1068EC00C9000000C5000000C8000000C70000007F
:1068FC00CA000000C8000000C6000000C80000006C
:10690C00C8000000C7000000C6000000C70000005F
:10691C00C8000000C9000000CA000000C50000004B
:10692C00C8000000C6000000C8000000C80000003D
:10693C00C7000000C7000000C9000000C90000002B
:10694C00C6000000C7000000C6000000C600000022
:10695C00C8000000C7000000B400000022010000C5
:10696C00F9000000F000000049000000C300000026
:10697C0027010000470100006400000082000000B5
:10698C00B900000012010000A5000000DF000000AB
:10699C00BC000000B20000005B000000CF00000053
:1069AC0004010000E400000052000000830000001D
:1069BC00BF000000F4000000B3000000B5000000B0
:1069CC00960000009600000098000000E200000015
:1069DC00EE000000B1000000740000009A000000FE
:1069EC00D4000000E8000000C7000000A800000070
:1069FC009B000000AD000000D9000000E400000086
:106A0C00CF0000009F000000A4000000B9000000AF
:106A1C00E4000000EB000000D90000009F00000023
:106A2C00A6000000CA00000007010000D900000009
:106A3C00BF000000A9000000D8000000CD0000003D
:106A4C00E9000000E2000000DC00000099000000FA
:106A5C00B6000000EA00000016010000C2000000B1
:106A6C00AD000000B7000000EE000000CE000000FA
:106A7C00E1000000D7000000D400000098000000E6
:106A8C00C7000000F400000002010000A400000098
:106A9C00A6000000C5000000ED000000BF000000D3
:106AAC00CD000000D0000000CF000000A0000000CE
:106ABC00CB000000E4000000E10000009F0000009B
:106ACC00B3000000CE000000DE000000B8000000A3
:106ADC00C5000000C5000000C2000000AF000000AF
:106AEC00D0000000D6000000C7000000A600000087
:106AFC00BC000000CF000000D3000000BF0000006D
:106B0C00BE000000BC000000BF000000C30000007D
:106B1C00D0000000CB000000BB000000B80000005B
:106B2C00C5000000D0000000CC000000C700000031
:106B3C00BF000000C0000000C7000000D60000002D
:106B4C00D1000000C5000000BC000000CA0000001D
:106B5C00CC000000D1000000CB000000D0000000F1
:106B6C00BC000000C6000000CE000000DE000000EB
:106B7C00C2000000C4000000C3000000D8000000E8
:106B8C00C7000000D1000000C9000000D0000000C8
:106B9C00BA000000CE000000D1000000D9000000B7
:106BAC00B9000000C7000000CA000000D7000000B8
:106BBC00BE000000CD000000C9000000CE000000A7
:106BCC00B8000000CD000000B0000000BE000000C6
:106BDC00B8000000C7000000CD0000008C000000D1
:106BEC00BA00000014010000B7000000DC00000037
:106BFC00EB000000A7000000B2000000B500000090
:106C0C00D8000000FD00000093000000B50000005B
:106C1C00EC000000BA000000CB000000D100000026
:106C2C00C7000000DC000000A4000000C70000004A
:106C3C00E400000090000000AC000000E90000003F
:106C4C00E6000000EB000000AB000000B900000003
:106C5C00D000000093000000B6000000EA00000025
:106C6C00C7000000D7000000D3000000DF000000C8
:106C7C00D20000007F0000009B000000DD0000003F
:106C8C00CC000000E8000000E7000000D00000008D
:106C9C00C70000009B000000B5000000D3000000FE
:106CAC00A3000000C8000000F5000000E90000008F
:106CBC00E0000000AD000000A3000000BD000000DB
:106CCC00A1000000D1000000F8000000D20000007C
:106CDC00D2000000CA000000C5000000C400000083
:106CEC0097000000B3000000E4000000D00000009A
:106CFC00E1000000E2000000C1000000B80000004C
:106D0C00A1000000C0000000DB000000B800000083
:106D1C00CD000000E7000000CE000000C80000001D
:106D2C00B6000000B7000000C9000000B60000006B
:106D3C00D3000000E6000000BE000000C000000010
:106D4C00C7000000C6000000CF000000B10000002A
:106D5C00BE000000DA000000C2000000CC00000001
:106D6C00CF000000BC000000C6000000BF00000007
:106D7C00CD000000DC000000B8000000BC000000EA
:106D8C00CF000000C6000000CE000000C6000000CE
:106D9C00C4000000CF000000C0000000CA000000CA
:106DAC00D2000000BC000000C2000000CD000000BA
:106DBC00CE000000D5000000BE000000C0000000A6
:106DCC00CB000000BD000000CA000000D400000091
:106DDC00C5000000CD000000C8000000CA00000083
:106DEC00CE000000B7000000BD000000CC00000089
:106DFC00CA000000D1000000CE000000CA00000054
:106E0C00C9000000BB000000C2000000CD00000063
:106E1C00C0000000C7000000D1000000D40000003A
:106E2C00D3000000C1000000BC000000C400000042
:106E3C00BF000000CC000000C8000000CD00000026
:106E4C00CD000000CE000000D1000000C900000001
:106E5C00D3000000BB000000CD000000B500000016
:106E6C00ED000000CC000000D8000000AB000000DA
:106E7C00CF000000BF000000DB000000B8000000E5
:106E8C00D8000000C1000000C7000000C4000000D2
:106E9C00CE000000CF000000B7000000C0000000D2
:106EAC00C1000000DC000000B9000000D7000000A9
:106EBC00AF000000D8000000AB000000DA000000BA
:106ECC00B6000000DE000000A5000000D8000000A5
:106EDC00B4000000DE000000B6000000D10000008D
:106EEC00B9000000CF000000B7000000CC0000008B
:106EFC00C8000000C4000000C6000000BF00000075
:106F0C00D5000000C0000000D2000000B800000056
:106F1C00D0000000AD000000DA000000BB00000053
:106F2C00E4000000B5000000D6000000B300000033
:106F3C00D8000000B7000000D9000000B800000025
:106F4C00CF000000C0000000DA000000CB00000001
:106F5C00C7000000BB000000C3000000CA00000016
:106F6C00C8000000D5000000C4000000CD000000E7
:106F7C00BF000000CC000000CF000000C6000000E5
:106F8C00C1000000C4000000D1000000C9000000D6
:106F9C00CE000000C5000000CA000000BE000000CA
:106FAC00C8000000CC000000D1000000C1000000AF
:106FBC00C7000000C5000000CF000000C3000000A7
:106FCC00C7000000C5000000C8000000C1000000A0
:106FDC00CD000000CE000000C7000000C000000083
:106FEC00C6000000CC000000CA000000C200000077
:106FFC00C4000000C9000000C3000000C60000006F
:10700C00C9000000CB000000C3000000C30000005A
:10701C00C5000000CC000000C4000000C50000004A
:10702C00C7000000C7000000C6000000C800000038
:10703C00CB000000C8000000C4000000C400000029
:10704C00C9000000C8000000C9000000CC0000000E
:10705C00C8000000C6000000C6000000CA00000006
:10706C00C8000000C6000000C6000000CD000000F3
:10707C00C8000000CA000000C9000000C9000000E0
:10708C00C6000000C3000000C7000000CF000000D5
:10709C00C9000000C7000000CB000000C8000000C1
:1070AC00C8000000C6000000FF000000C80000007F
:1070BC00A9000000AF000000C40000004D0000005B
:1070CC00AE000000240100000701000014010000C4
:1070DC00010100009600000088000000670000001D
:1070EC00B200000004010000B6000000E90000003E
:1070FC0016010000E2000000C60000009200000033
:10710C0091000000BC000000A0000000E70000009F
:10711C0025010000CB000000C0000000C1000000F1
:10712C00C4000000CA00000085000000AF00000091
:10713C00F1000000C8000000DF000000F5000000B6
:10714C00C1000000BA0000009E000000C800000052
:10715C00E200000097000000B7000000F300000000
:10716C00DF000000E2000000C7000000B9000000D2
:10717C00C000000091000000BE000000ED00000007
:10718C00BE000000D1000000E5000000E10000009E
:10719C00D50000009300000098000000C50000001E
:1071AC00B0000000DD000000FD000000E100000068
:1071BC00D7000000AE000000B7000000C2000000C5
:1071CC0088000000AA000000F1000000ED000000A3
:1071DC00F2000000DA000000C0000000B400000063
:1071EC008F000000B5000000E2000000BF000000AE
:1071FC00CD000000E1000000DC000000D000000029
:10720C00A3000000AB000000CD000000B6000000A1
:10721C00D5000000EB000000CB000000C500000012
:10722C00BB000000C7000000D3000000A800000055
:10723C00B7000000DE000000CE000000D40000000B
:10724C00CD000000C2000000C7000000B00000002C
:10725C00C8000000E0000000B5000000BC00000009
:10726C00D2000000D1000000D3000000BF000000DD
:10727C00C0000000D4000000B4000000C2000000F8
:10728C00D8000000C3000000C4000000CB000000C8
:10729C00D5000000DD000000B0000000B5000000CB
:1072AC00CE000000BD000000C6000000D7000000AA
:1072BC00D0000000D3000000BD000000C30000009F
:1072CC00D1000000AF000000B5000000D2000000AB
:1072DC00D5000000DC000000CB000000C400000062
:1072EC00C9000000AD000000B9000000D300000090
:1072FC00C6000000CE000000D5000000D400000045
:10730C00D4000000B0000000AF000000C600000078
:10731C00C1000000CD000000CC000000A500000062
:10732C00AD000000C2000000E8000000EA00000010
:10733C00A700000093000000B8000000EA00000065
:10734C0000010000DE000000A70000009900000012
:10735C00A8000000DA000000FE000000CF000000D2
:10736C00B3000000AB000000CA000000EC000000FD
:10737C00D6000000B2000000AD000000AA00000022
:10738C00DE000000F5000000DE000000B800000088
:10739C00A1000000AE000000DF000000E2000000D1
:1073AC00CE000000BD000000AC000000CB000000CF
:1073BC00DE000000DB000000C9000000AD00000092
:1073CC00AD000000D5000000DB000000DF00000075
:1073DC00C0000000AF000000BB000000D1000000A6
:1073EC00D8000000DA000000B9000000B200000074
:1073FC00BE000000CF000000DF000000D100000044
:10740C00BA000000BA000000C0000000D00000006C
:10741C00DD000000C4000000BC000000B70000004C
:10742C00C9000000DB000000D8000000C300000011
:10743C00BB000000B2000000CA000000D600000033
:10744C00D4000000C6000000B9000000BC00000021
:10745C00CE000000CA000000CA000000C8000000F6
:10746C00C3000000C8000000C9000000CA000000F2
:10747C00CD000000C1000000C2000000C7000000E9
:10748C00C8000000CB000000CB000000C7000000CB
:10749C00C9000000C0000000C7000000CA000000C6
:1074AC00C7000000C6000000C8000000C8000000B3
:1074BC00C9000000C5000000C9000000C9000000A0
:1074CC00C3000000C7000000CB000000CD0000008E
:1074DC00C8000000C3000000C6000000C700000088
:1074EC00C1000000CA000000CC000000CC0000006D
:1074FC00C8000000C6000000C8000000C700000063
:10750C00C2000000C7000000C9000000CA00000053
:10751C00CA000000CA000000CC000000C40000003B
:10752C00C0000000C4000000C9000000C900000039
:10753C00CA000000C6000000CB000000C70000001D
:10754C00C5000000C6000000C3000000C60000001B
:10755C00C9000000CB000000CE000000C9000000F4
:10756C00C1000000C9000000C5000000C6000000FA
:10757C00C6000000C7000000CA000000CB000000DD
:10758C00C9000000CC000000BE000000ED000000AF
:10759C00E00000000501000039010000BF00000000
:1075AC00F900000010010000110100005901000059
:1075BC00B2000000F3000000EE000000FF0000002D
:1075CC0050010000CB00000000010000FF00000093
:1075DC000D01000048010000A4000000E1000000C3
:1075EC00E20000000301000022010000B5000000D1
:1075FC00ED000000E3000000E5000000FB000000CF
:10760C00A3000000CD000000C3000000D500000066
:10761C00EB000000B4000000BF000000BB00000045
:10762C00B6000000BF000000AF000000A700000083
:10763C00B3000000AE000000B2000000C10000006A
:10764C0098000000A20000009F000000A4000000B1
:10765C00CE00000090000000A9000000AC0000006B
:10766C00AD000000DA00000084000000A300000060
:10767C00B0000000B6000000E40000008A0000002A
:10768C00B2000000B7000000C3000000E1000000E1
:10769C0090000000BA000000C0000000D000000004
:1076AC00EA000000A2000000CB000000C9000000AE
:1076BC00DA000000E3000000B2000000D30000007C
:1076CC00CC000000D8000000DF000000BD0000006E
:1076DC00D3000000CC000000D2000000D700000056
:1076EC00C4000000CD000000CA000000CE00000065
:1076FC00D1000000D2000000C9000000C70000004B
:10770C00C6000000CF000000D9000000BA00000045
:10771C00BF000000C3000000CE000000E500000028
:10772C00B4000000BD000000C2000000CB0000004F
:10773C00E6000000AE000000BD000000C00000002C
:10774C00CC000000E3000000AE000000BB00000015
:10775C00C0000000C8000000D9000000A900000013
:10776C00C4000000C8000000CB000000CE000000E8
:10777C00AA000000C6000000C4000000C500000004
:10778C00CA000000AE000000C6000000C1000000EE
:10779C00C9000000CA000000B5000000C4000000D1
:1077AC00C3000000C5000000C4000000C2000000BF
:1077BC00CB000000C6000000C2000000C6000000A4
:1077CC00D1000000C4000000BF000000C300000096
:1077DC00CB000000D9000000C5000000C70000006D
:1077EC00CC000000C9000000DA000000C40000005A
:1077FC00C8000000CE000000CA000000DF0000003E
:10780C00C4000000CF000000D5000000CF00000035
:10781C00D6000000BA000000D0000000DB00000021
:10782C00D5000000D1000000B7000000C900000026
:10783C00D1000000D6000000D4000000BB00000006
:10784C00C7000000CB000000D2000000CA000000FE
:10785C00B9000000C4000000C6000000CD0000000C
:10786C00CD000000C9000000C7000000BC000000F3
:10787C00C0000000C4000000C9000000C6000000E9
:10788C00C0000000C7000000C7000000CA000000D4
:10789C00C5000000BD000000C1000000C2000000D7
:1078AC00CD000000C7000000C5000000C8000000AB
:1078BC00C5000000C8000000BC000000C4000000AF
:1078CC00CC000000CB000000C9000000BA00000092
:1078DC00C6000000CA000000C7000000CA0000007B
:1078EC00B9000000C6000000CB000000CE00000074
:1078FC00CE000000BB000000C2000000C70000006A
:10790C00CB000000CB000000C3000000C900000049
:10791C00C7000000C8000000C9000000C80000003B
:10792C00C7000000C0000000C7000000CC00000031
:10793C00CD000000CB000000C7000000CC00000010
:10794C00C6000000CA000000C9000000CA00000008
:10795C00CB000000C7000000CF000000C8000000F2
:10796C00C9000000CE000000C9000000CD000000DE
:10797C00C2000000C9000000D0000000C9000000D7
:10798C00CA000000C3000000C8000000CB000000CB
:10799C00C7000000CA000000C3000000C6000000C1
:1079AC00C6000000C8000000CA000000C3000000B0
:1079BC00C5000000C6000000C6000000C7000000A3
:1079CC00C4000000C8000000C3000000C500000097
:1079DC00C5000000C6000000C8000000C400000084
:1079EC00C6000000C5000000C7000000C800000071
:1079FC00C7000000C8000000C6000000CA0000005C
:107A0C00C8000000C8000000C8000000C60000004C
:107A1C00CC000000C8000000C7000000CA00000035
:107A2C00C8000000CE000000C8000000C700000025
:107A3C00CB000000C9000000CE000000C90000000F
:107A4C00C6000000C9000000C9000000CC00000006
:107A5C00C8000000C8000000C8000000C8000000FA
:107A6C00CB000000C6000000C9000000C7000000E9
:107A7C00C6000000C7000000C5000000CA000000DE
:107A8C00C9000000C5000000CA000000CC000000C6
:107A9C00C6000000CB000000C6000000CA000000B9
:107AAC00D3000000CA000000CD000000CE00000092
:107ABC00CB000000DB000000C4000000CC00000084
:107ACC00CD000000CE000000DC000000C60000006D
:107ADC00CD000000D2000000CD000000D800000056
:107AEC00C2000000CB000000CF000000CC00000062
:107AFC00D6000000C2000000CB000000CC0000004B
:107B0C00CD000000CF000000C0000000C800000045
:107B1C00CA000000C9000000C9000000C00000003D
:107B2C00C7000000C4000000C6000000C700000031
:107B3C00C3000000C5000000C1000000C30000002D
:107B4C00C4000000C4000000C1000000C10000001F
:107B5C00C3000000C4000000C7000000C10000000A
:107B6C00BF000000C3000000C1000000C7000000FF
:107B7C00BF000000C3000000C4000000C3000000F0
:107B8C00C9000000C0000000C5000000C5000000D6
:107B9C00C5000000C9000000C3000000CA000000BE
:107BAC00CA000000C9000000CA000000C1000000AB
:107BBC00CB000000C9000000CA000000CB00000090
:107BCC00C4000000CB000000C9000000CA00000087
:107BDC00CB000000C6000000C9000000C800000077
:107BEC00CC000000CB000000C8000000C800000062
:107BFC00C7000000CB000000CA000000CA00000053
:107C0C00C7000000C6000000CB000000CA00000046
:107C1C00CB000000C5000000C7000000CA00000037
:107C2C00C9000000CA000000C5000000C700000029
:107C3C00C9000000C7000000CB000000C400000019
:107C4C00C8000000C9000000C8000000CB00000004
:107C5C00C3000000C6000000C9000000C8000000FE
:107C6C00C9000000C4000000C7000000C9000000EB
:107C7C00C8000000C7000000C4000000C6000000DF
:107C8C00C6000000C9000000C8000000C6000000CB
:107C9C00C8000000C6000000C8000000C5000000BD
:107CAC00C5000000C8000000C5000000C8000000AE
:107CBC00C5000000C7000000C9000000C40000009F
:107CCC00C5000000C6000000C9000000C80000008C
:107CDC00C7000000B4000000B2000000CB000000A0
:107CEC0000010000EF000000F50000006300000040
:107CFC00A9000000B8000000D40000004001000002
:107D0C0097000000C400000099000000C6000000AD
:107D1C00E9000000CA00000098000000BD0000004F
:107D2C00D6000000E30000001C0100008D000000E4
:107D3C00AD00000090000000B90000000A01000036
:107D4C00DD000000D0000000B3000000B000000017
:107D5C00BF000000F00000009D000000D1000000FA
:107D6C00B7000000C900000004010000B5000000CD
:107D7C00CC0000009D000000AC000000D000000012
:107D8C00EC000000D4000000DA000000BB00000092
:107D9C00A4000000DA0000009F000000E0000000DA
:107DAC00CA000000CA000000E4000000C20000008D
:107DBC00C6000000C2000000B7000000B5000000C3
:107DCC00D8000000BA000000F0000000DB0000004A
:107DDC00C2000000C900000097000000BE000000B7
:107DEC00D0000000DE000000DB000000D00000002E
:107DFC00AE000000CD000000C8000000C000000074
:107E0C00D4000000A5000000D4000000DF0000003A
:107E1C00D6000000D6000000B3000000AC0000004B
:107E2C00BF000000CE000000D9000000E6000000FA
:107E3C00B7000000C3000000BA000000C000000042
:107E4C00D4000000BF000000C6000000CF000000FE
:107E5C00D3000000D3000000D0000000A8000000F8
:107E6C00B9000000BF000000D2000000EB000000D1
:107E7C00C4000000C6000000BB000000C2000000EF
:107E8C00CF000000C9000000BB000000C7000000CC
:107E9C00D1000000D6000000DB000000B2000000A2
:107EAC00B9000000B9000000C9000000E1000000AA
:107EBC00D2000000C9000000C4000000C200000095
:107ECC00C7000000CA000000BC000000C900000090
:107EDC00CB000000D1000000DA000000C50000005B
:107EEC00BB000000BA000000BE000000CF00000084
:107EFC00D6000000CA000000CC000000C400000046
:107F0C00C4000000C9000000BC000000C300000059
:107F1C00C6000000CD000000D6000000CB00000021
:107F2C00C2000000BF000000BE000000C90000003D
:107F3C00CC000000C8000000CA000000C80000000F
:107F4C00CC00000095000000C70000009700000066
:107F5C00CE000000DA0000009A000000B70000001C
:107F6C00B0000000D4000000DE000000C9000000DA
:107F7C00A9000000A7000000D5000000DD000000F3
:107F8C00EF000000B7000000B2000000DB000000B2
:107F9C00DE0000000D010000B1000000B800000080
:107FAC00DD000000E300000016010000AB00000043
:107FBC00C5000000DC000000EC0000001C0100000B
:107FCC00A6000000D6000000D5000000EC00000068
:107FDC00050100009F000000DF000000D70000003A
:107FEC00F3000000FC000000A3000000D90000001A
:107FFC00CD000000E7000000E5000000A800000034
:10800C00D9000000CE000000DD000000D900000007
:10801C00B0000000CD000000BB000000D400000048
:10802C00C9000000C8000000C8000000B200000039
:10803C00CA000000BA000000D6000000BA00000020
:10804C00AE000000C0000000B7000000DA00000025
:10805C00AE000000A6000000B4000000B900000053
:10806C00E0000000AA000000A8000000B100000021
:10807C00BD000000DC0000009F000000A900000013
:10808C00B9000000C4000000E10000009D000000E9
:10809C00B1000000C1000000C7000000D8000000C3
:1080AC009B000000BD000000C9000000D3000000D0
:1080BC00D5000000A5000000C6000000C9000000AB
:1080CC00D6000000CE000000B4000000CE0000007E
:1080DC00CF000000D4000000CA000000C200000065
:1080EC00CD000000CF000000D2000000D000000046
:1080FC00D1000000CE000000C9000000CC00000040
:10810C00CF000000DA000000CE000000C700000025
:10811C00CD000000D0000000E5000000C50000000C
:10812C00C4000000CB000000D0000000E400000000
:10813C00BC000000C4000000CA000000D100000018
:10814C00DD000000B6000000C2000000CB00000003
:10815C00D2000000D5000000B5000000BF000000F8
:10816C00CB000000CF000000CF000000B6000000E4
:10817C00C2000000CB000000CB000000CB000000D0
:10818C00B6000000C3000000C6000000C9000000DB
:10819C00C8000000BB000000C7000000C4000000C5
:1081AC00C7000000C6000000C1000000C4000000B1
:1081BC00C5000000B1000000D8000000BD000000A8
:1081CC00DA000000B1000000D8000000A60000009A
:1081DC00E4000000A6000000D9000000AE00000082
:1081EC00D4000000B8000000D8000000B10000006E
:1081FC00D9000000B6000000D4000000B60000005A
:10820C00C8000000CD000000D1000000C800000034
:10821C00B8000000CC000000BC000000E40000002E
:10822C00BA000000D2000000B5000000DF00000022
:10823C00C5000000DE000000AC000000D200000011
:10824C00C3000000DB000000CC000000CA000000EE
:10825C00C6000000CE000000CB000000CB000000E8
:10826C00CF000000C0000000D4000000C1000000DE
:10827C00D5000000C5000000CF000000BF000000CA
:10828C00D4000000B8000000E2000000B9000000BB
:10829C00D6000000B9000000CD000000C6000000B0
:1082AC00CF000000BF000000CD000000C3000000A4
:1082BC00CD000000C9000000BB000000CA00000097
:1082CC00C0000000D4000000BC000000D000000082
:1082DC00B8000000D6000000BA000000CF0000007B
:1082EC00B7000000D1000000BD000000D500000068
:1082FC00BE000000CB000000C4000000C70000005E
:10830C00C7000000C6000000C9000000CC0000003F
:10831C00C7000000C6000000C7000000C400000039
:10832C004F000000B5000000D2000000F00000007B
:10833C0032010000D6000000BC000000BE000000AE
:10834C00E50000005D000000B2000000D00000005D
:10835C00ED00000027010000B3000000B800000091
:10836C00BE000000CD0000008A000000BE0000002E
:10837C00D0000000EC00000019010000A200000079
:10838C00B3000000C2000000C5000000A8000000FF
:10839C00BF000000C4000000EA0000000301000060
:1083AC009E000000B7000000BD000000D0000000DF
:1083BC00C4000000C2000000BF000000D700000095
:1083CC00F0000000A0000000C1000000C40000008C
:1083DC00D6000000D7000000B9000000BB00000070
:1083EC00CF000000DF000000A1000000C60000006C
:1083FC00CD000000DA000000E7000000AA00000039
:10840C00B2000000C8000000D1000000B200000063
:10841C00CE000000D2000000E1000000E2000000ED
:10842C00A700000083000000C3000000E50000006E
:10843C00EF000000FB000000DC000000D900000091
:10844C00B6000000730000008E000000AD000000BC
:10845C00E0000000F1000000F7000000ED0000005B
:10846C00D2000000C1000000710000008C00000070
:10847C00B2000000DA000000FD000000EB0000007C
:10848C00EC000000DD000000BF0000007F000000D9
:10849C008E000000B0000000DA00000009010000AE
:1084AC00E6000000E7000000DD000000BE00000058
:1084BC009800000095000000AD000000DA000000FC
:1084CC00FC000000E9000000E1000000D500000005
:1084DC00BE000000A0000000A4000000A9000000E5
:1084EC00D6000000F4000000DE000000EB000000ED
:1084FC00CF000000C6000000AD000000A800000086
:10850C00B4000000C8000000E3000000D10000002F
:10851C00E2000000D9000000C6000000BE00000010
:10852C00A8000000B1000000C9000000D30000004A
:10853C00CC000000DB000000D7000000CF000000E2
:10854C00CA000000AF000000AF000000C300000034
:10855C00C8000000C8000000D6000000D0000000D9
:10856C00D7000000D1000000BF000000BB000000DD
:10857C00BE000000C1000000BF000000CF000000E2
:10858C00C8000000D3000000D2000000B9000000B9
:10859C00C6000000B9000000BF000000C4000000CD
:1085AC00C9000000D3000000D3000000CF00000081
:1085BC00BD000000C1000000C2000000BE000000B1
:1085CC00C4000000C6000000D0000000D70000006E
:1085DC00CA000000C1000000C2000000C200000080
:1085EC00C2000000C8000000C6000000CD00000062
:1085FC00D8000000CA000000C5000000C200000046
:10860C00C1000000C8000000C9000000C400000048
:10861C00CB000000D0000000CB000000C400000024
:10862C00C5000000C3000000CA000000CD0000001F
:10863C00C1000000CC000000C9000000C90000000F
:10864C00C9000000C4000000CB000000CA000000FC
:10865C00CB000000C2000000C7000000CD000000ED
:10866C00C6000000CA000000C5000000C7000000E2
:10867C00CD000000C8000000C1000000C7000000D1
:10868C00C9000000CA000000CD000000C3000000BB
:10869C00CC00000076000000DA000000130100009E
:1086AC00F5000000420000006E000000D100000048
:1086BC0007010000A6000000A100000095000000CA
:1086CC00A10000008B000000EE000000E70000009D
:1086DC00B10000005300000098000000DB00000017
:1086EC00E9000000AF0000009A00000090000000BC
:1086FC00A7000000C7000000ED000000CA00000049
:10870C009000000086000000C2000000F70000008E
:10871C00DE000000C800000090000000AC0000006B
:10872C00C9000000FF000000E8000000C1000000CC
:10873C0096000000CD000000DF000000FE000000ED
:10874C00D5000000CE000000A0000000CB0000000F
:10875C00EE00000014010000CC000000A800000096
:10876C00A9000000EE000000EB000000EE0000008D
:10877C00C5000000CB000000AA000000D5000000DE
:10878C00F4000000FB000000B0000000A20000009C
:10879C00C6000000FD000000DE000000CB00000061
:1087AC00B6000000C4000000B0000000DC000000B7
:1087BC00EB000000DB0000009B000000A7000000A5
:1087CC00CC000000F3000000C5000000BA0000005F
:1087DC00B0000000C3000000B7000000D000000093
:1087EC00CF000000C6000000A8000000B900000087
:1087FC00CB000000D6000000B8000000BD00000057
:10880C00B0000000C1000000C7000000D60000004E
:10881C00C8000000BA000000B7000000C90000004A
:10882C00D6000000C1000000BD000000C000000028
:10883C00C4000000CE000000CF000000CD000000FE
:10884C00C4000000BC000000C0000000CD0000000F
:10885C00D3000000CD000000D2000000C0000000DA
:10886C00C6000000CF000000DD000000C0000000CA
:10887C00BC000000C4000000DB000000D5000000BC
:10888C00C4000000C5000000D0000000C5000000BE
:10889C00C4000000D1000000DE000000C000000099
:1088AC00C4000000C2000000DF000000C600000091
:1088BC00C4000000C2000000D1000000C200000093
:1088CC00CC000000D3000000C7000000B400000082
:1088DC00C4000000CE000000D9000000BA00000067
:1088EC00C1000000C5000000CD000000BD0000006C
:1088FC00C9000000C6000000C5000000BA0000005E
:10890C00C7000000C5000000D3000000BF0000003D
:10891C00C0000000C1000000C6000000C50000003F
:10892C00C8000000B7000000BE000000C10000003D
:10893C00D2000000C6000000CA000000BD0000000C
:10894C00C6000000BF000000C4000000C40000000E
:10895C00C9000000BF000000C8000000CA000000F1
:10896C00CE000000C4000000C6000000BD000000E6
:10897C00C0000000C7000000D2000000D3000000BF
:10898C00CA000000C2000000CC000000CE000000B5
:10899C00C3000000C3000000CA000000CE000000AD
:1089AC00CE000000CD000000D1000000CE00000081
:1089BC00C1000000BF000000CB000000CD00000093
:1089CC00CB000000D0000000D0000000CE00000062
:1089DC00C1000000C8000000CD000000C90000006C
:1089EC00C3000000C8000000D5000000CD0000004E
:1089FC00C5000000C8000000C5000000C400000055
:108A0C00C1000000CA000000CD000000CB00000037
:108A1C00C2000000C5000000C9000000C400000036
:108A2C00C2000000C5000000C3000000C800000028
:108A3C00C7000000C6000000C8000000C400000011
:108A4C00C2000000C2000000C2000000C70000000D
:108A5C00C6000000C6000000C0000000C7000000F7
:108A6C00C6000000C6000000C3000000C4000000E7
:108A7C00C6000000C5000000C8000000C7000000D0
:108A8C00C8000000C6000000C3000000CA000000BF
:108A9C00C7000000C7000000C6000000C9000000AD
:108AAC00C8000000CA000000CA000000CA00000094
:108ABC00C9000000C5000000C8000000CD00000087
:108ACC00CA000000C8000000C8000000CC00000074
:108ADC00CE000000CA000000C5000000C900000064
:108AEC00CA000000CB000000C9000000CC00000050
:108AFC00C9000000C9000000C8000000CA00000046
:108B0C00CA000000C7000000C6000000CA00000038
:108B1C00CA000000CC000000C7000000C900000023
:108B2C00C2000000C6000000C7000000CC0000001E
:108B3C00C8000000C6000000C4000000C90000000E
:108B4C00C9000000C8000000C3000000C500000000
:108B5C00C6000000CA000000C6000000C8000000EB
:108B6C00C4000000C5000000C2000000C8000000E6
:108B7C00C6000000C8000000D0000000CC000000BF
:108B8C00CD000000BD000000C1000000D2000000BC
:108B9C00D4000000BB000000BF000000C3000000B8
:108BAC00D1000000C4000000C7000000C800000095
:108BBC00BE000000B9000000C6000000D00000009C
:108BCC00C8000000B6000000BF000000C900000093
:108BDC00C8000000C0000000C3000000C500000079
:108BEC00BE000000C1000000CB000000CF00000060
:108BFC00C2000000BA000000C1000000CA00000062
:108C0C00C9000000C5000000C5000000C400000041
:108C1C00C3000000CA000000CA000000CA00000027
:108C2C00C0000000C4000000C7000000CE0000001F
:108C3C00CB000000CE000000C5000000C800000002
:108C4C00C5000000D1000000CB000000CA000000ED
:108C5C00C6000000CB000000C8000000D1000000DE
:108C6C00CE000000CE000000C0000000C8000000D4
:108C7C00CF000000D5000000C8000000C7000000B5
:108C8C00C8000000D0000000C9000000D0000000A7
:108C9C00C9000000CB000000C1000000CA000000A9
:108CAC00D0000000D2000000C4000000C50000008D
:108CBC00C6000000CE000000C6000000CB00000083
:108CCC00C7000000C9000000C4000000CA0000007A
:108CDC00CA000000CB000000C0000000C40000006F
:108CEC00C7000000C9000000C6000000C900000059
:108CFC00C5000000C8000000C2000000C600000053
:108D0C00C5000000C7000000C4000000C400000043
:108D1C00C7000000C8000000C4000000C400000030
:108D2C00C1000000C6000000C6000000C800000022
:108D3C00C5000000C5000000C6000000C500000012
:108D4C00C6000000C6000000C4000000C500000002
:108D5C00C7000000C9000000C8000000C4000000EB
:108D6C00C4000000C7000000C9000000C6000000DD
:108D7C00C7000000C7000000C8000000C7000000CA
:108D8C00C7000000C9000000C8000000C5000000BA
:108D9C00C7000000C8000000C9000000C7000000A8
:108DAC00C6000000C7000000C8000000C80000009A
:108DBC00C8000000CA000000C7000000C500000089
:108DCC00C7000000C8000000C9000000C700000078
:108DDC00C8000000C8000000C7000000C700000069
:108DEC00C7000000C7000000C7000000C50000005D
:108DFC00C6000000C9000000C8000000C900000047
:108E0C00C6000000C5000000C5000000C70000003F
:108E1C00C8000000C9000000C5000000C700000029
:108E2C00C8000000C9000000C8000000C700000016
:108E3C00C6000000C5000000C7000000C80000000C
:108E4C00CB000000C9000000C8000000C5000000F5
:108E5C00C6000000C8000000C9000000C8000000E7
:108E6C00C8000000C8000000CB000000C9000000D2
:108E7C00C7000000C7000000C8000000C8000000C8
:108E8C00C9000000CC000000C9000000C9000000AF
:108E9C00C7000000C8000000CA000000C8000000A5
:108EAC00C8000000CA000000CA000000CB0000008F
:108EBC00C8000000C8000000C7000000C900000086
:108ECC00C9000000CA000000CA000000C900000070
:108EDC00C6000000C7000000C8000000CB00000066
:108EEC00C7000000C9000000C7000000C900000056
:108EFC00C8000000C8000000C8000000C800000046
:108F0C00C7000000C9000000C9000000C900000033
:108F1C00C7000000C6000000C6000000C80000002A
:108F2C00C8000000C8000000CA000000C800000013
:108F3C00C8000000C6000000C7000000C900000007
:108F4C00C7000000C7000000C7000000C8000000F8
:108F5C00C7000000C8000000C8000000C7000000E7
:108F6C00C4000000C6000000C6000000C7000000DE
:108F7C00C9000000C6000000C8000000C7000000C7
:108F8C00C6000000C4000000C7000000C6000000BE
:108F9C00C6000000C8000000C4000000C7000000AC
:108FAC00C7000000C7000000C6000000C50000009C
:108FBC00C6000000C6000000C8000000C40000008D
:108FCC00C8000000C7000000C7000000C600000079
:108FDC00C4000000C6000000C8000000C80000006B
:108FEC00C5000000C7000000C7000000C70000005B
:108FFC00C8000000C7000000C7000000C600000049
:10900C00C7000000C6000000C8000000C900000036
:10901C00C8000000C7000000C6000000C700000028
:10902C00C8000000C9000000C6000000C700000016
:10903C00C8000000C9000000C9000000C500000005
:10904C00C7000000C8000000C9000000C7000000F5
:10905C00C7000000E4000000B9000000A5000000FB
:10906C00B0000000D9000000DF000000D6000000B6
:10907C00B9000000AE000000C1000000D8000000E4
:10908C00E1000000CA000000B6000000B1000000C2
:10909C00C6000000DB000000DB000000CA0000007E
:1090AC00B8000000B8000000C8000000D9000000A3
:1090BC00D7000000C4000000B7000000BD00000095
:1090CC00CD000000DB000000D2000000C100000059
:1090DC00B7000000BE000000D1000000D900000065
:1090EC00D0000000BF000000B9000000C20000006A
:1090FC00D3000000D7000000CB000000BF00000030
:10910C00B9000000C4000000D3000000D50000002E
:10911C00CC000000BD000000BB000000C700000038
:10912C00D4000000D4000000C6000000BB0000000A
:10913C00BD000000CB000000D5000000D2000000F4
:10914C00C4000000BB000000C0000000CD00000007
:10915C00D4000000D1000000C3000000BC000000DF
:10916C00C1000000CD000000D4000000CC000000C5
:10917C00BF000000BD000000C6000000D1000000D0
:10918C00D3000000C9000000BD000000C0000000BA
:10919C00C7000000C9000000C9000000C8000000A2
:1091AC00C8000000C7000000C6000000C600000098
:1091BC00C7000000C8000000C7000000C700000086
:1091CC00C7000000C7000000C7000000C600000078
:1091DC00C7000000C6000000C6000000C700000069
:1091EC00C8000000C8000000C7000000C600000056
:1091FC00C7000000C8000000C8000000C600000046
:10920C00C6000000C5000000C8000000C800000037
:10921C00C8000000C6000000C6000000C600000028
:10922C00C8000000C9000000C8000000C600000013
:10923C00C5000000C6000000C8000000C900000006
:10924C00C8000000C6000000C5000000C7000000F8
:10925C00C8000000C8000000C7000000C6000000E5
:10926C00C7000000C7000000C7000000C6000000D7
:10927C00C7000000C7000000C7000000C7000000C6
:10928C00C7000000C7000000C7000000C7000000B6
:10929C00C7000000C7000000C7000000C7000000A6
:1092AC00C7000000C7000000C8000000C800000094
:1092BC00C8000000C7000000C6000000C700000086
:1092CC00C8000000C5000000DE000000C500000062
:1092DC001F010000C7000000F8000000E4000000BF
:1092EC000D01000080000000CD000000DA0000003D
:1092FC001901000093000000C0000000BF00000036
:10930C000001000098000000D5000000C200000021
:10931C00DE0000007A000000CD000000D10000004B
:10932C00F200000080000000B3000000B300000059
:10933C00DB00000094000000CE000000B60000002E
:10934C00C200000083000000CD000000C800000037
:10935C00CA00000085000000BC000000B600000040
:10936C00CA000000A7000000CA000000AE00000008
:10937C00B3000000A3000000D8000000C3000000F0
:10938C00BF000000A6000000C4000000BD000000EB
:10939C00CD000000C9000000CB000000B1000000AF
:1093AC00BF000000D4000000DD000000C50000007C
:1093BC00C2000000C8000000CD000000CC0000007E
:1093CC00D8000000E0000000C7000000B70000005B
:1093DC00D0000000F0000000DC000000C500000020
:1093EC00C7000000E3000000D0000000D500000022
:1093FC00DC000000E8000000BB000000C200000020
:10940C00DD000000F7000000C8000000BD000000F7
:10941C00CD000000E5000000CB000000CF000000F4
:10942C00D6000000D9000000B1000000C60000000A
:10943C00E0000000E2000000B6000000BC000000EC
:10944C00CF000000DB000000BE000000C9000000DF
:10945C00CA000000C7000000AF000000CC000000F4
:10946C00D5000000CD000000AA000000BB000000E9
:10947C00C7000000CE000000B9000000C7000000CB
:10948C00BC000000BC000000B5000000CF000000D4
:10949C00C8000000BB000000AE000000C4000000CB
:1094AC00C7000000C5000000BD000000C4000000A3
:1094BC00B8000000B9000000C2000000D10000009C
:1094CC00C0000000B7000000BB000000CA00000094
:1094DC00C6000000C5000000C6000000C50000006A
:1094EC00BC000000C4000000D4000000CE0000004E
:1094FC00C0000000BE000000CC000000CB0000004B
:10950C00C9000000CD000000D1000000C300000025
:10951C00C3000000D0000000DA000000CB00000007
:10952C00C1000000C8000000D3000000CC00000007
:10953C00CB000000AF000000F0000000BB000000FA
:10954C0030010000D400000021010000CE0000001A
:10955C00F500000089000000EC0000000301000091
:10956C0015010000A7000000B0000000E30000009F
:10957C0002010000DD000000C6000000E000000059
:10958C00BF000000B8000000CD0000000F0100007B
:10959C00D40000009C00000098000000E7000000D0
:1095AC00E4000000BF000000AF000000BB000000A2
:1095BC00BF000000A1000000D5000000CD0000009D
:1095CC00C400000071000000C4000000BF000000D7
:1095DC00ED00000084000000BF00000090000000BF
:1095EC00D700000091000000E8000000A00000007F
:1095FC00C60000007A000000D4000000B600000095
:10960C00DB00000093000000B8000000A700000081
:10961C00CF000000C0000000C8000000B500000032
:10962C00AA000000BE000000C3000000DC00000027
:10963C00BB000000CB000000A0000000D300000025
:10964C00C2000000F1000000AE000000D0000000DD
:10965C00AF000000EC000000BE000000E7000000BE
:10966C00BC000000DC000000AE000000DA000000CE
:10967C00DD000000E7000000BE000000C10000009B
:10968C00D5000000E7000000CD000000CF00000076
:10969C00D4000000D8000000C2000000D60000007A
:1096AC00E3000000DD000000B7000000CC0000006B
:1096BC00DA000000E3000000BF000000CE00000054
:1096CC00CD000000D5000000BA000000D900000059
:1096DC00D3000000D1000000AB000000CE00000061
:1096EC00CF000000DA000000B4000000C900000048
:1096FC00BE000000D0000000BA000000D100000045
:10970C00C4000000C5000000B2000000CB00000047
:10971C00CD000000CE000000B8000000C00000002A
:10972C00BF000000C8000000C2000000CC00000018
:10973C00C1000000BF000000BD000000CC00000014
:10974C00C7000000C7000000BE000000C7000000FA
:10975C00C1000000CC000000C8000000CE000000DA
:10976C00BB000000C6000000C5000000D4000000D3
:10977C00C2000000CC000000C2000000CD000000C0
:10978C00C0000000D0000000C9000000CC000000A8
:10979C00BC000000CA000000CD000000CD0000009D
:1097AC00C2000000E700000097000000BE000000AF
:1097BC007B000000C9000000B5000000D1000000D3
:1097CC001C010000EE000000E90000009100000008
:1097DC00B0000000BD00000061000000CD000000E2
:1097EC000C01000011010000D5000000CE000000AB
:1097FC00FF0000006900000081000000C1000000B3
:10980C00E2000000DD000000D50000002501000092
:10981C00D200000098000000A40000008F0000009F
:10982C00CE000000B8000000F6000000F9000000B7
:10983C00E7000000D10000008E000000B500000021
:10984C00BB0000009E000000CA000000E900000000
:10985C0004010000B1000000C3000000D8000000AB
:10986C0097000000A0000000C6000000EE00000001
:10987C00CB000000B6000000F3000000B7000000B1
:10988C00B3000000B2000000CF000000CB000000CD
:10989C00B3000000DD000000CD000000C700000098
:1098AC00C8000000AF000000D9000000C20000009A
:1098BC00CD000000B8000000CC000000D200000079
:1098CC00AB000000D0000000E6000000C800000063
:1098DC00C0000000BE000000E1000000A500000078
:1098EC00B6000000D7000000CA000000BE00000057
:1098FC00CC000000EB000000CD000000AC0000002C
:10990C00CC000000C2000000C8000000C500000030
:10991C00D3000000DD000000C2000000CA000000FF
:10992C00B3000000CB000000C2000000B700000034
:10993C00D5000000E1000000D1000000B5000000DF
:10994C00C0000000D4000000A5000000C100000011
:10995C00DD000000E1000000BE000000BF000000C0
:10996C00D8000000B9000000B0000000CD000000DD
:10997C00CF000000D2000000BF000000D9000000A2
:10998C00C9000000B9000000BB000000BD000000D1
:10999C00D2000000CE000000C8000000D40000007F
:1099AC00C6000000C7000000AE000000CA000000A6
:1099BC00D2000000C1000000CA000000D700000067
:1099CC00D6000000BB000000BD000000D500000068
:1099DC00BA000000C4000000D0000000E00000004D
:1099EC00C7000000BE000000CE000000C500000053
:1099FC00BD000000C9000000CB000000D300000037
:109A0C00C3000000D1000000C6000000C40000002C
:109A1C00C1000000BF000000C100000000010000F8
:109A2C00A5000000EA000000D40000007300000054
:109A3C00B6000000D500000029010000C80000009D
:109A4C00D7000000B100000068000000D500000045
:109A5C00F6000000F3000000C0000000B50000009C
:109A6C00EA0000009E000000EB000000CE000000A9
:109A7C0096000000B7000000D20000001D0100009D
:109A8C00D0000000CC000000A70000007600000011
:109A9C00D7000000E8000000FD000000C900000035
:109AAC00BC000000CE0000009D000000E90000009A
:109ABC00CE0000009C000000B7000000CF000000AA
:109ACC000A010000C4000000CD000000B00000003E
:109ADC0087000000C2000000E4000000F30000005A
:109AEC00CD000000AE000000D00000009A00000085
:109AFC00E0000000C0000000BA000000BE00000042
:109B0C00CA000000ED000000C9000000CA000000FF
:109B1C00B800000087000000CF000000D800000053
:109B2C00F3000000C4000000BC000000C4000000F2
:109B3C009E000000DA000000D0000000C50000000C
:109B4C00C0000000C3000000E5000000BA000000E7
:109B5C00C9000000C8000000AE000000D0000000EA
:109B6C00CB000000DC000000C7000000C8000000B3
:109B7C00D0000000A7000000CB000000CA000000CD
:109B8C00D0000000D7000000CD000000D60000007F
:109B9C00B1000000C8000000C7000000B4000000C5
:109BAC00D8000000D1000000DA000000C000000066
:109BBC00CE000000CB000000A7000000C900000090
:109BCC00CF000000D1000000CE000000CB00000050
:109BDC00D5000000B2000000C5000000C500000068
:109BEC00BE000000D1000000CD000000D500000038
:109BFC00C3000000C8000000C3000000B00000005B
:109C0C00CF000000CF000000CC000000CB00000013
:109C1C00CC000000CE000000B4000000C800000022
:109C2C00CA000000BC000000CC000000CD00000009
:109C3C00D3000000C1000000C8000000C7000000F5
:109C4C00B6000000CB000000CF000000CF000000E9
:109C5C00C9000000C7000000CB000000B9000000E4
:109C6C00CD000000CD000000C3000000CA000000C1
:109C7C00C8000000CF000000C3000000CA000000B4
:109C8C00C400000090000000D6000000BE000000E0
:109C9C00C8000000CA000000C8000000DB00000083
:109CAC00D8000000F000000005010000AC0000002E
:109CBC00F1000000EF000000E600000021010000B0
:109CCC00D800000004010000FC00000000010000AE
:109CDC0042010000C0000000F90000000601000075
:109CEC000501000035010000D50000000401000052
:109CFC0006010000FA00000021010000B90000007C
:109D0C00F400000000010000F60000000601000055
:109D1C00CB000000E9000000E6000000DA000000C3
:109D2C00EB000000B5000000CD000000E4000000D6
:109D3C00D8000000C8000000B8000000C0000000FF
:109D4C00C1000000B2000000BC000000C500000013
:109D5C00A7000000B3000000B0000000A500000048
:109D6C00BB00000096000000A7000000A30000004C
:109D7C00A8000000D00000008D000000A900000029
:109D8C00A2000000A3000000C40000008F0000002F
:109D9C00AF000000A6000000B4000000D4000000DA
:109DAC008A000000AB000000B4000000C1000000FD
:109DBC00CB00000099000000C2000000BF000000B2
:109DCC00C6000000DA000000AD000000C500000075
:109DDC00CD000000D6000000D4000000B40000004C
:109DEC00CE000000D1000000CD000000CF0000002C
:109DFC00CA000000CE000000D6000000CE0000001B
:109E0C00C4000000D3000000CD000000D30000000F
:109E1C00C3000000C9000000EB000000C4000000FB
:109E2C00CF000000C4000000C5000000E2000000EC
:109E3C00C1000000D7000000BD000000C9000000F8
:109E4C00EA000000B6000000C9000000BE000000DF
:109E5C00C9000000DD000000B3000000D1000000CC
:109E6C00C2000000CE000000DA000000AC000000D0
:109E7C00C6000000C5000000D5000000CF000000A7
:109E8C00B2000000C9000000C7000000C9000000BB
:109E9C00CB000000B5000000C4000000CC000000A6
:109EAC00D3000000C4000000BC000000C80000008B
:109EBC00CB000000C3000000C5000000CA00000079
:109ECC00C9000000CE000000C5000000C100000069
:109EDC00C8000000C5000000CE000000C00000005B
:109EEC00C5000000D3000000C1000000C900000044
:109EFC00B9000000C1000000D4000000CE0000003A
:109F0C00CF000000C5000000CA000000C400000023
:109F1C00BB000000D0000000C8000000D100000011
:109F2C00D3000000C0000000C4000000CC00000002
:109F3C00D0000000C7000000B8000000C9000000FD
:109F4C00D1000000D2000000D0000000BB000000D7
:109F5C00B8000000CA000000D2000000D2000000CF
:109F6C00C2000000C6000000C6000000C3000000D4
:109F7C00D1000000C8000000C2000000C6000000B4
:109F8C00C8000000CD000000C7000000CE0000009B
:109F9C00C5000000B5000000C3000000CE000000AA
:109FAC00CE000000C5000000C0000000C200000090
:109FBC00C0000000CA000000CA000000C100000080
:109FCC00C4000000C6000000C6000000C200000073
:109FDC00C9000000C3000000BF000000C200000068
:109FEC00C9000000C9000000C9000000CC0000003E
:109FFC00BF000000B9000000CB000000D000000042
:10A00C00CB000000BF000000C6000000C90000002B
:10A01C00C9000000CF000000C5000000BF00000018
:10A02C00C9000000CD000000CF000000C8000000F7
:10A03C00C9000000CB000000C2000000CE000000F0
:10A04C00CF000000CA000000CB000000C9000000D7
:10A05C00CA000000C8000000CC000000CD000000C9
:10A06C00C6000000CC000000D0000000CD000000B5
:10A07C00C8000000CA000000C7000000C7000000B4
:10A08C00CC000000CE000000C9000000C900000098
:10A09C00CC000000CA000000C3000000C800000093
:10A0AC00CA000000CA000000C7000000CA0000007F
:10A0BC00C9000000C8000000CA000000C700000072
:10A0CC00C1000000C7000000CA000000CB00000067
:10A0DC00C6000000C8000000C8000000C500000059
:10A0EC00C8000000C8000000C5000000C800000047
:10A0FC00C9000000CA000000C4000000C600000037
:10A10C00C8000000C3000000C5000000CA00000029
:10A11C00C9000000C8000000C5000000C900000014
:10A12C00C3000000C5000000CA000000C60000000B
:10A13C00C7000000C6000000C9000000C9000000F4
:10A14C00C5000000C8000000C2000000C5000000EF
:10A15C00CA000000CA000000C6000000C5000000D4
:10A16C00B7000000BC000000BE000000C1000000F1
:10A17C00B9000000B7000000BA000000C8000000E1
:10A18C00BB000000C4000000C1000000BC000000C7
:10A19C00BF000000C6000000C7000000CA0000009D
:10A1AC00C0000000C9000000C8000000C80000008A
:10A1BC00D3000000C4000000C8000000C90000006B
:10A1CC00D0000000D4000000C9000000CC0000004A
:10A1DC00D0000000CD000000D9000000C900000034
:10A1EC00CF000000CE000000D2000000D300000021
:10A1FC00C8000000CF000000D2000000CE0000001C
:10A20C00D1000000C7000000CB000000CE00000011
:10A21C00D0000000CD000000C5000000CA00000006
:10A22C00D0000000CA000000C8000000C8000000F8
:10A23C00C5000000C7000000C8000000C9000000F5
:10A24C00C6000000C1000000C9000000C4000000EE
:10A25C00C4000000C7000000C2000000C5000000E0
:10A26C00C3000000C5000000C8000000BF000000D3
:10A27C00C7000000C1000000C4000000CA000000BC
:10A28C00C3000000C4000000C1000000C6000000B4
:10A29C00CA000000BE000000C7000000C70000009C
:10A2AC00C8000000CB000000C4000000C900000082
:10A2BC00C7000000C9000000CA000000C400000074
:10A2CC00C8000000CB000000CA000000C90000005C
:10A2DC00C6000000C8000000C9000000C900000052
:10A2EC00C9000000C7000000C8000000CB0000003F
:10A2FC00CA000000C8000000C9000000C700000030
:10A30C00C9000000C9000000CB000000CB00000019
:10A31C00C7000000CA000000C6000000C800000012
:10A32C00CB000000C8000000C9000000C500000000
:10A33C00CA000000CB000000C4000000C9000000EF
:10A34C00C6000000C9000000CA000000C8000000E0
:10A35C00C9000000C5000000C8000000CA000000D1
:10A36C00C4000000C7000000C7000000C8000000C7
:10A37C00C7000000C5000000C8000000C7000000B6
:10A38C00C9000000C8000000C3000000C7000000A6
:10A39C00C9000000C9000000C5000000C400000096
:10A3AC00C9000000C7000000C7000000C700000083
:10A3BC00C5000000C6000000C9000000CA00000073
:10A3CC00C7000000C6000000C8000000C800000064
:10A3DC0050000000B9000000E50000000001000082
:10A3EC003801000090000000AC000000BA00000032
:10A3FC00CB000000F500000098000000A000000059
:10A40C00D30000000501000008010000BB000000A3
:10A41C008000000093000000C8000000F500000060
:10A42C00FD000000BF000000C6000000C0000000DE
:10A43C00BB000000D40000009C000000C90000001C
:10A44C00D4000000DA000000FE000000AE000000A6
:10A45C00CC000000B3000000A2000000D7000000F8
:10A46C00AD000000F3000000E9000000C90000008E
:10A47C00D400000085000000C1000000CF000000E7
:10A48C00D7000000EE000000A8000000CF00000084
:10A49C00CD000000CF000000D400000093000000AD
:10A4AC00B4000000CE000000EA000000F60000003E
:10A4BC00BC000000A4000000A8000000C3000000C5
:10A4CC00E4000000D9000000C0000000C80000003B
:10A4DC00C6000000CF000000CD000000AC00000062
:10A4EC00B9000000BD000000D5000000EB0000002A
:10A4FC00C7000000CC000000B1000000AF0000005D
:10A50C00C8000000BF000000E1000000D200000005
:10A51C00CE000000D5000000AA000000C50000001D
:10A52C00BA000000C3000000DD000000BD00000008
:10A53C00D9000000C4000000C6000000CE000000DE
:10A54C00A9000000C7000000CA000000D4000000F1
:10A55C00DF000000BF000000C4000000BC000000D1
:10A56C00C4000000CD000000C1000000C7000000C6
:10A57C00D1000000D1000000D2000000C300000098
:10A58C00B4000000C1000000C9000000D3000000AE
:10A59C00D4000000C1000000CE000000C500000087
:10A5AC00C4000000CA000000B7000000CF0000008B
:10A5BC00CF000000D2000000D3000000B800000063
:10A5CC00C8000000BF000000C6000000D000000062
:10A5DC00BD000000D3000000CA000000CC00000049
:10A5EC00CA000000B6000000C8000000C300000054
:10A5FC00CD000000D2000000C0000000CA00000026
:10A60C00C7000000C8000000CA000000BD00000028
:10A61C00C7000000C9000000CB000000CC00000007
:10A62C00C1000000C0000000C5000000CA0000000E
:10A63C00CC000000C7000000C2000000C8000000F1
:10A64C0066000000A7000000DE000000EA00000029
:10A65C00CF00000078000000A8000000C600000039
:10A66C00D9000000C00000009A000000AA00000001
:10A67C00B9000000D0000000B5000000C5000000CB
:10A68C00B2000000B1000000C6000000BF000000D6
:10A69C00ED000000B0000000B2000000C00000009F
:10A6AC00C1000000FF000000AB000000B50000007E
:10A6BC00C5000000D500000014010000A50000003A
:10A6CC00B8000000C3000000DB000000090100001E
:10A6DC00A2000000C0000000D3000000EB0000004E
:10A6EC00040100009C000000C2000000D400000027
:10A6FC00EA000000F1000000A2000000CA00000007
:10A70C00DB000000EE000000E1000000A6000000ED
:10A71C00C6000000D2000000E3000000CF000000E3
:10A72C00B8000000C8000000CD000000DA000000F6
:10A73C00C5000000C6000000BF000000C5000000FE
:10A74C00C8000000BB000000D5000000B9000000EC
:10A75C00BE000000C2000000B7000000DD000000D9
:10A76C00B0000000B7000000BB000000B500000006
:10A77C00E0000000AD000000B4000000BD000000CF
:10A78C00BD000000E0000000A8000000B4000000C4
:10A79C00BE000000C4000000DF000000A3000000A9
:10A7AC00B7000000BF000000CF000000DC0000007C
:10A7BC00A7000000BD000000C2000000D600000091
:10A7CC00D7000000AC000000BF000000C700000074
:10A7DC00DC000000D5000000BE000000C700000037
:10A7EC00CB000000D6000000CE000000CA00000024
:10A7FC00CB000000CD000000D6000000CB00000014
:10A80C00D5000000CE000000CD000000D2000000FA
:10A81C00C8000000DA000000CB000000CD000000F2
:10A82C00D2000000C7000000DE000000C3000000E2
:10A83C00C6000000CE000000CA000000E0000000CE
:10A84C00BE000000C7000000CF000000C9000000DF
:10A85C00DB000000B5000000C2000000CA000000D0
:10A86C00CD000000DB000000B5000000C0000000BF
:10A87C00C6000000CA000000D0000000B4000000B8
:10A88C00BF000000C5000000CA000000CC000000A2
:10A89C00B6000000C2000000C1000000C7000000AC
:10A8AC00C2000000BB000000C2000000C10000009C
:10A8BC00C3000000BF000000D0000000BE0000007C
:10A8CC00C3000000C3000000B6000000D700000069
:10A8DC00B1000000D60000009E000000CD0000007A
:10A8EC00B2000000DE000000B1000000D700000044
:10A8FC00A0000000E2000000A6000000D80000004C
:10A90C00B1000000CC000000C3000000C600000035
:10A91C00C2000000CF000000BE000000C500000017
:10A92C00C4000000BF000000E2000000B7000000FF
:10A93C00E2000000A5000000DB000000BC000000ED
:10A94C00DF000000B8000000DB000000B5000000D4
:10A95C00ED000000B3000000E2000000AF000000BA
:10A96C00D9000000C2000000D8000000C6000000A2
:10A97C00D4000000CC000000CB000000C700000099
:10A98C00C2000000D6000000C6000000DB00000082
:10A99C00B6000000D7000000BD000000E000000081
:10A9AC00B6000000DD000000AF000000E600000073
:10A9BC00B8000000DD000000B7000000CD00000072
:10A9CC00BE000000CF000000C1000000D700000056
:10A9DC00C1000000CD000000BB000000C50000005D
:10A9EC00D0000000C0000000D1000000BB0000003F
:10A9FC00CB000000CA000000C6000000C700000029
:10AA0C00BD000000C8000000CB000000C800000022
:10AA1C00C8000000C4000000C50000007500000064
:10AA2C00C7000000CA000000DB000000D0000000DE
:10AA3C00D5000000C2000000BE00000004010000B0
:10AA4C0068000000C7000000CB000000D900000027
:10AA5C0008010000CD000000B5000000B6000000A9
:10AA6C00D90000007C000000D3000000CB000000E7
:10AA7C00E20000000B010000C4000000B300000065
:10AA8C00B6000000C50000008C000000CF000000E4
:10AA9C00D2000000E100000014010000AC00000036
:10AAAC00B3000000B0000000B6000000AA000000D7
:10AABC00D2000000CC000000E50000000501000001
:10AACC00A5000000B4000000AA000000B7000000C0
:10AADC00C0000000D2000000C9000000E00000002F
:10AAEC00F5000000A2000000B4000000B10000005E
:10AAFC00B9000000D8000000CC000000C800000025
:10AB0C00D7000000E0000000AA000000C000000018
:10AB1C00B9000000C3000000DC000000C20000000F
:10AB2C00BA000000E7000000E7000000CF000000C2
:10AB3C00DC000000AA000000B5000000C600000008
:10AB4C00A7000000B8000000C9000000E4000000ED
:10AB5C00D4000000DE000000CA000000B4000000B9
:10AB6C00C900000096000000AF000000C500000006
:10AB7C00D6000000E2000000DE000000CD00000066
:10AB8C00BF000000C500000092000000AA000000F9
:10AB9C00BE000000D5000000F6000000E10000003F
:10ABAC00D7000000C8000000BB0000009F000000A0
:10ABBC00A3000000B7000000D6000000F000000069
:10ABCC00F0000000DB000000CC000000BB00000027
:10ABDC0098000000B0000000B0000000D60000009B
:10ABEC00F4000000E3000000EA000000C2000000D6
:10ABFC00BF000000A6000000AC000000BF00000079
:10AC0C00CC000000EE000000DF000000E4000000BB
:10AC1C00D2000000B8000000AB000000AB00000048
:10AC2C00BA000000D2000000E0000000D8000000D4
:10AC3C00DD000000D6000000C5000000B7000000D9
:10AC4C00A7000000B4000000C8000000DB000000FA
:10AC5C00D4000000DC000000CF000000CB0000009E
:10AC6C00C2000000BA000000BD000000C7000000D8
:10AC7C00D0000000C4000000D0000000C50000009F
:10AC8C00CC000000C7000000BA000000C3000000A8
:10AC9C00BE000000CD000000C7000000CB0000008B
:10ACAC00D2000000C5000000CF000000BA00000078
:10ACBC00BF000000C3000000C6000000C60000007A
:10ACCC00CE000000CE000000D2000000C900000041
:10ACDC00BD000000BC000000C1000000C800000066
:10ACEC00C8000000CD000000D0000000D000000023
:10ACFC00D2000000BA000000BE000000C00000003E
:10AD0C00C8000000D1000000CC000000CE00000004
:10AD1C00CE000000D0000000C0000000C100000008
:10AD2C00BD000000CA000000D2000000CD000000F1
:10AD3C00D0000000C9000000CA000000C5000000DF
:10AD4C00C2000000C5000000C4000000CF000000DD
:10AD5C00C8000000CE000000CD000000C7000000BD
:10AD6C00C6000000C2000000C4000000C9000000C2
:10AD7C00CB000000C8000000CA000000C9000000A1
:10AD8C00C7000000C6000000C6000000C2000000A2
:10AD9C00C900000020010000E7000000EF000000E7
:10ADAC005F000000CD00000016010000390100001A
:10ADBC006C0000008A000000AC0000000E010000D6
:10ADCC00AD000000E2000000AB000000BB00000082
:10ADDC006A000000DA000000E6000000E30000005A
:10ADEC005F00000099000000AC000000F8000000BB
:10ADFC00AF000000C100000086000000A3000000AE
:10AE0C009B000000E6000000D1000000C100000023
:10AE1C0085000000A3000000BC000000E70000005B
:10AE2C00C8000000B60000008C000000B500000057
:10AE3C00E0000000E2000000C3000000AD000000D4
:10AE4C00B6000000B8000000D5000000E6000000CD
:10AE5C00E8000000A7000000A0000000D1000000E6
:10AE6C0005010000D6000000BA000000B900000087
:10AE7C00D9000000C4000000DC000000EC00000061
:10AE8C00E8000000A6000000AD000000E800000093
:10AE9C0004010000C4000000B1000000C10000006B
:10AEAC00E5000000CC000000D8000000E400000029
:10AEBC00D60000009D000000B8000000EE0000006D
:10AECC00F6000000B1000000B4000000C800000053
:10AEDC00E4000000B6000000C7000000CE00000037
:10AEEC00CA000000A3000000CB000000DA00000044
:10AEFC00D6000000A6000000B8000000C200000050
:10AF0C00D7000000B9000000C6000000BA00000025
:10AF1C00BF000000B4000000D6000000D400000008
:10AF2C00BF000000AC000000C3000000C90000001E
:10AF3C00D4000000C2000000C2000000BB000000F2
:10AF4C00C5000000BF000000D4000000C9000000D4
:10AF5C00C3000000BF000000C6000000C8000000D5
:10AF6C00D4000000CF000000B8000000BE000000BC
:10AF7C00C9000000DD000000D6000000C200000087
:10AF8C00C3000000C8000000CB000000C600000099
:10AF9C00D5000000D5000000C1000000C700000073
:10AFAC00D0000000DA000000C2000000C100000068
:10AFBC00C4000000D3000000C9000000D000000055
:10AFCC00D7000000CC000000B4000000C10000005D
:10AFDC00D0000000D6000000C2000000C500000038
:10AFEC00D0000000D9000000B9000000C50000002E
:10AFFC00C7000000CE000000B9000000C90000002E
:10B00C00D5000000DF000000BE000000BD00000005
:10B01C00C5000000C8000000BD000000C900000011
:10B02C00C7000000D1000000BA000000CC000000F6
:10B03C00C7000000C8000000B5000000BC00000004
:10B04C00C9000000CC000000C4000000C6000000D5
:10B05C00C3000000C2000000BD000000C6000000DC
:10B06C00C6000000C4000000BA000000C2000000CE
:10B07C00C8000000CE000000C4000000C1000000A9
:10B08C00C0000000C7000000C4000000C6000000A3
:10B09C00C0000000C8000000C9000000C60000008D
:10B0AC00CB000000CA000000C8000000C300000074
:10B0BC00BF000000C9000000CD000000D10000005E
:10B0CC00CB000000CA000000CE000000C40000004D
:10B0DC00CC000000C8000000CA000000CA0000003C
:10B0EC00CC000000D4000000D2000000C900000019
:10B0FC00C5000000C6000000CA000000C900000026
:10B10C00CF000000CC000000CA000000C800000006
:10B11C00C7000000CD000000CB000000C100000003
:10B12C00C3000000C6000000CD000000D0000000ED
:10B13C00C6000000C4000000C3000000C7000000EF
:10B14C00C8000000CD000000C4000000C3000000D7
:10B15C00C6000000C5000000CB000000C7000000C6
:10B16C00C6000000C4000000C6000000C8000000BB
:10B17C00C7000000CB000000C5000000C5000000A7
:10B18C00C7000000C5000000CB000000C700000095
:10B19C00C5000000C8000000C8000000C800000086
:10B1AC00C6000000CA000000C7000000C600000076
:10B1BC00C4000000C9000000C9000000C800000065
:10B1CC00C1000000CA000000CA000000C800000056
:10B1DC00C5000000C5000000C6000000C60000004D
:10B1EC00C6000000C8000000C8000000C500000038
:10B1FC00C5000000CB000000C6000000C400000029
:10B20C00C5000000C7000000CA000000C800000014
:10B21C00C8000000CC000000C8000000C300000003
:10B22C00C4000000CB000000C9000000C9000000F1
:10B23C00C9000000CA000000C8000000CA000000DD
:10B24C00C6000000C8000000C5000000C9000000D6
:10B25C00C9000000CB000000C5000000CA000000BF
:10B26C00CA000000C5000000C5000000C7000000B7
:10B27C00D0000000C8000000C0000000CE0000009C
:10B28C00D0000000D0000000D1000000D20000006F
:10B29C00B9000000C4000000CC000000DC0000007D
:10B2AC00C5000000C0000000BF000000CD00000081
:10B2BC00C7000000CE000000CA000000C90000005A
:10B2CC00B2000000C7000000CE000000D600000055
:10B2DC00BB000000BB000000C0000000D00000005C
:10B2EC00C8000000C9000000C3000000C10000003D
:10B2FC00B9000000CA000000CD000000CE00000024
:10B30C00BB000000BF000000C3000000CE00000026
:10B31C00C9000000C6000000C1000000BF00000012
:10B32C00C0000000CF000000C9000000C9000000F0
:10B33C00BF000000C4000000C8000000CA000000EC
:10B34C00C8000000C6000000C0000000C5000000DE
:10B35C00C8000000CF000000C8000000C8000000BA
:10B36C00C4000000C3000000C9000000CC000000B5
:10B37C00CD000000C5000000C1000000C9000000A5
:10B38C00CE000000CE000000C7000000C600000088
:10B39C00C8000000C7000000CD000000CE00000077
:10B3AC00CC000000C3000000C5000000CD00000070
:10B3BC00CF000000C7000000C6000000C90000005C
:10B3CC00CB000000C5000000CB000000C90000004D
:10B3DC00CB000000C3000000C7000000CD0000003F
:10B3EC00CB000000C4000000C6000000C700000035
:10B3FC00C9000000C2000000CA000000C700000025
:10B40C00C8000000C4000000C7000000CA00000013
:10B41C00C6000000C2000000C6000000C50000000D
:10B42C00C7000000C5000000C8000000C5000000F7
:10B43C00C5000000C5000000C7000000C6000000E9
:10B44C00C7000000C5000000C8000000C4000000D8
:10B45C00C9000000C9000000C6000000C4000000C4
:10B46C00C7000000CA000000C8000000C5000000B2
:10B47C00C7000000C9000000C9000000C6000000A1
:10B48C00CA000000C9000000C5000000C700000091
:10B49C00CA000000CC000000C8000000C50000007D
:10B4AC00C9000000CC000000C8000000C70000006C
:10B4BC00C9000000CA000000C5000000CA0000005E
:10B4CC00CA000000CA000000C5000000C600000051
:10B4DC00CB000000CA000000C6000000C70000003E
:10B4EC00C8000000C9000000C3000000CA00000032
:10B4FC00CA000000C9000000C4000000C700000022
:10B50C00CB000000CA000000C5000000C80000000D
:10B51C00C8000000C7000000C7000000C900000000
:10B52C00CA000000C6000000C6000000C8000000F1
:10B53C00CA000000C6000000C5000000C8000000E2
:10B54C00C9000000C6000000C6000000C9000000D1
:10B55C00C9000000C5000000C6000000C8000000C3
:10B56C00C8000000C6000000C6000000CA000000B1
:10B57C00C8000000C7000000C6000000C9000000A1
:10B58C00C7000000C6000000C6000000C900000093
:10B59C00C8000000C8000000C6000000C900000080
:10B5AC00C6000000C7000000C7000000C800000073
:10B5BC00C8000000C5000000C7000000C800000063
:10B5CC00C7000000C6000000C7000000C800000053
:10B5DC00C7000000C7000000C9000000C700000041
:10B5EC00C8000000C5000000C8000000C700000033
:10B5FC00C8000000C8000000C9000000C80000001E
:10B60C00C8000000C6000000C9000000C600000011
:10B61C00C8000000C8000000C9000000C8000000FD
:10B62C00C7000000C8000000C8000000C7000000F0
:10B63C00C8000000C8000000C8000000C6000000E0
:10B64C00C8000000C9000000C8000000C9000000CC
:10B65C00C7000000C9000000C8000000C3000000C3
:10B66C00C8000000C9000000C9000000C9000000AB
:10B67C00C8000000C9000000C7000000C6000000A0
:10B68C00C3000000C9000000C9000000C900000090
:10B69C00CC000000C7000000C6000000C60000007F
:10B6AC00C7000000C6000000C7000000C900000071
:10B6BC00C9000000CB000000C5000000C70000005E
:10B6CC00C8000000C6000000C4000000C800000054
:10B6DC00C9000000C9000000C9000000C60000003D
:10B6EC00C8000000C7000000C7000000C800000030
:10B6FC00C9000000C6000000C7000000CA0000001E
:10B70C00C7000000C7000000C7000000C800000010
:10B71C00C7000000C5000000C7000000C900000001
:10B72C00C9000000C5000000C7000000C9000000EF
:10B73C00C8000000C7000000C6000000C7000000E1
:10B74C00C7000000C7000000C8000000C9000000CE
:10B75C00A4000000AF000000CE0000002501000096
:10B76C00F6000000F7000000CC000000E000000034
:10B77C0083000000DD000000010100002301000037
:10B78C008700000095000000C700000026010000A3
:10B79C00CA000000C5000000B1000000D900000084
:10B7AC0095000000DA000000F0000000F800000036
:10B7BC007400000095000000CE000000090100009C
:10B7CC00B1000000AB000000A5000000CB000000A1
:10B7DC009E000000CB000000D8000000CC00000050
:10B7EC00780000009F000000D4000000EF00000073
:10B7FC00A900000097000000A7000000C600000090
:10B80C00B6000000CC000000C7000000BA00000029
:10B81C0091000000AD000000D6000000E400000024
:10B82C00B4000000A0000000B3000000D100000034
:10B83C00D7000000CA000000C2000000B7000000E2
:10B84C00B7000000C5000000E3000000E0000000AD
:10B85C00C9000000A8000000C1000000E0000000CA
:10B86C00EE000000CA000000C3000000C60000008B
:10B87C00DA000000D0000000E4000000E00000004E
:10B88C00D1000000AC000000D0000000E800000077
:10B89C00EE000000BC000000C8000000D700000053
:10B8AC00E8000000C3000000D2000000D50000003A
:10B8BC00DC000000B3000000D3000000DE0000003C
:10B8CC00E3000000AF000000C6000000D100000043
:10B8DC00E3000000B5000000C8000000C700000035
:10B8EC00D4000000B0000000CE000000CE0000002C
:10B8FC00D4000000A6000000BF000000C80000003B
:10B90C00D9000000B3000000BE000000BB00000026
:10B91C00C9000000B3000000C8000000C400000013
:10B92C00C7000000AB000000C0000000C500000014
:10B93C00D3000000B7000000BB000000B8000000FE
:10B94C00C9000000BE000000C9000000C0000000DB
:10B95C00C4000000B8000000C4000000C6000000D5
:10B96C00CD000000C2000000C0000000BD000000BF
:10B97C00CB000000CE000000CC000000BF00000097
:10B98C00C4000000C8000000CA000000CB0000008A
:10B99C00CE000000CB000000C0000000C50000007D
:10B9AC00D3000000D7000000C5000000BF0000005D
:10B9BC00CB000000D5000000CB000000CA00000046
:10B9CC00DE000000ED0000009D000000B80000004B
:10B9DC00F800000062000000A3000000F700000067
:10B9EC00060100000F010000CC0000009C000000CC
:10B9FC00B600000076000000BD000000040100004D
:10BA0C00C7000000E1000000E5000000E1000000BC
:10BA1C00DB0000007E00000090000000D20000005F
:10BA2C00B9000000F000000004010000D20000008A
:10BA3C00C400000093000000AF000000DF00000015
:10BA4C009D000000C1000000F1000000E3000000B8
:10BA5C00E1000000B8000000A6000000BC000000DF
:10BA6C0097000000C9000000FB000000CD000000A2
:10BA7C00CC000000CC000000C3000000D00000008F
:10BA8C009B000000B3000000DE000000C6000000B8
:10BA9C00D6000000DF000000BF000000C600000060
:10BAAC00AA000000CA000000E0000000B000000086
:10BABC00BB000000DF000000CB000000D500000040
:10BACC00C2000000C3000000D0000000B500000060
:10BADC00CA000000E0000000AE000000BF00000043
:10BAEC00CF000000DC000000E2000000BB00000002
:10BAFC00BB000000CE000000AB000000CA0000003C
:10BB0C00D5000000C7000000D0000000C7000000F6
:10BB1C00D6000000DC000000A4000000B200000011
:10BB2C00CC000000C3000000DB000000D8000000C7
:10BB3C00D1000000D0000000AC000000BF000000ED
:10BB4C00CF000000AF000000C2000000D6000000D3
:10BB5C00DA000000DF000000BD000000B9000000AA
:10BB6C00C1000000A8000000C6000000DC000000BE
:10BB7C00CE000000D1000000C8000000CC00000086
:10BB8C00CF000000AA000000B7000000CE000000AB
:10BB9C00C9000000D8000000DA000000C700000057
:10BBAC00C5000000B2000000C4000000D20000007C
:10BBBC00BE000000C3000000D5000000CF00000054
:10BBCC00D6000000C3000000C1000000C30000004C
:10BBDC00BB000000CB000000DC000000C700000030
:10BBEC00C8000000C5000000CE000000CE00000020
:10BBFC00C1000000C2000000CD000000C000000029
:10BC0C00CD000000CF000000C9000000C6000000FD
:10BC1C00C6000000CA000000D0000000BB000000FD
:10BC2C00C2000000CA000000C8000000CD000000E7
:10BC3C00BD000000CA000000B1000000DE000000E2
:10BC4C00B5000000E700000094000000E8000000D0
:10BC5C00AA000000FD000000B2000000EB00000094
:10BC6C0097000000E5000000A6000000F6000000B0
:10BC7C00B6000000D9000000B1000000E000000098
:10BC8C00C4000000DC000000BC000000BE0000008E
:10BC9C00C0000000C3000000E4000000CD00000064
:10BCAC00D1000000AB000000CE000000BB00000083
:10BCBC00DF000000B0000000D9000000B30000005D
:10BCCC00D6000000BC000000DE000000B90000003F
:10BCDC00C4000000AE000000D3000000CC00000047
:10BCEC00CB000000C1000000C4000000C500000033
:10BCFC00BD000000CA000000C6000000D10000001A
:10BD0C00AF000000CD000000BC000000D900000016
:10BD1C00B4000000CD000000B9000000D00000000D
:10BD2C00B5000000D3000000C4000000CC000000EF
:10BD3C00B8000000C7000000CB000000CC000000E1
:10BD4C00C5000000C3000000C9000000BE000000D8
:10BD5C00CF000000C3000000D4000000BD000000B4
:10BD6C00CC000000BF000000D3000000C4000000A5
:10BD7C00CC000000C3000000C9000000C900000096
:10BD8C00CF000000CB000000CB000000C100000081
:10BD9C00CA000000C7000000CD000000CB0000006E
:10BDAC00D1000000C5000000CB000000C70000005F
:10BDBC00CE000000C5000000C5000000C700000058
:10BDCC00CE000000C8000000CD000000CA0000003A
:10BDDC00C9000000C3000000C5000000CB0000003B
:10BDEC00CC000000C6000000C6000000CA00000025
:10BDFC00C8000000C7000000C4000000CA0000001A
:10BE0C00C8000000C4000000C6000000CC00000008
:10BE1C00C6000000C5000000C2000000C800000001
:10BE2C00C8000000C5000000C7000000C8000000EA
:10BE3C00C4000000C5000000C6000000C7000000E0
:10BE4C00C8000000C2000000C7000000C6000000CF
:10BE5C00C7000000C4000000C6000000C4000000C1
:10BE6C00C8000000C5000000C7000000C7000000AB
:10BE7C00C5000000C6000000C6000000C60000009F
:10BE8C00C5000000C8000000C5000000CB00000089
:10BE9C00C6000000CA000000C4000000C000000082
:10BEAC0090000000DA000000AC000000EF00000081
:10BEBC001D010000B0000000BA000000DE00000010
:10BECC00EC000000E700000084000000910000007E
:10BEDC00DD000000C4000000D6000000F5000000EA
:10BEEC00C0000000D8000000C7000000D400000013
:10BEFC00D10000007A00000097000000EE00000066
:10BF0C00ED000000F6000000E2000000BD000000A3
:10BF1C00C300000096000000A9000000D60000003D
:10BF2C00A7000000CE000000020100000301000089
:10BF3C00E20000009600000087000000B100000045
:10BF4C00A8000000D300000003010000E100000085
:10BF5C00E4000000CC000000C0000000B6000000AF
:10BF6C007F000000A1000000E7000000ED000000D1
:10BF7C00F7000000ED000000BD000000BB00000059
:10BF8C0099000000AD000000CC000000B8000000DB
:10BF9C00D7000000FF000000E5000000DA00000000
:10BFAC00A9000000A0000000BA000000B3000000CF
:10BFBC00CF000000EF000000CC000000D500000016
:10BFCC00D5000000CC000000C50000009F00000060
:10BFDC00AB000000DC000000CB000000D300000030
:10BFEC00D4000000BF000000C7000000C400000027
:10BFFC00CB000000D5000000AD000000BA0000002E
:10C00C00DB000000CC000000D0000000C7000000E6
:10C01C00BF000000CD000000BC000000C400000008
:10C02C00D0000000B6000000C5000000DA000000DF
:10C03C00D3000000D3000000B4000000B4000000E6
:10C04C00C9000000C1000000CB000000DB000000B4
:10C05C00C6000000CD000000C7000000C8000000B2
:10C06C00C5000000AF000000BA000000D7000000BF
:10C07C00D4000000D8000000D0000000C000000078
:10C08C00C4000000B3000000C1000000D20000009A
:10C09C00C3000000CD000000DB000000CD0000005C
:10C0AC00C9000000B6000000B7000000C700000087
:10C0BC00C1000000CE000000DB000000C800000042
:10C0CC00C9000000C8000000C2000000C50000004C
:10C0DC00B8000000C3000000D3000000CD00000039
:10C0EC00CD000000CC000000BE000000C20000002B
:10C0FC00BD000000C8000000CC000000C40000001F
:10C10C00C9000000D3000000CA000000BE000000FF
:10C11C009B000000A2000000EE000000E400000004
:10C12C00D8000000AB0000009E000000C60000001C
:10C13C00ED000000EC000000C100000098000000C1
:10C14C00A7000000DB000000EA000000E300000094
:10C15C00B6000000A7000000B4000000E3000000DF
:10C16C00E9000000D90000009E000000A6000000BD
:10C17C00C3000000EC000000EC000000CA0000004E
:10C18C00A6000000AD000000C8000000E90000009F
:10C19C00DE000000B7000000AA000000B80000009C
:10C1AC00DF000000E9000000D4000000AD0000003A
:10C1BC00A9000000B7000000E2000000E60000004B
:10C1CC00D0000000B3000000B1000000C700000068
:10C1DC00E1000000D1000000C3000000B10000002D
:10C1EC00B9000000D6000000E3000000D6000000FB
:10C1FC00B9000000A8000000BB000000D90000003E
:10C20C00DC000000D3000000BC000000B9000000FE
:10C21C00C4000000D7000000D4000000C5000000DE
:10C22C00AF000000BE000000D0000000DC000000E9
:10C23C00D5000000C1000000B4000000BC000000EC
:10C24C00C9000000D2000000B0000000A3000000F4
:10C25C00C7000000CF000000E5000000DD0000007A
:10C26C00D8000000C6000000BA000000AB000000BF
:10C27C00AE000000BD000000CA000000DB000000A2
:10C28C00E0000000DF000000CF000000BE00000056
:10C29C00B0000000B1000000B6000000C4000000B7
:10C2AC00D7000000DF000000DD000000D00000001F
:10C2BC00C5000000B7000000AD000000B400000095
:10C2CC00C4000000D2000000DC000000E10000000F
:10C2DC00D7000000C6000000B5000000AE00000052
:10C2EC00B4000000BD000000D1000000DD00000023
:10C2FC00DF000000D5000000CA000000B8000000FC
:10C30C00B3000000AE000000BA000000CE00000038
:10C31C00DA000000DD000000D8000000CD000000B5
:10C32C00BB000000B1000000B0000000BF00000026
:10C33C00CA000000D6000000E0000000DA00000097
:10C34C00CE000000BD000000B4000000B4000000EE
:10C35C00B8000000C6000000D9000000DE0000009C
:10C36C00DA000000CF000000C1000000B90000009E
:10C37C00B8000000C0000000C9000000C7000000A9
:10C38C00C7000000C8000000C7000000C800000083
:10C39C00C8000000C8000000C8000000C800000071
:10C3AC00C8000000C8000000C8000000C800000061
:10C3BC00C8000000C8000000C8000000C800000051
:10C3CC00C8000000C8000000C8000000C800000041
:10C3DC00C8000000C8000000C8000000C800000031
:10C3EC00C8000000C8000000C8000000C700000022
:10C3FC00C7000000C8000000C8000000C700000013
:10C40C00C9000000C7000000C7000000C600000003
:10C41C00C9000000C9000000C4000000C4000000F6
:10C42C00C7000000CE000000BA000000B4000000FD
:10C43C00D7000000DE000000DB000000B2000000AE
:10C44C0087000000C2000000DF000000F9000000BF
:10C45C00D70000007D000000B7000000D0000000F5
:10C46C00FA000000DB00000079000000AA000000C8
:10C47C00CB000000FA000000F1000000900000006A
:10C48C00C3000000CA000000E3000000E50000004B
:10C49C0091000000BA000000C8000000D8000000A5
:10C4AC00F00000009F000000C3000000DC00000052
:10C4BC00D1000000E300000093000000B700000072
:10C4CC00DB000000CA000000E60000009F00000036
:10C4DC00BB000000E5000000C8000000E200000006
:10C4EC00A1000000B0000000E1000000BD00000051
:10C4FC00E3000000AF000000B6000000E9000000FF
:10C50C00C3000000E3000000B8000000A40000001D
:10C51C00DC000000C2000000E5000000C5000000C7
:10C52C009D000000D7000000CA000000E7000000DA
:10C53C00CE00000094000000C8000000C500000000
:10C54C00E7000000DC0000009A000000C8000000BA
:10C55C00C5000000E0000000E50000009C000000A9
:10C56C00C4000000BF000000D1000000EB00000080
:10C57C00A6000000C8000000C8000000CB000000AE
:10C58C00ED000000A6000000BD000000CD00000082
:10C59C00C4000000ED000000A8000000BD00000079
:10C5AC00DB000000C7000000EA000000AB00000048
:10C5BC00B3000000D8000000C1000000E80000003B
:10C5CC00B3000000B1000000DC000000C20000005D
:10C5DC00E6000000BC000000AA000000D40000002F
:10C5EC00B9000000E2000000C6000000A700000037
:10C5FC00D8000000C0000000E0000000CB000000EC
:10C60C009E000000D2000000C1000000DA00000013
:10C61C00D00000009D000000D1000000CB00000005
:10C62C00DB000000D70000009D000000CD000000E2
:10C63C00CC000000D4000000DA000000A2000000D2
:10C64C00CE000000CE000000CF000000E000000093
:10C65C00A6000000C7000000CF000000C7000000CB
:10C66C00E2000000A7000000C2000000D50000009E
:10C67C00C6000000E4000000AC000000BC0000009C
:10C68C00D9000000C0000000E1000000B000000074
:10C69C00B9000000DC000000BF000000E00000005A
:10C6AC00B8000000B6000000DC000000BD00000077
:10C6BC00DB000000BD000000B3000000DC00000047
:10C6CC00BE000000DB000000C6000000AC00000053
:10C6DC00D9000000C0000000D7000000C900000015
:10C6EC00A5000000D7000000C6000000D500000027
:10C6FC00CD000000A2000000D4000000CB00000020
:10C70C00D1000000D1000000A2000000D000000009
:10C71C00CF000000CE000000D8000000A6000000F2
:10C72C00CF000000D2000000CA000000DA000000B8
:10C73C00A8000000C9000000D5000000C6000000E1
:10C74C00DF000000AA000000C3000000D9000000B8
:10C75C00C3000000DF000000AD000000BD000000C1
:10C76C00DD000000C1000000DE000000B30000008E
:10C77C00BA000000DF000000BF000000D80000007D
:10C78C00B5000000B6000000DF000000C000000093
:10C79C00D7000000BC000000B4000000DD00000069
:10C7AC00C1000000D5000000C3000000AE00000076
:10C7BC00DC000000C3000000D0000000C800000036
:10C7CC00A9000000DB000000C7000000CC00000046
:10C7DC00CC000000A5000000D6000000CE00000038
:10C7EC00CA000000D2000000A6000000D300000028
:10C7FC00D2000000C6000000D5000000A900000017
:10C80C00D0000000D4000000C3000000D8000000DD
:10C81C00AC000000CC000000D8000000C1000000FB
:10C82C00DA000000AC000000C5000000DC000000D5
:10C83C00C0000000DB000000AE000000C0000000E3
:10C84C00E0000000C0000000D8000000B3000000B1
:10C85C00B9000000E1000000C0000000D50000009D
:10C86C00B8000000B5000000E1000000C2000000AC
:10C87C00D1000000BE000000B2000000DF0000008C
:10C88C00C4000000CF000000C5000000AE00000096
:10C89C00DD000000C6000000CC000000C800000055
:10C8AC00A9000000DB000000CB000000C900000064
:10C8BC00CD000000A8000000D8000000D00000004F
:10C8CC00C4000000CF000000A8000000D30000004E
:10C8DC00D5000000C3000000D3000000AB00000036
:10C8EC00D0000000D9000000C2000000D4000000FD
:10C8FC00AD000000CA000000DB000000C100000019
:10C90C00D6000000AF000000C3000000DF000000F4
:10C91C00C0000000D6000000B1000000BE00000006
:10C92C00E1000000C1000000D3000000B6000000D0
:10C93C00B7000000E2000000C2000000D1000000BF
:10C94C00BA000000B3000000E0000000C5000000C9
:10C95C00CD000000C0000000B3000000E2000000A9
:10C96C00CD000000CD000000C4000000A4000000B9
:10C97C00D7000000C6000000CE000000D30000006D
:10C98C009F000000D4000000D7000000ED00000064
:10C99C00C900000097000000BA000000EA00000087
:10C9AC00C9000000D50000009C000000EB00000056
:10C9BC00D7000000C3000000C1000000BB00000055
:10C9CC00C1000000D2000000A5000000E70000003C
:10C9DC00B7000000D6000000C9000000C80000002D
:10C9EC00D1000000B6000000A8000000E10000002B
:10C9FC00BA000000DD000000A4000000CD00000023
:10CA0C00E7000000CA000000BE000000BC000000EF
:10CA1C00B3000000E4000000B3000000DC000000E4
:10CA2C00C1000000BB000000D5000000D2000000D7
:10CA3C00CF000000BF000000A1000000E4000000D7
:10CA4C00CE000000CB000000BF000000BD000000C5
:10CA5C00E7000000C8000000B6000000CC00000099
:10CA6C00B7000000D6000000C3000000C2000000A8
:10CA7C00DE000000B0000000CF000000CE0000007F
:10CA8C00C8000000CB000000A2000000C70000009E
:10CA9C00E6000000C4000000D2000000A700000067
:10CAAC00DA000000DC000000BB000000BF0000004A
:10CABC00B8000000C6000000E2000000B600000054
:10CACC00E3000000B6000000C3000000CE00000030
:10CADC00CB000000CD000000B1000000A800000059
:10CAEC00F4000000C7000000D4000000AA00000001
:10CAFC00C9000000E2000000C1000000B40000000A
:10CB0C00CD000000B5000000E1000000B400000002
:10CB1C00DE000000CA000000B4000000C8000000E5
:10CB2C00D9000000C7000000C80000009A000000F7
:10CB3C00EB000000D5000000CA000000BB000000A4
:10CB4C00BC000000DB000000D3000000B0000000BF
:10CB5C00DB000000B1000000D4000000C6000000A3
:10CB6C00CA000000D9000000B2000000B3000000B1
:10CB7C00D8000000C2000000DF000000BC00000074
:10CB8C00D2000000D9000000AD000000CF00000072
:10CB9C00CE000000B1000000220100009E00000049
:10CBAC00E0000000C7000000AF0000000B01000017
:10CBBC004600000019010000CB000000A500000099
:10CBCC00FB00000073000000850000006E000000F8
:10CBDC00F2000000080100003801000051010000C3
:10CBEC00A50000004B0000004F0000008C0000006E
:10CBFC00DA000000EB0000000C0100002C0100002A
:10CC0C00D7000000E60000006E0000006D00000080
:10CC1C00BA000000CF000000C40000003B0100007F
:10CC2C001F010000C8000000990000004200000035
:10CC3C0062000000EB000000F50000003B0100006A
:10CC4C00F0000000BE00000086000000860000001E
:10CC5C00A30000008C00000007010000C3000000CE
:10CC6C00F300000042010000B40000007C00000052
:10CC7C0022000000AB000000FE00000020010000BC
:10CC8C0019010000D100000091000000DD0000003F
:10CC9C006B000000B1000000EA000000CE000000B4
:10CCAC00F9000000180100001401000081000000D0
:10CCBC007D0000008C000000A000000016010000A8
:10CCCC00F1000000FB000000EC0000009B000000E5
:10CCDC007A000000B7000000C8000000C900000086
:10CCEC00EE000000DA000000E7000000CE000000BB
:10CCFC00B3000000860000007E000000E40000008D
:10CD0C00C6000000F70000002201000089000000AE
:10CD1C0081000000A9000000C9000000D50000003F
:10CD2C00F4000000DA000000A6000000E1000000A2
:10CD3C00E00000007C000000C6000000AE00000017
:10CD4C00C200000015010000F0000000E10000002E
:10CD5C00880000008D000000D2000000BC00000024
:10CD6C0005010000CB000000DC000000D500000035
:10CD7C00B4000000A2000000CF000000A4000000DE
:10CD8C00C0000000EC000000F6000000D100000024
:10CD9C00C60000008E00000087000000DF000000CD
:10CDAC00D4000000B70000001A010000C60000000B
:10CDBC008C000000B7000000BA000000CB0000009F
:10CDCC00CD000000BB000000EA000000E300000002
:10CDDC00DD000000B100000094000000CB0000005A
:10CDEC00C9000000D4000000E9000000D2000000DF
:10CDFC00BD000000B8000000C9000000C800000021
:10CE0C00CB000000C4000000C2000000CE000000F7
:10CE1C00D8000000CF000000D1000000B9000000D5
:10CE2C00B1000000CD000000C7000000C9000000E8
:10CE3C00D7000000CA000000C5000000C4000000BC
:10CE4C00C1000000C4000000BE000000CE000000C5
:10CE5C00CF000000C9000000CC000000C60000009C
:10CE6C00C1000000C0000000BF000000CD000000A9
:10CE7C00D0000000CD000000C8000000C30000007E
:10CE8C00C0000000C5000000C7000000CF0000007B
:10CE9C00C7000000CA000000CB000000C300000067
:10CEAC00C9000000C1000000C1000000CB00000060
:10CEBC00CC000000D0000000C7000000C40000003F
:10CECC00C4000000C1000000C9000000CC0000003C
:10CEDC00CE000000CD000000C5000000C600000020
:10CEEC00C5000000C3000000C8000000C90000001D
:10CEFC00CC000000CC000000C8000000C9000000FD
:10CF0C00C3000000C2000000C2000000C30000000B
:10CF1C00D3000000D1000000C9000000C6000000D2
:10CF2C00C0000000C2000000C5000000C9000000E5
:10CF3C00CD000000CA000000CC000000C8000000BA
:10CF4C00C5000000C4000000BF000000C4000000C9
:10CF5C00CD000000CE000000CF000000C400000097
:10CF6C00C6000000C4000000C2000000C8000000A1
:10CF7C00CB000000CD000000CB000000C40000007E
:10CF8C00C8000000C4000000C4000000C60000007F
:10CF9C00C9000000CC000000CC000000C70000005D
:10CFAC00C7000000C2000000C4000000C400000064
:10CFBC00C9000000CF000000CB000000C70000003B
:10CFCC00C6000000C2000000C7000000C500000041
:10CFDC00CB000000CB000000C8000000CB0000001C
:10CFEC00C6000000C5000000C4000000C100000025
:10CFFC00CB000000CA000000CC000000CA000000FA
:10D00C00C4000000C8000000C4000000C6000000FE
:10D01C00C9000000C7000000CD000000C6000000E1
:10D02C00C8000000C7000000C2000000C8000000DB
:10D03C00C7000000CA000000CB000000C8000000C0
:10D04C00C9000000C5000000C4000000C7000000BB
:10D05C00C6000000CB000000CB000000C8000000A0
:10D06C00C8000000C5000000C5000000C70000009B
:10D07C00C6000000CB000000CA000000C900000080
:10D08C00C9000000C4000000C6000000C50000007C
:10D09C00C6000000CC000000C7000000CC0000005F
:10D0AC00C8000000C5000000C8000000C40000005B
:10D0BC00C8000000C8000000C7000000CC00000041
:10D0CC00C6000000C8000000C7000000C30000003C
:10D0DC00C9000000C6000000CC000000C900000020
:10D0EC00C4000000C8000000C5000000C90000001A
:10D0FC00C6000000C5000000CA000000C800000007
:10D10C00C9000000C8000000C6000000C6000000F6
:10D11C00C5000000C6000000CC000000C8000000E4
:10D12C00C8000000C6000000C8000000C7000000D6
:10D13C00C6000000C6000000C9000000C5000000C9
:10D14C00C7000000C5000000CA000000CB000000B2
:10D15C00C8000000C8000000C6000000C8000000A5
:10D16C00C8000000C3000000CA000000C600000098
:10D17C00C7000000CB000000CB000000C80000007E
:10D18C00C3000000C2000000C9000000C80000007D
:10D19C00CA000000C8000000CB000000CA0000005C
:10D1AC00C5000000C4000000C6000000C50000005F
:10D1BC00C9000000C6000000CC000000CC0000003C
:10D1CC00C6000000C4000000C4000000C80000003D
:10D1DC00C9000000C6000000CC000000CA0000001E
:10D1EC00C6000000C6000000C5000000C900000019
:10D1FC00C7000000C6000000CB000000C900000002
:10D20C00CA000000C6000000C5000000C8000000F5
:10D21C00C4000000C9000000CA000000CA000000E1
:10D22C00C9000000C3000000C5000000CA000000D7
:10D23C00C6000000C8000000C7000000CB000000C2
:10D24C00CA000000C6000000C7000000C5000000B6
:10D25C00C4000000C8000000C8000000CD000000A1
:10D26C00C9000000C5000000C5000000C800000097
:10D27C00C8000000C5000000C6000000CC00000083
:10D28C00C8000000C8000000C6000000C600000076
:10D29C00C7000000C5000000C7000000CC00000063
:10D2AC00C8000000C7000000C5000000C800000056
:10D2BC00C7000000C4000000C7000000CC00000044
:10D2CC00CA000000C6000000C1000000CB00000036
:10D2DC00CC000000C0000000CB000000CA00000021
:10D2EC00E0000000C1000000B6000000BE0000001D
:10D2FC00E7000000F5000000BE000000A9000000DF
:10D30C00C7000000D9000000C9000000C9000000DF
:10D31C00C1000000D0000000CF000000C2000000DF
:10D32C00BF000000D5000000BE000000B3000000EC
:10D33C00B4000000E1000000CB000000C3000000BE
:10D34C00B5000000D1000000D5000000C3000000B3
:10D35C00AD000000C9000000CD000000C5000000B9
:10D36C00B0000000D9000000CE000000C00000009A
:10D37C00BE000000CE000000CB000000B700000093
:10D38C00B0000000CC000000D2000000BF00000084
:10D39C00BD000000DB000000D3000000AC0000006A
:10D3AC00BA000000D1000000C9000000B800000065
:10D3BC00C3000000DD000000D8000000B900000030
:10D3CC00B2000000CF000000DA000000B600000040
:10D3DC00B6000000D4000000E5000000C40000000E
:10D3EC00BB000000C6000000CF000000C70000001A
:10D3FC00C1000000CC000000DB000000C6000000F3
:10D40C00C4000000C9000000DA000000C2000000E7
:10D41C00C2000000C9000000D7000000CC000000D2
:10D42C00CA000000BC000000D6000000C8000000CC
:10D43C00C8000000C8000000DB000000C6000000AF
:10D44C00BA000000C2000000D9000000C3000000B8
:10D45C00C7000000BF000000DF000000D00000008B
:10D46C00BE000000B0000000D1000000CF000000A2
:10D47C00BB000000B8000000DD000000D10000007F
:10D48C00C0000000B2000000CC000000CA00000088
:10D49C00BE000000B4000000D4000000D500000065
:10D4AC00BF000000B3000000CD000000CC00000065
:10D4BC00BD000000B9000000CE000000CE0000004E
:10D4CC00C1000000BB000000CA000000D200000038
:10D4DC00BC000000B7000000D6000000D300000024
:10D4EC00BC000000B8000000D2000000D00000001A
:10D4FC00BB000000C4000000D0000000D8000000F9
:10D50C00BF000000B8000000CE000000D6000000F4
:10D51C00C0000000C0000000CF000000D8000000D8
:10D52C00C3000000C1000000C7000000CF000000D5
:10D53C00C7000000C5000000C9000000D2000000B8
:10D54C00C6000000C4000000C6000000CE000000B1
:10D55C00C5000000C6000000C8000000CC000000A0
:10D56C00C8000000C7000000C5000000CA00000091
:10D57C00C8000000C6000000C7000000CD0000007D
:10D58C00C7000000C5000000C5000000CA00000074
:10D59C00C9000000C7000000C6000000C900000060
:10D5AC00CA000000C6000000C5000000C800000052
:10D5BC00C9000000C7000000C6000000C900000040
:10D5CC00CA000000C7000000C4000000C700000033
:10D5DC00CA000000C8000000C6000000C700000020
:10D5EC00CA000000C8000000C5000000C600000012
:10D5FC00C9000000C8000000C6000000C800000000
:10D60C00CA000000C7000000C5000000C7000000F1
:10D61C00C9000000C8000000C6000000C7000000E0
:10D62C00CA000000C7000000C5000000C7000000D1
:10D63C00CA000000C8000000C6000000C7000000BF
:10D64C00CA000000C8000000C5000000C6000000B1
:10D65C00CA000000C8000000C6000000C6000000A0
:10D66C00CA000000C8000000C5000000C600000091
:10D67C00C9000000C8000000C7000000C70000007F
:10D68C00C9000000C7000000C6000000C600000072
:10D69C00C9000000C8000000C7000000C70000005F
:10D6AC00C9000000C8000000C7000000C600000050
:10D6BC00C8000000C8000000C7000000C700000040
:10D6CC00C9000000C8000000C6000000C600000031
:10D6DC00C9000000C9000000C7000000C60000001F
:10D6EC00C8000000C9000000C8000000C70000000E
:10D6FC00C7000000C8000000C7000000C800000000
:10D70C00C8000000C8000000C7000000C7000000EF
:10D71C00C8000000C8000000C7000000C8000000DE
:10D72C00C8000000C8000000C7000000C8000000CE
:10D73C00C8000000C7000000C6000000C8000000C0
:10D74C00C8000000C8000000C7000000C7000000AF
:10D75C00C8000000C8000000C7000000C80000009E
:10D76C00C8000000C8000000C7000000C80000008E
:10D77C00C8000000C8000000CA000000DE00000065
:10D78C009E000000B8000000C40000000101000071
:10D79C00E00000009F000000A30000009E000000BD
:10D7AC0016010000E1000000AE000000AB0000001C
:10D7BC00C5000000F7000000C7000000C100000019
:10D7CC0099000000EF000000CF000000A600000050
:10D7DC00C5000000D3000000F2000000BD000000F6
:10D7EC00B90000009E00000004010000E9000000E8
:10D7FC0098000000A8000000BE0000000801000016
:10D80C00D6000000B600000099000000E600000001
:10D81C00F6000000B7000000A4000000B5000000F6
:10D82C0001010000D6000000BC000000A5000000B3
:10D83C00D6000000F9000000C00000009F000000AE
:10D84C00AE00000006010000D5000000B60000008C
:10D85C00A6000000C600000000010000C900000086
:10D86C009F0000009D000000FA000000E000000096
:10D87C00C1000000AA000000B3000000F900000085
:10D88C00D1000000B600000098000000E800000085
:10D89C00DE000000B7000000B7000000B700000079
:10D8AC00F8000000CD000000B10000009500000061
:10D8BC00EB000000EA000000B6000000B20000001F
:10D8CC00AE000000F6000000D5000000BA00000019
:10D8DC0097000000DA000000E7000000B60000002E
:10D8EC00BB000000AF000000F4000000CE00000000
:10D8FC00B60000009F000000D7000000F1000000FF
:10D90C00B6000000B2000000AE000000FA000000FB
:10D91C00D4000000B8000000A2000000C700000006
:10D92C00F7000000BB000000B0000000AC000000DD
:10D93C00F9000000D8000000BB000000A8000000A7
:10D94C00BE000000F9000000C1000000AE000000A5
:10D95C00A7000000F3000000DE000000BE00000085
:10D96C00B1000000B6000000F8000000C700000085
:10D97C00AD000000A3000000EB000000E40000007C
:10D98C00BC000000B7000000B0000000F800000070
:10D99C00D0000000AF000000A1000000E10000007A
:10D9AC00E5000000BA000000BE000000B00000005E
:10D9BC00F8000000D4000000B3000000A10000003B
:10D9CC00D7000000EB000000B9000000C000000010
:10D9DC00AF000000F7000000D7000000B900000005
:10D9EC00A4000000CD000000EF000000B900000012
:10D9FC00BC000000B0000000F3000000DB000000E1
:10DA0C00BE000000A7000000C3000000F2000000F0
:10DA1C00BB000000B9000000B0000000EE000000E8
:10DA2C00DB000000BD000000AD000000C2000000E3
:10DA3C00F5000000BD000000B0000000AF000000C9
:10DA4C00EB000000DB000000BA000000B200000098
:10DA5C00BC000000F8000000C6000000AF00000091
:10DA6C00AB000000E1000000DD000000BE00000083
:10DA7C00BB000000B3000000F6000000CF00000067
:10DA8C00AF000000A7000000D8000000E400000078
:10DA9C00BD000000BA000000B1000000F70000005B
:10DAAC00D6000000AB000000A4000000D300000072
:10DABC00ED000000BC000000B8000000AD0000004C
:10DACC00F2000000DA000000B0000000A600000028
:10DADC00CF000000EE000000BB000000B70000000B
:10DAEC00B1000000EA000000DC000000B4000000FF
:10DAFC00AB000000C6000000F0000000BF000000FA
:10DB0C00B9000000AD000000E1000000DE000000E4
:10DB1C00BD000000AE000000BD000000F1000000E0
:10DB2C00C6000000B4000000AC000000DB000000E8
:10DB3C00E3000000C0000000B1000000B6000000CF
:10DB4C00F6000000CA000000AE000000AB000000B0
:10DB5C00DB000000E5000000BF000000B400000086
:10DB6C00B4000000F5000000CE000000AD00000085
:10DB7C00AE000000D4000000E3000000C100000073
:10DB8C00BA000000B3000000EF000000D30000005A
:10DB9C00AF000000AE000000CF000000E700000066
:10DBAC00C3000000BB000000AE000000EB00000052
:10DBBC00DC000000B3000000AC000000C900000055
:10DBCC00EB000000C4000000B9000000AE00000033
:10DBDC00E6000000E2000000B4000000AD00000010
:10DBEC00C5000000EF000000C3000000B5000000FD
:10DBFC00AF000000E2000000E4000000B8000000EC
:10DC0C00B0000000C1000000F0000000C4000000E3
:10DC1C00B3000000B2000000DB000000E6000000D2
:10DC2C00BE000000B4000000BA000000EF000000CD
:10DC3C00C9000000B4000000B1000000D3000000D7
:10DC4C00E6000000C4000000B6000000B3000000B5
:10DC5C00EF000000D2000000B2000000AE00000097
:10DC6C00CD000000E9000000C6000000B600000076
:10DC7C00B0000000EE000000D6000000B100000073
:10DC8C00B0000000CB000000E8000000C500000060
:10DC9C00B7000000AF000000E9000000DC0000004D
:10DCAC00B4000000B2000000C5000000E800000055
:10DCBC00C3000000B7000000AF000000E700000048
:10DCCC00E4000000B6000000AD000000C100000040
:10DCDC00EA000000CB000000BC000000A90000001E
:10DCEC00C2000000E7000000C8000000D1000000E6
:10DCFC00BD000000D8000000B9000000A900000021
:10DD0C00B4000000E0000000F4000000B9000000C6
:10DD1C00B3000000C7000000F6000000C5000000C2
:10DD2C00AC000000AC000000BA000000E0000000F5
:10DD3C00D0000000C3000000B7000000EC000000A1
:10DD4C00DD000000B0000000A7000000CB000000C8
:10DD5C00DF000000B7000000B5000000C3000000A9
:10DD6C00F6000000CB000000BD000000C200000067
:10DD7C00BC000000D3000000C9000000B700000088
:10DD8C00AB000000EA000000E8000000B600000054
:10DD9C00AD000000CF000000ED000000B700000057
:10DDAC00A9000000B5000000EA000000D600000049
:10DDBC00C1000000C4000000B7000000D900000042
:10DDCC00D7000000BC000000A2000000D40000003E
:10DDDC00EB000000BE000000B2000000C900000013
:10DDEC00EE000000BC000000AF000000B900000015
:10DDFC00DA000000D4000000C0000000C7000000E2
:10DE0C00B9000000DD000000D8000000BB000000DD
:10DE1C00A5000000CA000000EF000000C3000000D5
:10DE2C00AC000000C1000000F7000000CB000000B7
:10DE3C00B1000000B8000000C9000000D4000000D0
:10DE4C00C7000000C6000000B2000000D9000000AE
:10DE5C00E1000000C4000000AE000000BF000000A4
:10DE6C00E9000000C4000000AA000000BD00000092
:10DE7C00F2000000CF000000B2000000C100000062
:10DE8C00C9000000D8000000C9000000C20000005A
:10DE9C00AD000000CE000000E4000000C700000050
:10DEAC00B2000000BC000000ED000000CF0000003C
:10DEBC00AD000000B6000000E3000000D30000003D
:10DECC00B2000000C1000000C8000000E00000002B
:10DEDC00CA000000BF000000B0000000C600000037
:10DEEC00EA000000A4000000BA000000D10000000D
:10DEFC00F9000000E8000000AF00000096000000F0
:10DF0C00BD000000D4000000A6000000BD00000011
:10DF1C00A1000000F6000000B5000000E2000000C7
:10DF2C00D8000000C80000002601000069000000B5
:10DF3C00B5000000E2000000CC000000C8000000AA
:10DF4C00AF000000A4000000A300000008010000C6
:10DF5C00A2000000FD00000007010000F700000017
:10DF6C009A000000C3000000780000005A00000076
:10DF7C001E010000CB000000ED000000CA000000F4
:10DF8C00EF0000008A000000C50000009A000000AD
:10DF9C00B00000002A01000076000000DF00000045
:10DFAC00CA000000D10000009D000000D30000005A
:10DFBC00D1000000B700000038010000A8000000EC
:10DFCC00A7000000A8000000C9000000B700000076
:10DFDC00C0000000DB000000CC00000024010000A9
:10DFEC00A1000000AC000000B7000000BA00000067
:10DFFC00B1000000C8000000E3000000AC0000000D
:10E00C0025010000CA000000B700000097000000C6
:10E01C00D3000000CB000000BA000000DB000000C1
:10E02C00AE00000017010000B9000000C90000009C
:10E03C00B7000000C9000000C5000000D4000000BB
:10E04C00E00000009400000006010000DC0000006D
:10E05C00B60000009B000000CF000000DA000000BA
:10E06C00CB000000D60000009A000000EF0000007A
:10E07C00C8000000BD000000A8000000C0000000A7
:10E08C00DA000000D5000000ED0000008700000061
:10E09C00E1000000EE000000B70000008A00000064
:10E0AC00CB000000ED000000BE000000E10000000D
:10E0BC0099000000D9000000D8000000BC0000004E
:10E0CC00A3000000C5000000D6000000C90000003D
:10E0DC00EE00000087000000D0000000F8000000F7
:10E0EC00B900000089000000CD000000E300000032
:10E0FC00C0000000EC0000009C000000CB00000001
:10E10C00E3000000B8000000AC000000CA000000F2
:10E11C00CE000000D00000000001000095000000BF
:10E12C00BD000000F0000000B500000097000000EA
:10E13C00CF000000E3000000C0000000E000000081
:10E14C00B4000000C5000000CF000000B4000000C7
:10E15C00B6000000C2000000D1000000CA000000A0
:10E16C00DD000000BC000000C2000000D000000078
:10E17C00C0000000B4000000C9000000DA0000007C
:10E18C00C8000000C7000000BF000000C80000006D
:10E19C00C9000000C6000000C8000000D500000047
:10E1AC00D2000000C9000000C3000000BB0000004A
:10E1BC00C3000000CB000000CE000000C700000030
:10E1CC00CA000000CC000000C7000000BE00000028
:10E1DC00C0000000C8000000CA000000CA00000017
:10E1EC00CA000000C9000000CD000000C8000000FB
:10E1FC00BF000000BF000000CE000000CF000000F8
:10E20C00CA000000C7000000C3000000C9000000E5
:10E21C00CB000000C3000000C0000000CA000000DA
:10E22C00CD000000CA000000C8000000C2000000C1
:10E23C00C7000000CA000000C4000000C4000000B9
:10E24C00D0000000CF000000C5000000C30000009B
:10E25C00BF000000C4000000CB000000CA0000009A
:10E26C00C7000000CB000000CD000000C50000007E
:10E27C00C2000000BF000000C7000000CF0000007B
:10E28C00C9000000C3000000CA000000CC00000060
:10E29C00C3000000C5000000C6000000C90000005B
:10E2AC00CD000000C9000000C2000000C400000046
:10E2BC00CB000000C7000000C7000000C400000035
:10E2CC00CA000000CD000000C8000000C200000021
:10E2DC00C4000000CC000000C6000000C800000014
:10E2EC00C8000000CA000000CA000000C8000000FE
:10E2FC00C2000000BF000000CC000000CB000000FA
:10E30C00C9000000C6000000CA000000CB000000DD
:10E31C00C7000000C3000000C2000000CC000000D9
:10E32C00CA000000C6000000C7000000C8000000C2
:10E33C00C7000000C8000000C7000000C2000000B9
:10E34C00CA000000CD000000C6000000C50000009F
:10E35C00C7000000C8000000C7000000C700000094
:10E36C00C4000000CB000000CC000000C600000080
:10E37C00C7000000C6000000C7000000C800000075
:10E38C00C9000000C3000000C9000000CD0000005F
:10E39C00C6000000C4000000C6000000CA00000057
:10E3AC00C8000000C8000000C4000000CA00000043
:10E3BC00CA000000C4000000C6000000C600000037
:10E3CC00C7000000C9000000CB000000C400000022
:10E3DC00C7000000CB000000C7000000C500000013
:10E3EC00C6000000CA000000C8000000C800000001
:10E3FC00C5000000C7000000C9000000C7000000F5
:10E40C00C8000000C7000000C9000000C8000000E0
:10E41C00CA000000C4000000C5000000C9000000D4
:10E42C00C8000000C6000000C7000000CA000000C1
:10E43C00C8000000C7000000C7000000C6000000B4
:10E44C00C6000000C8000000C7000000C7000000A4
:10E45C00C9000000C9000000C6000000C600000092
:10E46C00C6000000CB000000CA000000C500000080
:10E47C00C6000000C9000000C8000000C600000073
:10E48C00C8000000C4000000C8000000CB00000061
:10E49C00C8000000C6000000C6000000C800000054
:10E4AC00C6000000C7000000C7000000CB00000041
:10E4BC00CA000000C5000000C6000000C600000035
:10E4CC00C8000000C6000000CA000000C800000020
:10E4DC00CA000000CC000000C5000000C300000012
:10E4EC00C4000000CB000000C9000000C700000001
:10E4FC00C6000000CA000000C9000000C7000000F0
:10E50C00C7000000C5000000C8000000C7000000E4
:10E51C00C9000000C4000000C7000000CB000000D0
:10E52C00C9000000C6000000C5000000CA000000C1
:10E53C00C7000000C7000000C5000000C7000000B5
:10E54C00C8000000C8000000C9000000C70000009F
:10E55C00CA000000C7000000C7000000C400000093
:10E56C00C5000000C9000000CA000000C700000080
:10E57C00C7000000CC000000C7000000C60000006F
:10E58C00C5000000C7000000C7000000C800000064
:10E59C00CA000000C7000000C9000000C60000004F
:10E5AC00C8000000C6000000C7000000C900000041
:10E5BC00C9000000C6000000C6000000CA00000030
:10E5CC00C7000000C7000000C7000000C900000021
:10E5DC00C8000000C8000000C8000000C600000011
:10E5EC00C8000000C6000000C9000000C800000000
:10E5FC00C7000000C9000000C9000000C6000000F0
:10E60C00C5000000CA000000C8000000C7000000E0
:10E61C00C8000000C9000000C7000000C7000000CF
:10E62C00C9000000C3000000C9000000C8000000C1
:10E63C00C9000000CB000000C8000000C4000000AE
:10E64C00C4000000C5000000C5000000CD000000A3
:10E65C00CD000000C3000000C8000000C500000091
:10E66C00CC000000C9000000C3000000BE00000088
:10E67C00D1000000CF000000B7000000C500000072
:10E68C00D5000000E0000000C0000000B800000051
:10E69C00B9000000BC000000C2000000D700000060
:10E6AC00D3000000CA000000BF000000DD00000025
:10E6BC00CD000000BC000000BC000000D000000039
:10E6CC00BE000000B7000000CC000000DA00000023
:10E6DC00BB000000CA000000D6000000CA00000009
:10E6EC00C5000000B8000000D5000000B900000013
:10E6FC00B3000000D3000000D5000000CD000000E6
:10E70C00C2000000DD000000CA000000B6000000DE
:10E71C00BF000000CD000000B2000000C5000000EA
:10E72C00D1000000D0000000D2000000C1000000A9
:10E73C00D5000000C5000000B8000000C5000000B6
:10E74C00C8000000C2000000BD000000DE00000098
:10E75C00D3000000C3000000C2000000CE00000087
:10E76C00B4000000C3000000CD000000CA0000008F
:10E77C00CB000000BD000000DA000000CD0000005E
:10E78C00C3000000C7000000C3000000C000000070
:10E79C00BB000000D7000000D0000000C00000004B
:10E7AC00C5000000D4000000BD000000C500000042
:10E7BC00CC000000C7000000C7000000BA00000039
:10E7CC00D7000000CA000000C5000000CA0000000D
:10E7DC00C8000000C4000000BE000000D300000010
:10E7EC00CC000000BA000000BF000000D400000004
:10E7FC00C1000000C8000000CF000000CB000000EA
:10E80C00CC000000BA000000D4000000C1000000E1
:10E81C00BE000000C6000000C8000000C6000000DA
:10E82C00C4000000D6000000D4000000C1000000AD
:10E83C00BD000000CF000000BC000000C2000000C2
:10E84C00CB000000CB000000CE000000C000000098
:10E85C00D9000000C8000000C2000000C300000086
:10E86C00C3000000C1000000C0000000D000000088
:10E87C00D7000000C6000000C0000000D40000005B
:10E88C00BE000000C1000000C9000000C80000006C
:10E89C00C8000000BD000000D8000000C800000047
:10E8AC00C6000000C6000000C8000000C200000046
:10E8BC00C1000000CC000000D1000000C500000029
:10E8CC00BE000000D5000000C0000000C600000023
:10E8DC00C9000000CA000000C7000000BB00000017
:10E8EC00D5000000C7000000C5000000C5000000F6
:10E8FC00CB000000C3000000C5000000CD000000EC
:10E90C00CF000000C3000000BC000000D2000000DB
:10E91C00BF000000C7000000C8000000CD000000D0
:10E92C00C9000000BE000000D5000000C6000000B9
:10E93C00C2000000C2000000CA000000C3000000BA
:10E94C00C6000000CD000000CE000000C800000092
:10E95C00C2000000CE000000C1000000C600000094
:10E96C00C6000000C9000000C8000000C50000007F
:10E97C00CE000000C8000000C6000000C600000069
:10E98C00C8000000C5000000C7000000C90000005E
:10E99C00C9000000C7000000C6000000CA0000004B
:10E9AC00C5000000C8000000C7000000C80000003F
:10E9BC00C7000000C6000000C9000000C70000002E
:10E9CC00C8000000C8000000C8000000C60000001D
:10E9DC00C7000000C9000000C8000000C70000000C
:10E9EC00C8000000C8000000C6000000C8000000FD
:10E9FC00C8000000C7000000C8000000C8000000EC
:10EA0C00C8000000C7000000C8000000C8000000DB
:10EA1C00C7000000C6000000C8000000C8000000CD
:10EA2C00C7000000C7000000C8000000C8000000BC
:10EA3C00C7000000C9000000C8000000C7000000AB
:10EA4C00C7000000C8000000C8000000C60000009D
:10EA5C00C7000000C9000000C8000000C70000008B
:10EA6C00C8000000C8000000C7000000C70000007C
:10EA7C00C7000000C7000000C7000000C80000006D
:10EA8C00C8000000C7000000C7000000C80000005C
:10EA9C00C8000000C6000000C7000000C90000004C
:10EAAC00C8000000C7000000C8000000C80000003B
:10EABC00C7000000C7000000C8000000C70000002D
:10EACC00C7000000C8000000C8000000C70000001C
:10EADC00C7000000C8000000C8000000C70000000C
:10EAEC00C7000000C8000000C7000000C7000000FD
:10EAFC00C8000000C8000000C9000000C8000000E9
:10EB0C00C7000000C7000000C6000000C8000000DD
:10EB1C00C7000000C5000000CB000000C7000000CB
:10EB2C00CB000000C4000000B9000000B0000000E1
:10EB3C00B0000000DC000000E1000000C10000009B
:10EB4C0094000000A5000000D5000000D0000000DB
:10EB5C00B1000000B8000000E5000000CE0000008D
:10EB6C00B8000000B7000000E0000000C800000082
:10EB7C00AA000000AF000000E0000000DD00000073
:10EB8C00BC000000AD000000D4000000DE0000005E
:10EB9C00C6000000A5000000BD000000D70000006A
:10EBAC00CD000000B7000000CA000000DC0000002F
:10EBBC00CA000000B6000000C3000000D70000002F
:10EBCC00C8000000B6000000C7000000DE00000016
:10EBDC00CE000000C1000000CA000000DA000000F6
:10EBEC00CA000000BC000000C5000000D8000000F6
:10EBFC00CB000000C3000000CC000000DF000000D0
:10EC0C00C9000000BB000000C2000000DE000000D4
:10EC1C00CF000000B8000000BA000000DF000000C8
:10EC2C00DA000000C3000000B6000000D3000000B2
:10EC3C00D0000000C0000000B7000000D4000000AD
:10EC4C00D0000000C1000000BA000000D800000095
:10EC5C00CF000000BA000000AF000000D0000000A0
:10EC6C00CC000000C0000000B6000000D200000084
:10EC7C00CA000000BF000000B6000000D000000079
:10EC8C00C5000000B5000000B1000000D30000007A
:10EC9C00CE000000BD000000B2000000D10000005A
:10ECAC00CD000000BB000000AE000000CA00000058
:10ECBC00CE000000C0000000B3000000CE00000039
:10ECCC00D3000000C2000000B3000000CA00000026
:10ECDC00D0000000C0000000B5000000CB00000018
:10ECEC00D5000000C6000000B8000000CA000000FB
:10ECFC00D5000000C5000000B9000000C7000000EE
:10ED0C00D4000000C6000000BE000000CB000000D4
:10ED1C00D8000000C6000000BB000000C8000000C6
:10ED2C00D9000000C7000000BA000000C6000000B7
:10ED3C00DC000000CC000000BC000000C3000000A0
:10ED4C00DA000000CB000000BA000000C000000098
:10ED5C00DB000000CE000000BC000000BF00000083
:10ED6C00DB000000CF000000BB000000BA00000078
:10ED7C00D6000000CF000000BE000000BB00000069
:10ED8C00D6000000CF000000BE000000BA0000005A
:10ED9C00D4000000CC000000BD000000B900000051
:10EDAC00D3000000CF000000C0000000B80000003D
:10EDBC00D3000000CE000000BE000000B700000031
:10EDCC00D3000000CE000000BF000000B700000020
:10EDDC00D4000000D1000000C0000000B30000000F
:10EDEC00CE000000CF000000C2000000B700000001
:10EDFC00CE000000D1000000C3000000B6000000EF
:10EE0C00CD000000D1000000C3000000B3000000E2
:10EE1C00CA000000D3000000C9000000B6000000CA
:10EE2C00CB000000D2000000C7000000B6000000BC
:10EE3C00C8000000D3000000C5000000B8000000AE
:10EE4C00C8000000D7000000C8000000B900000096
:10EE5C00C6000000D5000000C7000000BA0000008A
:10EE6C00C7000000D5000000C9000000BB00000076
:10EE7C00C8000000D6000000CA000000BC00000062
:10EE8C00C2000000D5000000CA000000C000000055
:10EE9C00C2000000D7000000CD000000C000000040
:10EEAC00C1000000D5000000CD000000BF00000034
:10EEBC00BF000000D4000000CF000000C100000023
:10EECC00C0000000D5000000CE000000C100000012
:10EEDC00BD000000D4000000CD000000C100000007
:10EEEC00BD000000D5000000CE000000C3000000F3
:10EEFC00BD000000D3000000CE000000C1000000E7
:10EF0C00BC000000D2000000CF000000C3000000D5
:10EF1C00BB000000D3000000CF000000C3000000C5
:10EF2C00B9000000D0000000CF000000C4000000B9
:10EF3C00B9000000D1000000D0000000C3000000A8
:10EF4C00BA000000CF000000D0000000C20000009A
:10EF5C00BA000000CF000000D0000000C400000088
:10EF6C00BB000000CE000000CF000000C400000079
:10EF7C00BA000000CE000000D0000000C500000068
:10EF8C00BC000000CC000000D1000000C500000057
:10EF9C00BC000000CA000000D1000000C700000047
:10EFAC00BC000000CA000000D2000000C800000035
:10EFBC00BC000000C9000000D2000000C800000026
:10EFCC00BC000000C8000000D3000000C900000015
:10EFDC00BC000000C7000000D1000000C800000009
:10EFEC00BA000000C3000000D9000000CD000000F2
:10EFFC00BC000000BF000000CC000000D0000000EE
:10F00C00BD000000C7000000D8000000CD000000CB
:10F01C00B4000000C2000000D7000000DC000000BB
:10F02C00B9000000B2000000C3000000C1000000E5
:10F03C00C0000000C3000000DB000000D300000093
:10F04C00CC000000D7000000D1000000C20000007E
:10F05C00B1000000A9000000CE000000CE000000AE
:10F06C00DA000000C6000000DE000000D200000044
:10F07C00BF000000AF000000C8000000C900000085
:10F08C00C7000000C0000000EB000000D100000031
:10F09C00C7000000BA000000C8000000C600000055
:10F0AC00B9000000C2000000CE000000D500000036
:10F0BC00CC000000B9000000CA000000CB0000002A
:10F0CC00CC000000C3000000CA000000D500000006
:10F0DC00BE000000BD000000D0000000D200000007
:10F0EC00C5000000B5000000D0000000CE000000FC
:10F0FC00C8000000BD000000BC000000C6000000FD
:10F10C00C2000000CB000000D4000000D0000000C2
:10F11C00C9000000B4000000C6000000CF000000D1
:10F12C00C5000000BB000000C6000000E1000000AC
:10F13C00CE000000C0000000C1000000C1000000B3
:10F14C00BA000000B8000000CD000000DD00000097
:10F15C00CB000000CA000000BE000000D20000007E
:10F16C00C1000000B9000000B9000000CE00000092
:10F17C00D7000000CB000000C8000000DB0000003E
:10F18C00C4000000B9000000B7000000D30000006C
:10F19C00CD000000C1000000CA000000D00000003B
:10F1AC00CD000000C0000000BF000000CE00000039
:10F1BC00C5000000C9000000C1000000D300000021
:10F1CC00D3000000C2000000BB000000CF00000014
:10F1DC00D4000000CB000000BC000000D7000000F1
:10F1EC00C4000000C3000000B8000000D400000000
:10F1FC00CD000000C2000000C4000000D4000000DC
:10F20C00CC000000C7000000B7000000C6000000E2
:10F21C00CA000000CE000000CC000000CF000000AF
:10F22C00D6000000BB000000BC000000C5000000C0
:10F23C00CD000000C3000000BC000000D3000000A3
:10F24C00D4000000C8000000C1000000C500000090
:10F25C00C8000000B9000000C5000000DB00000081
:10F26C00D2000000D1000000BE000000D60000005B
:10F27C00E1000000C2000000BA000000BA0000006B
:10F28C00A6000000B0000000BD000000E600000079
:10F29C000A010000D50000009C000000F0000000F6
:10F2AC00BA000000A8000000C7000000EE0000003B
:10F2BC00F9000000CF00000098000000A40000003E
:10F2CC00410000005D00000090000000C70000003D
:10F2DC00C40000008F000000820000009D000000B0
:10F2EC008B000000A000000090000000AA000000AD
:10F2FC00A7000000AA000000890000009300000095
:10F30C00A0000000C1000000E10000009700000018
:10F31C00BC0000007D0000009300000063000000B2
:10F32C00BE000000C9000000F300000095000000C2
:10F33C00D1000000B3000000A80000006F00000026
:10F34C00DC000000E000000001010000CB00000028
:10F35C00F8000000E0000000B5000000A100000073
:10F36C00E3000000EC0000000E010000D7000000DC
:10F37C0015010000E4000000AD0000008400000056
:10F38C00C7000000D8000000D8000000CF0000002B
:10F39C00F1000000EC0000009E000000A400000042
:10F3AC00AA000000C70000009F000000E800000059
:10F3BC00D0000000050100009D000000E2000000EC
:10F3CC00BD000000D8000000A4000000DE0000001A
:10F3DC00C5000000F9000000CF000000F2000000A2
:10F3EC00E5000000C7000000D1000000BC000000D8
:10F3FC00DF000000B6000000E9000000C1000000C2
:10F40C0001010000AE000000F0000000AE000000A2
:10F41C00DB00000095000000EF000000BB000000C6
:10F42C00EF000000B7000000EE000000C500000077
:10F43C00A8000000AE000000CC000000CC000000D2
:10F44C00CE000000DB000000E1000000DB0000004B
:10F45C0095000000C9000000A4000000BF000000DF
:10F46C009E000000E2000000D0000000DB00000065
:10F47C009B000000C3000000AB0000009D000000DA
:10F48C0081000000C8000000B0000000C9000000AE
:10F49C0098000000DA000000BB000000970000009C
:10F4AC0095000000BE000000AC000000B60000009B
:10F4BC00A6000000E3000000CB000000BF0000002D
:10F4CC00BB000000D0000000BC000000C500000024
:10F4DC00C7000000CE000000E6000000C9000000DC
:10F4EC00D2000000CE000000C5000000CD000000DE
:10F4FC00C3000000CA000000DF000000C8000000CC
:10F50C00CC000000D9000000BF000000C9000000C2
:10F51C00CB000000CC000000D3000000C9000000AC
:10F52C00CE000000D4000000BB000000C9000000A9
:10F53C00C7000000C4000000C4000000CD000000A3
:10F54C00CE000000D1000000BF000000CB00000086
:10F55C00C9000000BF000000C3000000CE00000086
:10F56C00CE000000CA000000C1000000CE00000068
:10F57C00CB000000BF000000C5000000D10000005F
:10F58C00CC000000C5000000C2000000CF0000004D
:10F59C00CA000000C2000000C5000000CF0000003F
:10F5AC00C8000000C4000000C5000000CD00000031
:10F5BC00C8000000C6000000C9000000D000000018
:10F5CC00C8000000C4000000C2000000C70000001A
:10F5DC00C5000000C3000000C8000000CD00000002
:10F5EC00C8000000C4000000C5000000C8000000F6
:10F5FC00C6000000C4000000C5000000C8000000E8
:10F60C00C6000000C3000000C5000000CB000000D5
:10F61C00C8000000C6000000C5000000C7000000C4
:10F62C00C4000000C4000000C3000000C9000000BA
:10F63C00C8000000C8000000C5000000C9000000A0
:10F64C00C7000000C7000000C4000000C900000093
:10F65C00C9000000C9000000C8000000CA0000007A
:10F66C00CA000000C8000000C6000000C90000006D
:10F67C00C8000000C8000000C8000000C90000005D
:10F68C00CB000000CA000000C7000000C900000049
:10F69C00C9000000C8000000C5000000C600000042
:10F6AC00C9000000C8000000C5000000C700000031
:10F6BC00CA000000C8000000C5000000C500000022
:10F6CC00C9000000C9000000C5000000C600000011
:10F6DC00CA000000C7000000C5000000C500000003
:10F6EC00C9000000C9000000C7000000C7000000EE
:10F6FC00CA000000C7000000C5000000C6000000E2
:10F70C00CA000000C8000000C6000000C8000000CD
:10F71C00C9000000C9000000C5000000C7000000BF
:10F72C00C8000000C9000000C6000000C6000000B0
:10F73C00C8000000C8000000C7000000C70000009F
:10F74C00C8000000C9000000C7000000C60000008F
:10F75C00C9000000C9000000C8000000C50000007E
:10F76C00C8000000C8000000C7000000C70000006F
:10F77C00C6000000C8000000C7000000C700000061
:10F78C00C9000000C8000000C7000000C400000051
:10F79C00C8000000C7000000C6000000C500000043
:10F7AC00C6000000C9000000C7000000C500000032
:10F7BC00C6000000C6000000C7000000C500000025
:10F7CC00C6000000C9000000C7000000C500000012
:10F7DC00C5000000CA000000C8000000C600000000
:10F7EC00C7000000CB000000C9000000C5000000ED
:10F7FC00C6000000CA000000C8000000C7000000DE
:10F80C00C8000000CB000000C7000000C6000000CC
:10F81C00C6000000C9000000CA000000C9000000BA
:10F82C00CB000000CC000000CB000000C7000000A3
:10F83C00C7000000C8000000C9000000C60000009E
:10F84C00CB000000CA000000C9000000C500000089
:10F85C00C8000000C7000000C8000000C60000007F
:10F86C00C8000000C9000000C7000000C50000006F
:10F87C00C4000000C7000000C7000000C700000063
:10F88C00C6000000C8000000C7000000C700000050
:10F89C00C4000000C7000000C7000000C700000043
:10F8AC00C6000000C8000000C9000000C70000002E
:10F8BC00C5000000C6000000C9000000C800000020
:10F8CC00C5000000C8000000C9000000C80000000E
:10F8DC00C5000000C6000000C9000000C800000000
:10F8EC00C4000000C8000000C9000000C8000000EF
:10F8FC00C3000000C8000000C8000000C8000000E1
:10F90C00C5000000C8000000C9000000C6000000CF
:10F91C00C4000000C8000000C9000000C9000000BD
:10F92C00C5000000C7000000CA000000C6000000AF
:10F93C00C5000000C6000000CA000000C70000009F
:10F94C00C6000000C7000000C9000000C70000008E
:10F95C00C5000000C7000000C9000000C70000007F
:10F96C00C7000000C7000000C9000000C70000006D
:10F97C00C5000000C7000000C8000000C80000005F
:10F98C00C7000000C8000000CA000000C80000004A
:10F99C00C8000000C7000000CA000000C900000039
:10F9AC00C7000000C8000000CA000000C900000029
:10F9BC00C8000000C8000000C9000000C900000019
:10F9CC00C8000000C6000000C8000000CB0000000A
:10F9DC00C6000000C6000000C8000000CE000000F9
:10F9EC00C8000000C2000000C7000000C7000000F3
:10F9FC00C6000000C3000000C8000000CF000000DB
:10FA0C00C4000000C5000000CA000000C8000000CF
:10FA1C00C2000000BF000000C6000000CE000000C5
:10FA2C00C4000000BD000000C6000000C2000000C1
:10FA3C00C9000000CA000000C6000000C50000009C
:10FA4C00C4000000C6000000D5000000B800000093
:10FA5C00B8000000C3000000D6000000D700000072
:10FA6C00C2000000BE000000CB000000D30000006C
:10FA7C00C7000000BC000000C6000000C70000006A
:10FA8C00D3000000CA000000C7000000CA0000003C
:10FA9C00D3000000C9000000BF000000C700000038
:10FAAC00C6000000D8000000C2000000C100000029
:10FABC00CD000000DB000000C8000000BE0000000C
:10FACC00C3000000C6000000D6000000BF0000000C
:10FADC00BD000000D1000000D1000000CB000000F0
:10FAEC00BE000000BF000000C2000000D5000000F6
:10FAFC00C1000000BD000000CB000000CD000000E4
:10FB0C00D2000000BC000000BB000000C5000000DB
:10FB1C00D6000000C1000000B7000000CF000000BC
:10FB2C00CD000000CF000000B9000000C2000000B2
:10FB3C00CD000000D3000000B8000000BA000000A7
:10FB4C00CF000000CC000000CF000000C00000007F
:10FB5C00BE000000CE000000D2000000C400000077
:10FB6C00B9000000C6000000C6000000DC00000068
:10FB7C00C0000000BD000000CE000000D500000059
:10FB8C00C8000000B6000000C5000000CD00000059
:10FB9C00D7000000BD000000BE000000D600000031
:10FBAC00D2000000C7000000B8000000C90000002F
:10FBBC00CA000000D4000000BF000000BF0000001D
:10FBCC00D3000000CF000000CC000000BD000000FE
:10FBDC00C2000000CD000000D7000000C0000000F3
:10FBEC00BB000000D2000000D0000000D1000000DB
:10FBFC00BA000000C1000000D0000000D3000000DB
:10FC0C00C2000000BD000000CE000000CB000000D0
:10FC1C00D1000000BE000000C2000000CD000000BA
:10FC2C00CF000000C4000000BA000000CC000000AF
:10FC3C00CD000000D3000000BC000000BE0000009E
:10FC4C00D1000000CF000000C3000000B60000008F
:10FC5C00C9000000CF000000D4000000BD0000006F
:10FC6C00BE000000D1000000CD000000C700000065
:10FC7C00B7000000C5000000CD000000D20000005D
:10FC8C00C0000000C0000000D2000000CC0000004A
:10FC9C00C8000000B7000000C4000000CE00000047
:10FCAC00D1000000C1000000BF000000D200000025
:10FCBC00CE000000CD000000B8000000C000000025
:10FCCC00CF000000D0000000C2000000BC0000000B
:10FCDC00CF000000D0000000CF000000BA000000F0
:10FCEC00C0000000D0000000CD000000C3000000E8
:10FCFC00BB000000CE000000CF000000CE000000D2
:10FD0C00BF000000C2000000CE000000CB000000CD
:10FD1C00C5000000C0000000CA000000CC000000BC
:10FD2C00CC000000C3000000C4000000CC000000A8
:10FD3C00CA000000C7000000C2000000C80000009C
:10FD4C00CB000000C9000000C4000000C600000089
:10FD5C00CA000000C9000000C7000000C400000079
:10FD6C00C8000000CA000000C8000000C600000067
:10FD7C00C6000000C9000000C9000000C700000058
:10FD8C00C5000000C8000000CA000000C800000048
:10FD9C00C6000000C7000000C9000000C900000038
:10FDAC00C6000000C6000000C9000000C900000029
:10FDBC00C7000000C7000000C8000000C900000018
:10FDCC00C8000000C6000000C7000000C80000000A
:10FDDC00C9000000C8000000C6000000C7000000F9
:10FDEC00C8000000C9000000C6000000C7000000E9
:10FDFC00C8000000C9000000C8000000C6000000D8
:10FE0C00C7000000C8000000C9000000C6000000C8
:10FE1C00C6000000C8000000C9000000C8000000B7
:10FE2C00C6000000C7000000C9000000C8000000A8
:10FE3C00C6000000C6000000C8000000C900000099
:10FE4C00C8000000C6000000C7000000C900000088
:10FE5C00C8000000C6000000C6000000C80000007A
:10FE6C00C9000000C8000000C6000000C700000068
:10FE7C00C9000000C9000000C7000000C500000058
:10FE8C00C7000000C9000000C7000000C600000049
:10FE9C00C8000000C9000000C5000000C700000039
:10FEAC00C5000000C7000000B5000000B70000004E
:10FEBC00E7000000DC000000AF0000009B00000029
:10FECC00C1000000DC000000CC000000B10000000C
:10FEDC00BF000000D7000000C9000000B700000000
:10FEEC00C7000000CF000000B8000000A90000000F
:10FEFC00C1000000DC000000D0000000B3000000D6
:10FF0C00B9000000D9000000D4000000B3000000CC
:10FF1C00A9000000CB000000D1000000C1000000CF
:10FF2C00B4000000D7000000D2000000C2000000A6
:10FF3C00B1000000D1000000CC000000BE000000A9
:10FF4C00B3000000D4000000D1000000C600000087
:10FF5C00B7000000D5000000CD000000BF0000007D
:10FF6C00B3000000CF000000CB000000C000000078
:10FF7C00B8000000D6000000D1000000BC0000005A
:10FF8C00B1000000D0000000D4000000BE00000052
:10FF9C00AD000000C8000000DA000000CB0000003B
:10FFAC00B2000000C1000000D2000000C700000039
:10FFBC00B5000000C3000000D1000000C900000023
:10FFCC00BB000000C7000000D4000000C900000006
:10FFDC00B6000000BF000000D0000000CB00000005
:10FFEC00BF000000C6000000D0000000CA000000E6
:04FFFC00BF00000042
:020000040801F1
:10000000C6000000D0000000C4000000B9000000DD
:10001000C5000000D8000000CC000000BD000000BA
:10002000C4000000D8000000CC000000BA000000AE
:10003000BD000000D7000000CF000000BE0000009F
:10004000BF000000DA000000D1000000C000000086
:10005000B9000000D5000000CE000000C100000083
:10006000BA000000D6000000D1000000C50000006A
:10007000BB000000D4000000CE000000C40000005F
:10008000B8000000D2000000CC000000C500000055
:10009000BD000000D7000000CC000000C10000003F
:1000A000B9000000D5000000CE000000C000000034
:1000B000B7000000D6000000D3000000C30000001D
:1000C000B7000000D3000000D2000000C100000013
:1000D000B5000000D0000000D5000000C400000002
:1000E000B6000000CF000000D6000000C5000000F0
:1000F000B4000000C9000000D5000000C7000000E7
:10010000B8000000C8000000D6000000C8000000D1
:10011000B9000000C7000000D4000000C6000000C5
:10012000B9000000C4000000D6000000C9000000B3
:10013000BC000000C5000000D6000000C90000009F
:10014000BA000000C2000000D7000000CA00000092
:10015000BC000000C2000000D9000000CD0000007B
:10016000BD000000BF000000D7000000CE0000006E
:10017000BF000000BF000000D7000000D00000005A
:10018000C1000000BE000000D7000000D200000047
:10019000C2000000BB000000D5000000D30000003A
:1001A000C6000000BD000000D4000000D100000027
:1001B000C6000000BD000000D4000000D000000018
:1001C000C5000000BD000000D5000000D100000007
:1001D000C6000000BC000000D3000000D1000000F9
:1001E000C5000000BA000000D2000000D1000000ED
:1001F000C4000000BA000000D0000000D2000000DF
:10020000C5000000B8000000CD000000D1000000D3
:10021000C5000000B8000000CD000000D0000000C4
:10022000C6000000B9000000CA000000CF000000B6
:10023000C6000000B9000000C9000000CE000000A8
:10024000C5000000BC000000CA000000CE00000095
:10025000C4000000BB000000C9000000CF00000087
:10026000C4000000BB000000CA000000D100000074
:10027000C5000000BB000000C8000000D200000064
:10028000C6000000BB000000C6000000D400000053
:10029000C9000000BC000000C6000000D40000003F
:1002A000CB000000BD000000C3000000D40000002F
:1002B000CC000000C0000000C2000000D50000001B
:1002C000CC000000C1000000C2000000D40000000B
:1002D000CC000000C2000000C2000000D5000000F9
:1002E000CD000000C3000000C1000000D5000000E8
:1002F000CC000000C2000000C0000000D5000000DB
:10030000CD000000C3000000BE000000D5000000CA
:10031000CF000000C2000000BC000000D4000000BC
:10032000CF000000C3000000BC000000D2000000AD
:10033000CF000000C4000000BA000000D10000009F
:10034000CF000000C4000000BA000000CF00000091
:10035000CE000000C4000000B6000000CC00000089
:10036000D6000000C4000000B5000000C10000007D
:10037000D5000000C9000000AE000000C70000006A
:10038000FC000000D8000000AB000000D10000001D
:10039000A7000000B6000000B9000000E400000063
:1003A000D6000000B7000000E1000000C30000001C
:1003B000D0000000CE000000B0000000B700000038
:1003C000B1000000D8000000CD000000CE00000009
:1003D000EB000000A4000000B1000000C00000001D
:1003E000DE000000C5000000C3000000E0000000C7
:1003F000CB000000C0000000C5000000B4000000F9
:10040000BF000000C3000000D6000000D4000000C0
:10041000D8000000EA0000009C000000AA000000D4
:10042000BD000000DB000000CB000000CA0000009F
:10043000F1000000CB000000BF000000BF00000082
:10044000B9000000B6000000B9000000D0000000B4
:10045000E9000000D3000000E4000000AD0000004F
:10046000C6000000BA000000C8000000B50000008F
:10047000CB000000E3000000CB000000C90000003A
:10048000DF000000B6000000AC000000B00000007B
:10049000DC000000D7000000CB000000DE00000000
:1004A000C3000000BF000000B8000000BE00000054
:1004B000CC000000C4000000D5000000C000000017
:1004C000D5000000DC000000B1000000A700000023
:1004D000C4000000E1000000D0000000BF000000E8
:1004E000E2000000BF000000B8000000B5000000FE
:1004F000C5000000C8000000C1000000CF000000DF
:10050000D1000000D5000000DA000000AE000000BD
:10051000B5000000BE000000CE000000C1000000D9
:10052000CC000000E8000000C5000000BB00000097
:10053000C9000000C1000000B7000000B5000000C5
:10054000D6000000D9000000CF000000DB00000052
:10055000B7000000C2000000B7000000C5000000A6
:10056000C1000000CF000000D9000000C30000005F
:10057000C4000000D9000000BA000000B300000071
:10058000BA000000E5000000D1000000C400000037
:10059000D9000000C1000000BC000000B70000004E
:1005A000C7000000D0000000C8000000D00000001C
:1005B000C4000000D3000000D7000000B20000001B
:1005C000AF000000C4000000DC000000CD0000000F
:1005D000C4000000E8000000BF000000B7000000F9
:1005E000B4000000D2000000CB000000B900000001
:1005F000C6000000CB000000E0000000F100000099
:10060000B3000000AC000000A2000000CD0000001C
:10061000C4000000F3000000ED000000AC0000008A
:10062000A6000000C2000000A0000000A900000019
:10063000BA000000F5000000DD000000AF0000007F
:10064000C30000008B000000C7000000D1000000C4
:10065000F8000000C1000000D0000000F60000001B
:10066000D2000000B600000092000000B4000000BC
:100670009B000000CB0000000B010000F400000014
:10068000B5000000C9000000BF000000D30000005A
:1006900083000000AB000000DA000000E40000006E
:1006A000F6000000C8000000DC000000A700000009
:1006B00093000000BC000000E2000000C400000045
:1006C000B5000000D2000000F3000000D8000000D8
:1006D000C4000000BA000000D10000008700000044
:1006E000AE0000000C010000D7000000C5000000B3
:1006F000B1000000C5000000E4000000B0000000F0
:10070000CF000000BC000000BF000000BC000000E3
:10071000CC000000D2000000D0000000C5000000A6
:10072000B0000000D2000000E5000000C70000009B
:10073000C9000000AE000000B5000000D1000000BC
:10074000CC000000EC000000AA000000C80000007F
:10075000D6000000C6000000C2000000BE0000007D
:10076000D0000000B1000000C8000000F700000049
:10077000E6000000B6000000B0000000B30000007A
:10078000C0000000BC000000D9000000CA0000004A
:10079000D9000000C1000000CE000000DA00000017
:1007A000BE000000B4000000A7000000CF00000061
:1007B000ED000000C0000000CE000000D6000000E8
:1007C000C8000000B3000000BF000000D800000017
:1007D000B9000000AB000000DF000000EE000000E8
:1007E000C2000000B6000000BC000000BA0000001B
:1007F000C4000000CF000000D0000000E1000000B5
:10080000AD000000C0000000CE000000D6000000D7
:10081000C4000000A9000000BD000000F1000000BD
:10082000CA000000BC000000D1000000C1000000B0
:10083000AD000000C7000000C4000000D6000000AA
:10084000B8000000BC000000F7000000A600000097
:100850008F0000009B000000D4000000DA000000C0
:10086000BA000000C800000099000000EA00000083
:10087000C9000000AB000000AD000000DE00000079
:10088000D2000000AA000000D1000000A600000075
:10089000FB000000DD000000A6000000A00000003A
:1008A000E7000000F7000000B0000000BE000000FC
:1008B000A1000000F5000000EA000000B500000003
:1008C0009E000000D900000002010000B5000000F9
:1008D000C8000000AA000000E0000000E9000000DD
:1008E000C800000098000000BF0000000E010000DA
:1008F000C6000000BF000000A9000000DA000000F0
:10090000F4000000CF00000098000000B0000000DC
:1009100014010000D3000000B5000000A800000092
:10092000DE000000F4000000D10000009D00000087
:100930009D0000000C010000D8000000BE00000077
:10094000B3000000D3000000E6000000CC0000006F
:10095000BA0000009E00000005010000D500000064
:10096000AE000000B5000000D4000000EC00000064
:10097000CA000000C10000009B000000F100000060
:10098000E2000000B6000000AD000000C80000005A
:10099000EB000000C8000000CE000000A200000034
:1009A000E5000000E3000000AD000000A40000002E
:1009B000C9000000F3000000C1000000C8000000F2
:1009C000A7000000DF000000EA000000AF00000008
:1009D0009C000000BC000000F8000000BF00000008
:1009E000C1000000AF000000D4000000EC000000D7
:1009F000B60000009F000000AC000000FA000000FC
:100A0000C3000000BA000000B0000000C8000000F1
:100A1000EC000000C4000000A50000009D000000E4
:100A2000FB000000CC000000B5000000AE0000009C
:100A3000C0000000EE000000CB000000A900000094
:100A400099000000F9000000D8000000A900000093
:100A5000AC000000C0000000EC000000CD00000071
:100A6000B50000009C000000F0000000DF00000066
:100A7000A7000000AB000000C0000000EB00000079
:100A8000CB000000BF000000A4000000E400000054
:100A9000E5000000AA000000AB000000C00000005C
:100AA000EF000000CA000000C2000000A800000023
:100AB000D8000000F2000000B0000000AC00000010
:100AC000BD000000F1000000CB000000C3000000EA
:100AD000B4000000CC000000F9000000B9000000E4
:100AE000A7000000BD000000FB000000C8000000DF
:100AF000B7000000B8000000CE000000F6000000C3
:100B0000C3000000AA000000B5000000FC000000C7
:100B1000CC000000B5000000B9000000C5000000D6
:100B2000F5000000C8000000B6000000B0000000A2
:100B3000F4000000D2000000B1000000BD00000081
:100B4000BF000000F4000000D0000000B40000006E
:100B5000AC000000EC000000E2000000AB00000070
:100B6000BB000000BC000000ED000000D70000004A
:100B7000B8000000A5000000E1000000EB0000004C
:100B8000AF000000B4000000C0000000ED00000055
:100B9000D1000000B9000000A4000000DA0000004D
:100BA000F3000000B2000000B1000000BA00000035
:100BB000EE000000CF000000BB000000A800000015
:100BC000CD000000F9000000B8000000B0000000F7
:100BD000B8000000EA000000D0000000BA000000E9
:100BE000AE000000C1000000F9000000C1000000DC
:100BF000AA000000B6000000E9000000D2000000DA
:100C0000B6000000B0000000BF000000F9000000C6
:100C1000C9000000A8000000AC000000EA000000CD
:100C2000D7000000B1000000B5000000BD000000CA
:100C3000F4000000C9000000AB000000AC000000A0
:100C4000E3000000D8000000AC000000BB00000082
:100C5000B8000000EE000000CE000000B000000070
:100C6000AA000000DC000000E3000000B00000006B
:100C7000B9000000B5000000E6000000D50000004B
:100C8000B6000000A8000000D5000000EB00000046
:100C9000B3000000B4000000B7000000E80000004E
:100CA000D3000000B9000000AA000000D00000003E
:100CB000F0000000B7000000B2000000B600000025
:100CC000E7000000D6000000BA000000AF000000FE
:100CD000C7000000F5000000BD000000B2000000E9
:100CE000B7000000E1000000D8000000BE000000D6
:100CF000B4000000BE000000F4000000C7000000C7
:100D0000AF000000B6000000E1000000DC000000C1
:100D1000BE000000B7000000B6000000F0000000B8
:100D2000D2000000B1000000AF000000E1000000B0
:100D3000E3000000BA000000B8000000B7000000A7
:100D4000F1000000D2000000B1000000B00000007F
:100D5000DC000000E5000000AE000000C80000005C
:100D6000B5000000E5000000C6000000C50000005E
:100D7000CA000000D1000000E1000000BC0000003B
:100D8000B0000000AE000000F1000000E000000034
:100D9000B60000009E000000DD000000F40000002E
:100DA000A8000000BE000000D4000000D800000031
:100DB000CC000000D2000000B3000000BD00000025
:100DC000F8000000CB000000A10000009C00000023
:100DD000EA000000E9000000AE000000A1000000F1
:100DE000D1000000F8000000B4000000BF000000C7
:100DF000DC000000C8000000C6000000C9000000C0
:100E0000B8000000B1000000F2000000D6000000B1
:100E10009D000000A2000000ED000000EF000000B7
:100E2000A3000000A1000000C9000000F4000000C1
:100E3000C3000000BF000000D2000000C20000009C
:100E4000CC000000D0000000BB0000009C000000AF
:100E5000E4000000E4000000A8000000970000008B
:100E6000DD00000003010000A3000000A10000005D
:100E7000C6000000EB000000CD000000BB00000039
:100E8000D0000000C0000000D1000000C70000003A
:100E9000C0000000A7000000D4000000E80000002F
:100EA000AC0000009A000000D80000000C01000017
:100EB000AD000000A0000000C5000000DF00000041
:100EC000D0000000C7000000C8000000AE00000015
:100ED000DF000000D5000000C5000000A5000000F4
:100EE000CA000000E8000000B6000000A1000000F9
:100EF000CC00000012010000B6000000A0000000BD
:100F0000CB000000DD000000D3000000BF000000A7
:100F1000C7000000AB000000DB000000DF000000A5
:100F2000C3000000A8000000C5000000E9000000A8
:100F3000BE000000A8000000C00000000701000083
:100F4000C3000000A3000000C9000000DB00000097
:100F5000D3000000BE000000CD000000A90000008A
:100F6000CE000000E3000000CE000000A50000005D
:100F7000BA000000F3000000C4000000AD00000053
:100F8000BC000000F7000000D0000000A40000003A
:100F9000C3000000D9000000D6000000B800000027
:100FA000C9000000AD000000D200000003010000F5
:100FB000CF000000A8000000B6000000EC00000018
:100FC000BC000000BD000000C0000000E9000000FF
:100FD00005010000CD000000B0000000CE000000C0
:100FE000AE0000007B000000A500000088000000AB
:100FF000A40000004001000026010000EE000000F7
:1010000099000000AC000000870000008200000092
:101010008A000000D600000028010000C90000007E
:10102000D3000000BC000000BD00000095000000DF
:10103000AF0000008D000000B8000000210100009A
:10104000F60000009E00000088000000C7000000BD
:10105000A0000000B1000000A1000000D8000000C6
:10106000F8000000C400000093000000A20000008F
:10107000BD0000009B000000CC000000BA00000092
:10108000AB000000F2000000DC000000880000005F
:1010900084000000DC000000C5000000C00000006B
:1010A000B9000000B3000000DA000000B600000044
:1010B000A2000000C3000000CF000000A700000055
:1010C000CE000000C2000000A5000000E400000007
:1010D000DE0000009F000000B0000000E6000000FD
:1010E000BC000000C2000000C3000000BB00000004
:1010F000DF000000D5000000B6000000BD000000C9
:10110000DB000000BB000000D9000000CF000000A1
:10111000BA000000E0000000D5000000BA000000A6
:10112000C1000000F0000000C5000000CF0000007A
:10113000CA000000BB000000DC000000D900000075
:10114000D1000000CD000000EF000000C70000004B
:10115000D0000000C0000000BD000000E000000062
:10116000DC000000D8000000D3000000EC0000000C
:10117000C4000000C5000000BF000000C100000066
:10118000E0000000DB000000DB000000CE000000FB
:10119000EA000000C7000000CA000000B80000001C
:1011A000BE000000E1000000D5000000D1000000FA
:1011B000CE000000ED000000C1000000C7000000EC
:1011C000B7000000B7000000D6000000D600000005
:1011D000D2000000CA000000EC000000C4000000C3
:1011E000C7000000AC000000AE000000D40000000A
:1011F000CF000000CD000000C7000000E8000000A4
:10120000BC000000C6000000B4000000B0000000F8
:10121000CF000000C8000000D1000000B0000000B6
:10122000E8000000D2000000D9000000B400000077
:101230008A000000BD000000E7000000F10000008F
:10124000E60000009A000000B0000000D40000009A
:10125000E3000000EB00000087000000A600000093
:10126000CC000000E900000005010000A50000001E
:10127000AA000000CE000000D9000000F900000024
:101280009D000000A5000000D0000000CD0000007F
:10129000F2000000A5000000B8000000E20000001D
:1012A000C5000000E9000000A3000000A900000044
:1012B000DA000000BA000000E9000000B100000000
:1012C000AC000000EE000000C9000000E0000000DB
:1012D000B40000009A000000DA000000C300000023
:1012E000E1000000C1000000A3000000E8000000D1
:1012F000CD000000DD000000C100000097000000EC
:10130000DD000000C8000000DB000000D800000085
:101310009C000000D2000000CB000000D9000000BB
:10132000DF00000093000000C3000000C5000000C3
:10133000D5000000F40000009E000000BA0000008C
:10134000C7000000D1000000F9000000A10000006B
:10135000B0000000D0000000CC000000F40000004D
:10136000AC000000B7000000D5000000C200000083
:10137000F1000000B2000000B3000000D90000003E
:10138000BB000000EB000000B5000000B200000050
:10139000DF000000BB000000E7000000C10000000B
:1013A000A8000000D4000000B8000000E100000028
:1013B000C70000009F000000D8000000C10000002E
:1013C000DE000000D10000009B000000CE00000005
:1013D000BC000000DC000000D60000009C00000003
:1013E000D4000000C8000000DB000000DB000000AB
:1013F0009B000000D2000000CA000000D0000000E6
:10140000E20000009F000000CA000000D2000000BF
:10141000D4000000E60000009A000000C1000000B7
:10142000D7000000C9000000E8000000A100000093
:10143000BC000000DD000000C6000000E600000067
:10144000AC000000B7000000DE000000C300000098
:10145000E1000000B0000000B7000000DD00000067
:10146000B9000000E1000000BC000000B300000073
:10147000DC000000B7000000E0000000C400000035
:10148000AD000000DB000000BD000000DC0000003B
:10149000C9000000A7000000D9000000C000000043
:1014A000D7000000CB000000A1000000D600000023
:1014B000C6000000D2000000D2000000A000000022
:1014C000D5000000C9000000CF000000D4000000DB
:1014D000A0000000D5000000CF000000CB000000FD
:1014E000D8000000A5000000D0000000D2000000DD
:1014F000C5000000E1000000A5000000C3000000DE
:10150000DA000000C6000000E3000000A8000000B0
:10151000C1000000DE000000BF000000E20000008B
:10152000AD000000B9000000DD000000C2000000B6
:10153000E1000000B2000000B7000000E000000081
:10154000BF000000DC000000BB000000B400000091
:10155000DC000000BA000000DB000000C200000058
:10156000AD000000E2000000C3000000D400000055
:10157000C2000000A7000000DC000000C100000065
:10158000CF000000CC000000A8000000DB0000003D
:10159000CD000000CC000000CC000000A200000044
:1015A000DA000000D2000000C7000000D7000000F1
:1015B000A9000000D6000000D0000000C400000018
:1015C000D8000000A6000000D0000000D8000000F5
:1015D000C5000000DB000000A8000000C9000000FA
:1015E000D9000000BE000000E0000000AB000000D9
:1015F000BE000000E2000000C0000000DC000000AF
:10160000AC000000BB000000E3000000BE000000D2
:10161000D8000000B5000000B8000000DF000000A6
:10162000BF000000D7000000BA000000B4000000B6
:10163000E3000000C0000000D0000000C200000075
:10164000B0000000DE000000BF000000CF0000007E
:10165000C8000000A7000000DD000000C900000075
:10166000CA000000C8000000A5000000DB00000068
:10167000CC000000C5000000D0000000A600000063
:10168000D6000000D2000000C6000000D300000019
:10169000A4000000D5000000D9000000C100000037
:1016A000D4000000AC000000CF000000D800000013
:1016B000C0000000D9000000AA000000C600000021
:1016C000E1000000BE000000D9000000AD000000F5
:1016D000C2000000E2000000BC000000D8000000D2
:1016E000B2000000BA000000E3000000C3000000E8
:1016F000D3000000B5000000B6000000E3000000C9
:10170000C1000000D0000000BD000000B3000000D8
:10171000E3000000C2000000CC000000C600000092
:10172000AD000000DF000000C9000000CB00000099
:10173000C7000000AF000000DC000000C300000094
:10174000CD000000D0000000A9000000DA00000079
:10175000D4000000BA000000CD000000A900000085
:10176000D8000000E1000000B4000000D400000038
:10177000B5000000EC000000D5000000B000000043
:10178000C4000000AB000000D3000000DA0000003D
:10179000B8000000E2000000B2000000C600000037
:1017A000DB000000C9000000CE000000A500000022
:1017B000AA000000EF000000D0000000DE000000E2
:1017C000AB000000C0000000F0000000BE00000000
:1017D000C3000000B3000000B5000000E8000000F6
:1017E000C1000000D9000000CB000000B8000000DC
:1017F000D8000000C6000000CA000000C0000000C1
:10180000A8000000E0000000D5000000CE000000AD
:10181000C9000000A8000000E4000000C9000000AA
:10182000B8000000C2000000AE000000DC000000B4
:10183000D3000000C2000000DD000000A90000008D
:10184000CA000000C8000000C8000000D30000006B
:10185000A8000000C2000000EA000000C70000006D
:10186000D90000009C000000C9000000D800000062
:10187000BF000000CB000000B7000000C600000061
:10188000E7000000B8000000E0000000B000000029
:10189000BB000000D2000000C6000000D000000025
:1018A000BC000000B1000000F1000000C400000016
:1018B000D0000000AF000000BE000000E10000000A
:1018C000BF000000C2000000D0000000BA0000000D
:1018D000E2000000BF000000D3000000CD000000C7
:1018E000AD000000CC000000D1000000CC000000E2
:1018F000CD000000A1000000E3000000D5000000C2
:10190000C7000000C5000000AA000000DD000000C4
:10191000D1000000B5000000D3000000B3000000BB
:10192000D2000000CF000000C1000000D80000007D
:10193000B0000000C1000000D7000000C10000009E
:10194000D1000000B3000000CA000000EB0000005E
:10195000BA000000BF000000BA000000B90000009B
:10196000CA0000009A000000E7000000BE0000006E
:10197000B3000000FE000000B9000000B20000004B
:1019800084000000C8000000F6000000C70000004E
:1019900012010000B500000095000000D800000012
:1019A000AE000000EE000000B1000000B00000003A
:1019B000C9000000A600000083000000AB0000008A
:1019C000EC000000C9000000EB000000FC0000007B
:1019D000B3000000CF00000098000000DE0000000F
:1019E000AC000000F30000008E000000ED000000DD
:1019F000F4000000AF000000AD0000009A000000FD
:101A0000E1000000DB000000DA000000F900000047
:101A1000930000009B000000F9000000D7000000C8
:101A2000DF000000E600000096000000E800000073
:101A3000D2000000D1000000AD000000A6000000B0
:101A4000EF0000009500000001010000BD00000053
:101A5000D7000000CE0000007B000000ED00000079
:101A6000B2000000DE000000B3000000C90000006A
:101A7000BB000000C1000000CE000000D300000049
:101A8000B8000000AD000000D9000000A700000071
:101A9000F9000000E80000008F000000AF00000027
:101AA000CC000000E0000000B3000000D600000001
:101AB000AE0000009C000000EC000000E20000000E
:101AC000CE000000C0000000BB0000009600000037
:101AD00007010000C0000000D000000099000000D5
:101AE000C700000002010000AE000000F40000008A
:101AF0009B000000B4000000CE000000A400000025
:101B000002010000CA000000C9000000C20000007D
:101B1000E5000000C8000000C2000000C90000008D
:101B2000BD000000B2000000DC000000DB0000008F
:101B3000B900000008010000A6000000AB00000092
:101B4000D6000000D9000000DA0000009A00000072
:101B5000E9000000B5000000C5000000E60000003C
:101B6000BD000000A8000000CE000000B80000008A
:101B7000D0000000F5000000B6000000AC0000003E
:101B8000B1000000CF000000E5000000B10000003F
:101B9000D10000009F000000EE000000CB0000001C
:101BA000C3000000DB00000099000000C500000039
:101BB000D5000000DF000000C4000000CA000000E3
:101BC000C3000000CE000000BD000000D2000000F5
:101BD000C1000000BD000000D9000000B3000000FB
:101BE000CD000000D6000000C6000000C2000000CA
:101BF000BD000000C8000000CB000000D2000000C3
:101C0000CF000000BD000000BC000000C6000000C6
:101C1000C8000000D1000000C2000000BD000000AC
:101C2000C5000000D2000000D1000000C500000087
:101C3000BF000000C2000000CD000000C600000090
:101C4000C6000000C5000000CC000000CC00000071
:101C5000C5000000CC000000C4000000C40000006B
:101C6000C7000000C3000000CA000000C800000058
:101C7000CA000000CE000000C7000000CA0000003B
:101C8000C1000000C4000000CA000000C70000003E
:101C9000CB000000C7000000C9000000CC0000001D
:101CA000C5000000C6000000C6000000C40000001F
:101CB000C9000000CB000000CD000000C6000000FD
:101CC000C3000000C6000000C6000000C7000000FE
:101CD000CC000000C7000000CB000000C8000000DE
:101CE000C4000000C7000000C4000000CA000000DB
:101CF000C7000000C7000000CE000000C6000000C2
:101D0000C9000000C4000000C4000000C8000000BA
:101D1000C4000000CA000000CB000000C9000000A1
:101D2000C8000000C5000000C6000000C700000099
:101D3000C5000000C6000000C7000000CA00000087
:101D4000CD000000C5000000CA000000C500000072
:101D5000C5000000C7000000C8000000CB00000064
:101D6000C7000000C6000000CB000000C600000055
:101D7000C8000000C6000000C5000000CA00000046
:101D8000C8000000C9000000C8000000C600000034
:101D9000CA000000C6000000C8000000CA00000021
:101DA000C4000000C9000000C5000000C900000018
:101DB000C9000000C3000000CC000000C700000004
:101DC000C9000000C7000000C5000000CA000000F4
:101DD000C5000000C7000000C8000000C5000000EA
:101DE000CA000000C8000000C6000000C8000000D3
:101DF000C5000000C9000000C9000000C8000000C4
:101E0000C9000000C3000000C8000000C8000000B6
:101E1000C6000000C9000000C5000000CA000000A4
:101E2000C9000000C7000000C7000000C600000095
:101E3000C6000000C9000000C6000000CA00000083
:101E4000C8000000C7000000CA000000C500000074
:101E5000C8000000C7000000C5000000CC00000062
:101E6000C6000000CA000000C7000000C600000055
:101E7000CA000000C4000000C9000000C700000044
:101E8000C7000000CB000000C7000000C800000031
:101E9000C6000000C5000000CA000000C800000025
:101EA000C8000000C7000000C5000000CB00000013
:101EB000C6000000C6000000C7000000C50000000A
:101EC000CC000000C8000000C5000000C6000000F3
:101ED000C5000000C9000000C7000000C7000000E6
:101EE000CA000000C6000000CA000000C7000000D1
:101EF000C6000000C7000000C4000000C6000000CB
:101F0000CB000000C9000000CB000000C4000000AE
:101F1000C9000000C9000000C6000000C6000000A3
:101F2000C7000000C8000000C8000000C500000095
:101F3000CC000000C6000000C6000000C800000081
:101F4000C7000000CB000000C8000000C500000072
:101F5000C9000000C7000000C9000000C600000062
:101F6000C6000000CB000000C5000000C700000054
:101F7000C9000000C8000000C8000000C600000042
:101F8000C8000000C8000000C6000000C800000033
:101F9000C8000000C7000000C8000000C400000026
:101FA000C9000000C9000000C7000000C700000011
:101FB000C4000000CB000000C9000000C500000004
:101FC000C8000000C6000000C8000000C7000000F4
:101FD000C6000000CB000000C5000000C8000000E3
:101FE000C8000000C8000000C9000000C5000000D3
:101FF000C6000000CA000000C7000000CA000000C0
:10200000C6000000C9000000C8000000C4000000B5
:10201000C7000000C8000000C8000000C8000000A1
:10202000C6000000CB000000C8000000C600000091
:10203000C7000000C7000000C8000000C700000083
:10204000C6000000CB000000C7000000C700000071
:10205000C6000000C7000000CA000000C700000062
:10206000C5000000C9000000C7000000C900000052
:10207000C6000000C8000000C8000000C500000045
:10208000C9000000C9000000C8000000C90000002D
:10209000C4000000CC000000C9000000C600000021
:1020A000C5000000C6000000C9000000C700000015
:1020B000C7000000CE000000C8000000BF00000004
:1020C000CE000000B7000000BA000000DA000000F7
:1020D000EE000000E6000000B3000000AE000000CB
:1020E000C6000000E6000000D0000000BA000000BA
:1020F000C7000000E2000000CE000000C7000000A2
:10210000C2000000DB000000BB000000BA000000BD
:10211000C6000000E6000000D0000000C000000083
:10212000BC000000DE000000D0000000C300000082
:10213000B2000000CE000000D5000000C600000084
:10214000BA000000DA000000D2000000C700000062
:10215000B6000000DB000000CA000000BF00000065
:10216000B7000000D8000000D3000000C400000049
:10217000C2000000D8000000D3000000BC00000036
:10218000B8000000D5000000CE000000C60000002E
:10219000BD000000DF000000D4000000BD00000012
:1021A000B7000000D3000000DC000000BC0000000D
:1021B000B1000000D6000000E2000000CA000000EC
:1021C000B5000000C8000000D6000000C7000000F5
:1021D000BA000000CB000000D3000000CF000000D8
:1021E000B9000000D1000000DA000000C6000000C5
:1021F000B7000000C2000000DE000000CB000000BD
:10220000BD000000C9000000D6000000CD000000A5
:10221000BD000000C8000000D6000000C60000009D
:10222000B9000000C8000000DC000000CC00000085
:10223000BE000000C2000000DC000000CB00000077
:10224000BE000000BB000000DA000000CD0000006E
:10225000BB000000BF000000DC000000D100000057
:10226000BC000000BD000000D5000000CE00000052
:10227000BE000000BA000000D6000000CE00000042
:10228000C9000000B8000000D5000000CF00000029
:10229000BF000000BA000000CD000000D300000025
:1022A000C2000000BD000000D6000000CE0000000B
:1022B000C1000000B8000000D2000000CF00000004
:1022C000BF000000BA000000D6000000D0000000EF
:1022D000C5000000B6000000D1000000D0000000E2
:1022E000BF000000BA000000CC000000D7000000D2
:1022F000C5000000B5000000D1000000D2000000C1
:10230000C6000000B7000000CC000000D0000000B4
:10231000C7000000BE000000C9000000CF000000A0
:10232000C7000000C0000000C7000000CE00000091
:10233000C7000000C1000000C6000000CD00000082
:10234000C9000000C2000000C7000000CB00000070
:10235000C8000000C4000000C7000000CC0000005E
:10236000C8000000C4000000C6000000CC0000004F
:10237000C9000000C5000000C4000000CA00000041
:10238000CA000000C6000000C5000000C90000002F
:10239000C9000000C6000000C5000000CA0000001F
:1023A000CA000000C7000000C4000000C90000000F
:1023B000CA000000C7000000C5000000C8000000FF
:1023C000CA000000C8000000C5000000C7000000EF
:1023D000C9000000C8000000C5000000C8000000DF
:1023E000CA000000C8000000C5000000C7000000CF
:1023F000C9000000C8000000C5000000C7000000C0
:10240000C9000000C7000000C5000000C8000000AF
:10241000CA000000C8000000C5000000C70000009E
:10242000CA000000C8000000C5000000C70000008E
:10243000CA000000C9000000C5000000C60000007E
:10244000CA000000C9000000C6000000C60000006D
:10245000CA000000C9000000C6000000C70000005C
:10246000C9000000C8000000C6000000C70000004E
:10247000C9000000C8000000C6000000C60000003F
:10248000C9000000C9000000C7000000C60000002D
:10249000C9000000C8000000C6000000C70000001E
:1024A000C9000000C8000000C6000000C70000000E
:1024B000C9000000C9000000C7000000C6000000FD
:1024C000C8000000C8000000C8000000C6000000EE
:1024D000C8000000C8000000C7000000C7000000DE
:1024E000C8000000C8000000C7000000C6000000CF
:1024F000C8000000C8000000C8000000C7000000BD
:10250000C8000000C8000000C7000000C7000000AD
:10251000C8000000C8000000C7000000C70000009D
:10252000C8000000C8000000C7000000C70000008D
:10253000C8000000C8000000C7000000C70000007D
:10254000C8000000C8000000C7000000C70000006D
:10255000C8000000C8000000C7000000C70000005D
:10256000C7000000C8000000C9000000D300000040
:10257000AA000000BD000000D6000000FD00000021
:10258000FB000000AD000000BB000000AC0000003C
:10259000F5000000EC000000BB000000AD000000F2
:1025A000C200000002010000C4000000C7000000DB
:1025B000BE000000DB000000D5000000B6000000F7
:1025C000AF000000C200000003010000BE000000D8
:1025D000AD000000B7000000E7000000EC000000C4
:1025E000B7000000A0000000AA00000005010000E4
:1025F000D6000000A8000000AF000000D7000000D7
:10260000F3000000C3000000AC000000A2000000C6
:10261000F4000000DC000000A5000000AA0000009B
:10262000CF000000F3000000C6000000B30000006F
:102630009E000000EC000000E5000000A600000085
:10264000A3000000C4000000F5000000CC00000062
:10265000B80000009B000000DD000000EE0000005C
:10266000B8000000A3000000B1000000EF0000006F
:10267000CD000000C8000000A4000000CF00000052
:10268000EA000000BA000000A9000000B10000004C
:10269000F0000000CA000000BD000000AA00000019
:1026A000CE000000F2000000C2000000A500000003
:1026B000A8000000F0000000D1000000BE000000F3
:1026C000AE000000C3000000EE000000C6000000E5
:1026D000B0000000A9000000EF000000CF000000E3
:1026E000B3000000B1000000C7000000F1000000CE
:1026F000C8000000B2000000A7000000F1000000C8
:10270000DC000000B0000000AF000000C0000000CE
:10271000F0000000CB000000B8000000A80000009E
:10272000ED000000E3000000B1000000AE0000007A
:10273000BD000000EF000000D0000000BB00000062
:10274000A7000000E2000000EB000000B70000005E
:10275000B0000000BA000000EF000000D000000050
:10276000BD000000A9000000D8000000F10000003A
:10277000BC000000AE000000B7000000F000000048
:10278000D3000000BF000000AE000000CB0000003E
:10279000F1000000C1000000B2000000B500000020
:1027A000EF000000D3000000BE000000B1000000F8
:1027B000C4000000F1000000C6000000B5000000E9
:1027C000B2000000EC000000D6000000BC000000D9
:1027D000B4000000BF000000EF000000CA000000CD
:1027E000B5000000AD000000E7000000DB000000C5
:1027F000BA000000B6000000BB000000EC000000C2
:10280000CE000000B8000000AB000000E2000000B5
:10281000DE000000B5000000B4000000BF000000B2
:10282000EC000000CE000000B4000000AB0000008F
:10283000DC000000E5000000B3000000B300000071
:10284000BB000000EA000000D0000000BB00000058
:10285000A9000000CF000000E8000000B90000005F
:10286000B3000000B7000000E5000000D400000045
:10287000BC000000AC000000C7000000EE0000003B
:10288000BD000000AF000000B4000000E800000040
:10289000D7000000B8000000AC000000C30000003A
:1028A000F3000000C5000000AB000000B100000014
:1028B000E4000000D9000000B8000000B3000000F0
:1028C000C0000000EE000000C8000000AF000000E3
:1028D000B1000000E0000000DA000000B8000000D5
:1028E000B7000000BB000000EB000000D0000000BB
:1028F000B5000000AE000000D9000000DE000000BE
:10290000BB000000B8000000B7000000E7000000B6
:10291000D6000000B7000000AB000000D4000000AB
:10292000E6000000BB000000B7000000B600000099
:10293000E7000000D7000000B9000000AC00000074
:10294000D2000000EA000000BD000000B40000005A
:10295000B8000000E3000000D8000000BB00000049
:10296000B2000000CA000000EB000000C10000003F
:10297000B8000000B8000000DE000000D700000032
:10298000BF000000B3000000C4000000ED00000024
:10299000C9000000B5000000B4000000DB0000002A
:1029A000DD000000C0000000B3000000BD0000001A
:1029B000EE000000CE000000B3000000B3000000F5
:1029C000DA000000E0000000BE000000B4000000DB
:1029D000BB000000EE000000D0000000B2000000CC
:1029E000B3000000D8000000E1000000BC000000BF
:1029F000B7000000BA000000E9000000D3000000AA
:102A0000B4000000B4000000D3000000E3000000A8
:102A1000BE000000B9000000B5000000E1000000A9
:102A2000D7000000B9000000B1000000CC00000099
:102A3000E6000000C2000000B8000000B300000083
:102A4000DE000000DC000000BA000000AF00000063
:102A5000CA000000E7000000BF000000B500000051
:102A6000B7000000DF000000DB000000BD00000038
:102A7000A7000000C8000000E2000000C90000003C
:102A8000BC000000AC000000DF000000DA00000025
:102A9000E1000000B8000000B2000000D500000016
:102AA000B7000000BD000000B8000000E900000011
:102AB000D0000000C3000000C9000000C1000000F9
:102AC000E3000000C6000000A1000000A300000019
:102AD000CF000000F2000000C5000000B6000000BA
:102AE000B2000000F1000000D3000000BE000000B2
:102AF000AF000000C5000000CE000000C4000000D0
:102B0000D2000000B7000000DA000000DA00000088
:102B1000B1000000B3000000C7000000E6000000A4
:102B2000B8000000AE000000B7000000F700000091
:102B3000DC000000C3000000B4000000C900000079
:102B4000D5000000C1000000C5000000AD0000007D
:102B5000CE000000E4000000BF000000B300000051
:102B6000C6000000ED000000C5000000AD00000040
:102B7000B0000000E9000000DC000000C900000017
:102B8000B7000000C1000000D8000000CD00000028
:102B9000C4000000B2000000BF000000E000000020
:102BA000C3000000B9000000C6000000EC000000F7
:102BB000CA000000AD000000B4000000E600000004
:102BC000DB000000C1000000B7000000BB000000F7
:102BD000DD000000DD000000C2000000AE000000CB
:102BE000B4000000DF000000CD000000BA000000CB
:102BF000BC000000E4000000DA000000B9000000A2
:102C0000B5000000DC000000D7000000BB000000A1
:102C1000B8000000BA000000D4000000E600000088
:102C2000C3000000B3000000B4000000E300000097
:102C3000D1000000B6000000B4000000D700000082
:102C4000DF000000BE000000B8000000D700000058
:102C5000DD000000BB000000B9000000B70000006C
:102C6000C7000000E5000000C4000000B400000040
:102C7000B3000000E6000000DC000000BA00000025
:102C8000B1000000CC000000DE000000C100000028
:102C9000B8000000CD000000DE000000C30000000E
:102CA000BB000000BC000000C0000000E30000000A
:102CB000C1000000B6000000AE000000DB00000014
:102CC000E1000000BD000000A9000000E5000000D8
:102CD000E6000000C5000000E3000000DC0000008A
:102CE000BB000000C7000000A6000000DC000000E0
:102CF000F0000000E1000000A4000000A3000000BC
:102D0000C1000000CE00000023010000C700000049
:102D10009400000013010000A6000000E000000085
:102D2000F4000000A500000082000000C5000000C3
:102D3000C7000000D0000000F1000000AD0000005E
:102D4000670000005F000000BF000000FE00000000
:102D50004B010000180100008E0000009E000000E2
:102D6000A9000000790000007A000000E0000000E7
:102D7000CB0000001D01000018010000A1000000B0
:102D80006D000000BB000000AB0000007E000000F2
:102D9000EF000000CD00000023010000150100003D
:102DA0008900000074000000B5000000B9000000B8
:102DB0009400000011010000FF000000E20000008C
:102DC000FB000000B000000082000000B400000022
:102DD000C9000000870000000C0100000A0100008B
:102DE000CE000000F40000008D0000008C00000008
:102DF000DC000000E8000000AF0000001601000049
:102E0000F0000000AB000000E2000000A1000000A4
:102E100091000000CA000000E2000000CF000000A6
:102E200002010000DB000000C3000000D800000029
:102E30007B0000009B000000DF000000EE000000AF
:102E4000E1000000E7000000B7000000B60000004D
:102E5000D90000009B000000AA000000D200000082
:102E6000FA000000E9000000C3000000A00000001C
:102E7000B6000000D90000007E000000AA0000009B
:102E8000FA000000F0000000D1000000C3000000C4
:102E90009B000000B6000000E80000009B0000005E
:102EA000C0000000F1000000D7000000CB000000CF
:102EB000B200000099000000BE000000DF0000002A
:102EC00098000000D00000000C010000D9000000B4
:102ED000AC000000AF000000AE000000B600000033
:102EE000DC000000C5000000D2000000E800000087
:102EF000DC000000BF000000B1000000BD000000C9
:102F0000A9000000E3000000DC000000C200000097
:102F1000E3000000D5000000A4000000B5000000A0
:102F2000CC000000AB000000ED000000FE0000003F
:102F3000BF000000BA000000D1000000BD0000008A
:102F4000B2000000C6000000B9000000E20000006E
:102F5000E0000000B7000000C6000000DA0000003A
:102F6000BB000000B3000000CD000000C300000063
:102F7000D1000000DE000000C6000000BA00000022
:102F8000CC000000C7000000B7000000C700000030
:102F9000D8000000D3000000CE000000BB000000FD
:102FA000BC000000C7000000C2000000C00000001C
:102FB000C6000000D8000000D0000000C9000000DA
:102FC000C3000000C2000000C3000000C5000000F4
:102FD000C8000000C6000000D2000000D0000000C1
:102FE000C2000000C2000000C6000000C4000000D3
:102FF000C9000000C8000000C2000000CC000000B2
:10300000D0000000C4000000C2000000C7000000A3
:10301000C6000000CA000000CA000000C500000091
:10302000C9000000CC000000C3000000C300000085
:10303000C9000000C9000000CA000000C90000006B
:10304000C2000000C7000000CD000000C600000064
:10305000C1000000CA000000CC000000CA0000004F
:10306000C7000000C3000000C5000000CA00000047
:10307000C6000000C5000000CC000000CC0000002D
:10308000C8000000C6000000C1000000C50000002C
:10309000CE000000CB000000C3000000C70000000D
:1030A000CB000000C5000000C5000000C700000004
:1030B000C7000000CD000000CA000000C3000000EF
:1030C000C5000000C8000000C5000000C6000000E8
:1030D000C9000000C7000000CF000000CC000000C5
:1030E000C0000000C4000000CA000000C5000000CD
:1030F000C4000000C9000000C9000000CE000000AC
:10310000CD000000C3000000C2000000C7000000A6
:10311000C6000000C7000000CA000000C700000091
:10312000CB000000CC000000C3000000C300000082
:10313000C9000000C8000000C6000000C800000070
:10314000C7000000CA000000CB000000C50000005E
:10315000C4000000C7000000C9000000C800000053
:10316000C6000000C5000000C9000000CB00000040
:10317000C5000000C4000000CA000000CB00000031
:10318000C8000000C6000000C6000000C600000025
:10319000CA000000C8000000C5000000C800000010
:1031A000CB000000C9000000C6000000C6000000FF
:1031B000C6000000CA000000C8000000C5000000F2
:1031C000C9000000CA000000C7000000C5000000E0
:1031D000C7000000C5000000CA000000CB000000CE
:1031E000C6000000C7000000C9000000C8000000C1
:1031F000C7000000C7000000C8000000C8000000B1
:10320000CA000000C5000000C7000000C90000009F
:10321000C5000000C6000000C9000000C800000092
:10322000C9000000CB000000C4000000C500000081
:10323000CA000000C7000000C5000000C700000071
:10324000C8000000C8000000CA000000C80000005C
:10325000C6000000C8000000C6000000C800000052
:10326000CA000000C9000000C5000000C80000003E
:10327000C4000000C5000000CB000000CA00000030
:10328000C7000000C6000000C9000000C600000022
:10329000C9000000C8000000C5000000C700000011
:1032A000C9000000C7000000C6000000C800000000
:1032B000C5000000C9000000C4000000C5000000F7
:1032C000CB000000CC000000C9000000C5000000D9
:1032D000C7000000C3000000C8000000C7000000D5
:1032E000C7000000C9000000CA000000C8000000BC
:1032F000C6000000C8000000C7000000CB000000AE
:10330000C5000000C6000000C7000000C9000000A2
:10331000C8000000C6000000C8000000C700000090
:10332000C9000000C8000000C7000000C60000007F
:10333000C8000000C8000000C5000000C700000071
:10334000C7000000CA000000C7000000C70000005E
:10335000C7000000C7000000C8000000C500000052
:10336000C7000000C8000000C9000000C80000003D
:10337000C9000000C6000000C7000000C90000002E
:10338000C6000000C7000000CA000000C90000001D
:10339000C6000000C8000000C6000000C700000012
:1033A000C8000000C6000000C7000000C9000000FF
:1033B000C7000000C7000000CA000000C6000000EF
:1033C000C8000000CA000000C6000000C6000000DF
:1033D000C9000000C8000000C6000000C8000000CE
:1033E000C7000000C8000000C9000000C7000000BE
:1033F000C6000000C8000000C7000000C7000000B1
:10340000CA000000C7000000C5000000C90000009D
:10341000C8000000C2000000CB000000CA0000008D
:10342000C5000000C9000000C5000000C200000087
:10343000C8000000C5000000C5000000CF0000006B
:10344000CD000000C0000000CD000000C30000005F
:10345000CA000000D1000000B6000000AE0000006D
:10346000BD000000DC000000CC000000DB0000001C
:10347000E4000000DA000000C3000000AC0000001F
:10348000A8000000AE000000BA000000DB00000051
:10349000E6000000D4000000C5000000D0000000DD
:1034A000D4000000A1000000B9000000D20000001C
:1034B000B1000000C8000000C9000000EA000000E0
:1034C000CC000000BD000000DB000000BE000000DA
:1034D000B5000000B7000000D9000000C6000000E1
:1034E000B5000000C2000000E5000000B4000000CC
:1034F000CB000000E1000000C4000000C700000095
:10350000BB000000DC000000BA000000B6000000B4
:10351000CF000000C4000000CA000000C40000008A
:10352000DA000000D3000000BF000000B40000007B
:10353000D7000000AA000000C4000000DC0000006A
:10354000CC000000D2000000BC000000DF00000042
:10355000BC000000B6000000CC000000B700000076
:10356000C0000000C4000000DA000000DB00000022
:10357000CD000000B9000000D7000000AA00000044
:10358000BF000000D5000000C7000000CB00000015
:10359000BD000000E2000000C6000000BD00000009
:1035A000CC000000B7000000BC000000C00000001C
:1035B000D7000000D9000000CE000000BE000000CF
:1035C000DD000000AF000000C3000000D2000000DA
:1035D000C1000000C6000000B8000000E2000000CA
:1035E000C9000000C3000000CF000000BD000000C3
:1035F000C0000000C3000000D3000000D3000000A2
:10360000C4000000B8000000DE000000B2000000AE
:10361000C4000000D7000000C5000000CD0000007D
:10362000BA000000DB000000C2000000BE00000085
:10363000C8000000BD000000C0000000CA0000007B
:10364000D6000000D8000000C7000000B60000004F
:10365000DB000000AF000000BD000000D100000052
:10366000C6000000D0000000C0000000E000000024
:10367000C4000000BE000000C5000000BE00000045
:10368000BA000000C7000000D3000000D80000000E
:10369000CB000000BB000000DB000000B500000014
:1036A000C0000000CB000000C1000000CD00000001
:1036B000BC000000E0000000CA000000C2000000E2
:1036C000C7000000C4000000B9000000C5000000F1
:1036D000CD000000D5000000CA000000BC000000C2
:1036E000DA000000B8000000C4000000CC000000B8
:1036F000C2000000CA000000BA000000DD000000A7
:10370000CC000000C3000000C5000000C90000009C
:10371000BD000000C9000000CD000000D200000084
:10372000C7000000BA000000D8000000B800000088
:10373000C6000000CB000000C5000000CB00000068
:10374000C0000000D5000000CA000000C400000056
:10375000C4000000C7000000C2000000C900000053
:10376000CA000000CC000000C8000000C300000038
:10377000CD000000C0000000C7000000C90000002C
:10378000C7000000C8000000C6000000CC00000018
:10379000C8000000C7000000C7000000C80000000B
:1037A000C5000000C8000000C7000000C8000000FD
:1037B000C8000000C8000000CA000000C4000000EB
:1037C000C7000000C8000000C7000000C7000000DC
:1037D000C8000000C8000000C7000000C7000000CB
:1037E000C7000000C7000000C6000000C9000000BC
:1037F000C8000000C7000000C7000000C9000000AA
:10380000C8000000C5000000C8000000C80000009B
:10381000C8000000C7000000C8000000C800000089
:10382000C7000000C8000000C9000000C700000079
:10383000C6000000C9000000C8000000C70000006A
:10384000C7000000C8000000C8000000C60000005B
:10385000C8000000C8000000C8000000C700000049
:10386000C8000000C7000000C6000000C70000003C
:10387000C9000000C7000000C6000000C900000029
:10388000C8000000C7000000C6000000C80000001B
:10389000C8000000C6000000C8000000C80000000A
:1038A000C8000000C7000000C8000000C7000000FA
:1038B000C7000000C7000000C9000000C8000000E9
:1038C000C7000000C9000000C8000000C7000000D9
:1038D000C6000000C8000000C7000000C7000000CC
:1038E000C8000000C8000000C9000000CA000000B5
:1038F000C8000000C8000000C5000000C6000000AD
:10390000C8000000C7000000CA000000C800000096
:10391000CE000000BC000000D1000000B400000098
:10392000C7000000D1000000F0000000E20000002D
:10393000A9000000A8000000D4000000DC00000086
:10394000BF000000A8000000E0000000D900000057
:10395000C9000000B1000000D5000000CF00000049
:10396000B5000000AD000000D2000000DE00000045
:10397000CE000000B5000000C4000000DB00000025
:10398000D4000000B3000000B2000000CF0000002F
:10399000D1000000C3000000BB000000D300000005
:1039A000CA000000C1000000B5000000CE00000009
:1039B000BF000000BF000000B4000000D6000000FF
:1039C000C0000000C6000000B6000000D6000000E5
:1039D000B8000000BD000000B1000000D7000000EA
:1039E000B6000000C0000000B9000000E0000000C8
:1039F000B9000000B6000000AF000000DF000000CA
:103A0000C2000000B3000000A9000000DE000000BA
:103A1000D0000000BF000000AA000000D20000009B
:103A2000C6000000BA000000AE000000D200000096
:103A3000CB000000BC000000B4000000D800000073
:103A4000CE000000B8000000AC000000CE00000076
:103A5000D0000000BF000000B6000000D20000004F
:103A6000D0000000C0000000B8000000D20000003C
:103A7000CE000000B9000000B3000000D300000039
:103A8000DA000000C4000000B5000000CF00000014
:103A9000DA000000C5000000B1000000C80000000E
:103AA000DA000000C7000000B5000000CB000000F5
:103AB000DE000000CA000000B6000000C1000000E7
:103AC000DA000000C8000000B7000000C1000000DC
:103AD000DD000000CC000000BB000000BF000000C3
:103AE000D9000000C9000000BB000000B9000000C0
:103AF000D7000000C9000000C0000000BD000000A9
:103B0000DA000000C7000000BD000000B90000009E
:103B1000D9000000C7000000BC000000B600000093
:103B2000DA000000CC000000BF000000B60000007A
:103B3000D6000000CA000000BD000000B300000075
:103B4000D7000000CE000000C1000000B50000005A
:103B5000D7000000CF000000C1000000B30000004B
:103B6000D2000000CF000000C4000000B700000039
:103B7000D4000000D0000000C4000000B700000026
:103B8000D3000000CE000000C4000000B700000019
:103B9000D2000000D1000000C6000000B900000003
:103BA000D3000000D1000000C2000000B8000000F7
:103BB000D2000000D1000000C3000000B8000000E7
:103BC000D2000000D5000000C4000000B7000000D3
:103BD000CC000000D4000000C2000000BA000000C9
:103BE000CB000000D5000000C5000000BA000000B6
:103BF000C7000000D7000000C3000000B7000000AD
:103C0000C4000000D7000000C9000000BA00000096
:103C1000C4000000D8000000C8000000BA00000086
:103C2000C1000000D7000000C7000000BB0000007A
:103C3000C1000000DD000000C9000000BF0000005E
:103C4000BD000000DA000000C9000000BD00000057
:103C5000BF000000D8000000CD000000C000000040
:103C6000C1000000DA000000CF000000BF0000002B
:103C7000BC000000D7000000CF000000C30000001F
:103C8000BB000000DA000000D2000000C500000008
:103C9000BA000000D6000000D3000000C2000000FF
:103CA000BA000000D5000000D4000000C4000000ED
:103CB000BB000000D5000000D3000000C3000000DE
:103CC000B9000000D3000000D0000000C4000000D4
:103CD000B9000000D5000000D1000000C4000000C1
:103CE000B9000000D0000000D0000000C3000000B8
:103CF000B9000000CE000000D1000000C4000000A8
:103D0000BA000000CE000000D1000000C500000095
:103D1000B7000000CC000000CF000000C60000008B
:103D2000B8000000CB000000D1000000C50000007A
:103D3000BA000000CA000000D0000000C40000006B
:103D4000BA000000C8000000D2000000C50000005A
:103D5000BC000000C9000000D1000000C600000047
:103D6000BB000000C8000000D1000000C600000039
:103D7000BD000000C6000000D4000000C800000024
:103D8000BE000000C4000000D4000000C800000015
:103D9000BF000000C3000000D6000000CA00000001
:103DA000BF000000C3000000D6000000CB000000F0
:103DB000BF000000C1000000D6000000CC000000E1
:103DC000C0000000C4000000D8000000CC000000CB
:103DD000C1000000BE000000DA000000D0000000BA
:103DE000C4000000B8000000D3000000CE000000B6
:103DF000C1000000C0000000C8000000CC000000AE
:103E0000BD000000B0000000E8000000DE0000007F
:103E1000C4000000AE000000C0000000C3000000AD
:103E2000D6000000BD000000EC000000D40000003F
:103E3000E1000000CA000000CC000000AF0000005C
:103E4000AB000000AF000000D0000000DC0000006C
:103E5000E1000000BA000000C7000000CA00000036
:103E6000BB000000C0000000BE000000D400000045
:103E7000BE000000C7000000DB000000CF00000013
:103E8000BA000000B3000000CD000000D400000024
:103E9000C2000000C5000000BA000000C900000018
:103EA000C5000000B9000000CD000000CB000000FC
:103EB000D6000000BB000000CA000000CD000000DA
:103EC000B8000000B1000000C1000000E1000000E7
:103ED000D7000000C2000000CF000000C7000000B3
:103EE000C1000000BA000000BB000000D1000000CB
:103EF000C7000000D4000000C9000000D800000086
:103F0000C4000000B1000000B5000000C8000000BF
:103F1000D3000000D0000000CA000000EA0000004A
:103F2000C9000000C1000000B7000000CB00000085
:103F3000C4000000C3000000D1000000DD0000004C
:103F4000D2000000C8000000B4000000C90000005A
:103F5000BD000000C4000000C5000000D400000047
:103F6000DC000000C1000000C1000000D200000021
:103F7000CE000000C2000000BB000000DC0000001A
:103F8000CC000000C5000000C2000000CC00000012
:103F9000C2000000BC000000C2000000DD00000004
:103FA000C8000000CA000000AE000000CC00000005
:103FB000C6000000C6000000BF000000D0000000E6
:103FC000DC000000C6000000BC000000CE000000C5
:103FD000C5000000B5000000B5000000D4000000DE
:103FE000E0000000C3000000C5000000BD000000AC
:103FF000CB000000B8000000BA000000C8000000BC
:10400000CE000000D1000000C6000000CC0000007F
:10401000D4000000BC000000AF000000C0000000A1
:10402000D7000000D5000000C0000000D200000052
:10403000C8000000C7000000BA000000C400000073
:10404000D2000000BB000000C3000000CD00000053
:10405000E1000000C6000000AD000000AB00000061
:10406000D0000000E6000000EB000000F9000000B6
:10407000DD0000008C000000DC0000009700000064
:10408000DB000000CC000000CC000000D9000000E4
:10409000A2000000B5000000A10000008A0000009E
:1040A0009C000000D6000000CD000000BA00000017
:1040B0009D00000099000000B4000000A70000006F
:1040C000D4000000C40000007F0000005C0000007D
:1040D000B1000000CB000000D3000000AA000000E7
:1040E000D0000000BA00000071000000660000006F
:1040F000A8000000C1000000D4000000A4000000DF
:10410000DA000000D20000007A0000007A0000000F
:104110009B000000E0000000CB000000DD0000007C
:10412000FC000000FD000000860000008C00000084
:10413000AF000000F8000000C60000000D01000004
:10414000F80000001F010000A9000000CE000000E0
:10415000CF000000E6000000D60000000C010000C7
:10416000F700000027010000C3000000F30000007A
:10417000D2000000E8000000E3000000F2000000B0
:10418000F2000000EA000000D1000000DF000000A3
:10419000E5000000DF000000CE000000E4000000A9
:1041A000CE000000BC000000D2000000CD000000E6
:1041B000E3000000BF000000E2000000D9000000A2
:1041C000B0000000AE000000B9000000B600000022
:1041D000CA000000BB000000EF000000B9000000B2
:1041E000A90000009D000000B40000009E00000037
:1041F000A3000000B8000000C8000000C1000000DB
:104200009B000000AB000000A80000009000000030
:1042100082000000BE000000B9000000CC000000D9
:1042200089000000D8000000B5000000A2000000D6
:104230008D000000C9000000BF000000C3000000A6
:10424000B0000000F0000000D6000000B100000047
:10425000A5000000D0000000C9000000C20000005E
:10426000CE000000E7000000EB000000BD000000F1
:10427000CA000000D4000000C6000000B00000002A
:10428000C6000000DD000000F6000000C5000000D0
:10429000E7000000D5000000CC000000B1000000E5
:1042A000D0000000CC000000E3000000CC000000C3
:1042B000E8000000E2000000D5000000BC000000A3
:1042C000D5000000C1000000D5000000D1000000B2
:1042D000D5000000D9000000CE000000C60000009C
:1042E000D6000000C6000000C9000000DC0000008D
:1042F000BB000000C9000000C6000000CB000000A9
:10430000CF000000C2000000CB000000D900000078
:10431000C0000000CA000000CC000000C400000083
:10432000C1000000BF000000C6000000D500000072
:10433000C3000000CD000000CE000000C40000005B
:10434000C1000000C4000000C2000000C70000005F
:10435000C2000000CA000000CE000000C60000003D
:10436000C9000000C7000000C2000000C600000035
:10437000C8000000C7000000C3000000C400000027
:10438000C8000000C9000000C5000000CB0000000C
:10439000CA000000C2000000C1000000C60000000A
:1043A000C7000000C8000000C5000000CD000000EC
:1043B000CB000000C5000000C2000000C4000000E7
:1043C000C6000000C5000000C5000000CF000000CE
:1043D000CB000000C8000000C4000000C9000000BD
:1043E000C8000000C5000000C4000000C9000000B3
:1043F000C8000000C6000000C6000000CC0000009D
:10440000CB000000C9000000C6000000C80000008A
:10441000C9000000C4000000C4000000C700000084
:10442000CA000000CA000000C7000000CA00000067
:10443000CB000000C7000000C6000000C70000005D
:10444000CA000000C6000000C6000000C80000004E
:10445000CB000000CA000000C6000000C60000003B
:10446000CA000000C6000000C8000000C60000002E
:10447000CA000000C8000000C7000000C80000001B
:10448000CB000000C8000000C5000000C50000000F
:10449000C9000000C7000000C8000000C7000000FD
:1044A000CA000000C8000000C5000000C6000000EF
:1044B000C8000000C8000000C7000000C5000000E0
:1044C000C9000000C8000000C7000000C6000000CE
:1044D000C8000000CA000000C7000000C7000000BC
:1044E000C8000000C7000000C6000000C4000000B3
:1044F000C9000000C9000000C7000000C70000009C
:10450000C7000000C9000000C7000000C50000008F
:10451000C8000000C7000000C8000000C50000007F
:10452000C8000000C9000000C7000000C50000006E
:10453000C7000000C9000000C9000000C40000005E
:10454000C9000000C8000000C8000000C40000004E
:10455000C8000000C9000000C8000000C70000003B
:10456000C6000000C9000000C7000000C60000002F
:10457000C9000000CA000000C8000000C700000019
:10458000C7000000C9000000C6000000C400000011
:10459000C5000000CA000000C8000000C8000000FC
:1045A000C7000000C9000000C6000000C5000000F0
:1045B000C4000000C8000000C7000000C6000000E2
:1045C000C8000000CB000000C9000000C7000000C8
:1045D000C5000000CA000000C8000000C6000000BE
:1045E000C6000000C9000000C8000000C7000000AD
:1045F000C8000000CB000000C8000000C900000097
:10460000C6000000CA000000C8000000C70000008B
:10461000C7000000C9000000CA000000C800000078
:10462000C6000000C8000000C7000000C90000006C
:10463000C7000000CA000000C9000000C60000005A
:10464000C6000000C7000000C9000000C70000004D
:10465000C5000000C9000000C7000000C70000003E
:10466000C4000000C7000000CB000000C80000002C
:10467000C6000000C6000000C8000000C600000020
:10468000C2000000C7000000C7000000C800000012
:10469000C4000000C7000000C9000000C500000001
:1046A000C4000000C6000000C8000000C9000000EF
:1046B000C5000000C8000000C8000000C6000000DF
:1046C000C5000000C5000000CA000000C6000000D0
:1046D000C7000000C8000000CB000000C8000000B8
:1046E000C4000000C7000000C9000000C7000000AF
:1046F000C8000000C7000000CC000000C700000098
:10470000C7000000C7000000C9000000CA00000088
:10471000C7000000C9000000CB000000C800000076
:10472000C8000000C6000000C9000000C900000069
:10473000C8000000C9000000CA000000CA00000054
:10474000C6000000C7000000C9000000C80000004B
:10475000C8000000C6000000CA000000C900000038
:10476000C7000000C7000000C8000000C90000002A
:10477000C8000000C6000000CA000000C900000018
:10478000C8000000C5000000C9000000C90000000A
:10479000C6000000C5000000C8000000CA000000FC
:1047A000C6000000C5000000C8000000C9000000ED
:1047B000C7000000C4000000CA000000CA000000DA
:1047C000C2000000C4000000C8000000CD000000CE
:1047D000C8000000C3000000CA000000C7000000BD
:1047E000C4000000C2000000CA000000C9000000B0
:1047F000C7000000C5000000CC000000C800000099
:10480000C5000000C6000000CC000000CA00000087
:10481000C9000000C5000000C6000000C200000082
:10482000C6000000D0000000CA000000CA0000005E
:10483000C3000000CF000000D2000000BC00000058
:10484000B5000000C2000000C6000000DD0000004E
:10485000C7000000C1000000C7000000CF0000003A
:10486000C9000000C1000000B9000000BF00000046
:10487000D8000000CB000000BE000000CC0000000B
:10488000CF000000CF000000BD000000BD00000010
:10489000C8000000D3000000C0000000BB00000002
:1048A000D1000000CF000000D1000000BD000000DA
:1048B000C2000000C4000000D2000000C2000000DE
:1048C000BE000000CA000000CB000000D7000000BE
:1048D000C7000000BA000000C9000000D5000000B9
:1048E000C7000000BB000000C7000000CC000000B3
:1048F000DE000000C0000000BD000000D00000008D
:10490000D3000000C5000000BB000000CC00000088
:10491000CC000000D5000000BE000000C300000075
:10492000D3000000CC000000C4000000BB00000069
:10493000C5000000C9000000D6000000C40000004F
:10494000BC000000CF000000CE000000CB00000043
:10495000B7000000BB000000C8000000DA00000043
:10496000C1000000BA000000CF000000CB00000032
:10497000CD000000B7000000BC000000CA0000002D
:10498000D3000000C0000000BD000000CF00000008
:10499000CB000000CF000000BA000000BC00000007
:1049A000CC000000D0000000C4000000B8000000EF
:1049B000CE000000CD000000D3000000BA000000CF
:1049C000BD000000D1000000D2000000C2000000C5
:1049D000B8000000CC000000CD000000D4000000B2
:1049E000BF000000BF000000D0000000CE000000AB
:1049F000C9000000BE000000C5000000CC0000009F
:104A0000D6000000C2000000BE000000D20000007E
:104A1000CD000000CC000000B7000000C500000081
:104A2000CF000000D5000000BF000000BD00000066
:104A3000D2000000CE000000CB000000B700000054
:104A4000C1000000D1000000D3000000C100000040
:104A5000BD000000D1000000CD000000CE0000002D
:104A6000BA000000BF000000CF000000CF0000002F
:104A7000C4000000BE000000CF000000CD00000018
:104A8000CF000000BA000000BE000000D00000000F
:104A9000CD000000C4000000BA000000CD000000FE
:104AA000D0000000D1000000BC000000BD000000EC
:104AB000D0000000CC000000C6000000B9000000DB
:104AC000C9000000D0000000D2000000C0000000BB
:104AD000BE000000D0000000CB000000C8000000B5
:104AE000B8000000C5000000CF000000D0000000AA
:104AF000C3000000C0000000CD000000CB0000009B
:104B0000C9000000BE000000C5000000CC0000008D
:104B1000CB000000C5000000C3000000CB00000077
:104B2000CA000000C8000000C2000000C60000006B
:104B3000CA000000C9000000C6000000C500000057
:104B4000C9000000CA000000C8000000C400000046
:104B5000C6000000C9000000C9000000C700000036
:104B6000C5000000C9000000CA000000C700000026
:104B7000C6000000C7000000C9000000C800000017
:104B8000C6000000C6000000C9000000C900000007
:104B9000C6000000C7000000C8000000C9000000F7
:104BA000C8000000C6000000C7000000C9000000E7
:104BB000C9000000C7000000C7000000C8000000D6
:104BC000C8000000C8000000C6000000C7000000C8
:104BD000C8000000C9000000C7000000C6000000B7
:104BE000C7000000C9000000C8000000C6000000A7
:104BF000C7000000C8000000C9000000C700000096
:104C0000C6000000C7000000C8000000C800000087
:104C1000C6000000C6000000C8000000C900000077
:104C2000C7000000C5000000C7000000C900000068
:104C3000C8000000C6000000C7000000C800000057
:104C4000C8000000C7000000C6000000C800000047
:104C5000C9000000C8000000C6000000C600000037
:104C6000C9000000CA000000C8000000C500000024
:104C7000C6000000C8000000C9000000C500000018
:104C8000C4000000CB000000D1000000D2000000F2
:104C9000D3000000D8000000AF000000E6000000D4
:104CA000EE000000FF000000BA000000BD000000A0
:104CB000A6000000E5000000C4000000C2000000E3
:104CC000BD000000D6000000C2000000BB000000D4
:104CD000C2000000D5000000B1000000AA000000E2
:104CE000B9000000E9000000CA000000B0000000A8
:104CF000B1000000E1000000CF000000B40000009F
:104D0000A2000000CB000000CE000000BF000000A9
:104D1000AB000000D2000000D0000000B90000008D
:104D2000A8000000C8000000C6000000B500000098
:104D3000A9000000CB000000CC000000BE00000075
:104D4000B1000000CE000000CA000000BB0000005F
:104D5000AF000000CD000000CC000000BF0000004C
:104D6000BA000000D9000000D5000000BD0000001E
:104D7000B6000000D4000000DC000000C20000000B
:104D8000B6000000CE000000E6000000D1000000E8
:104D9000BE000000C7000000DF000000CD000000E2
:104DA000C4000000CA000000E3000000CE000000C4
:104DB000CB000000CB000000E7000000CF000000A7
:104DC000C6000000C0000000E4000000D1000000A8
:104DD000CE000000C6000000E3000000CF0000008D
:104DE000CC000000C2000000E0000000C70000008E
:104DF000C0000000BE000000E4000000CF00000082
:104E0000C2000000B8000000E0000000CD0000007B
:104E1000BB000000B2000000DC000000CD0000007C
:104E2000BD000000B3000000D9000000CF0000006A
:104E3000BE000000AF000000D3000000CB00000067
:104E4000BB000000B1000000D3000000CE00000055
:104E5000C1000000B2000000D0000000CC00000043
:104E6000BF000000B3000000CE000000CB00000037
:104E7000C0000000B9000000D3000000CF00000017
:104E8000BE000000B7000000D2000000D300000008
:104E9000BE000000B9000000D2000000D8000000F1
:104EA000C4000000BA000000CF000000D9000000DC
:104EB000C3000000BA000000CD000000DD000000CB
:104EC000C8000000BF000000CB000000DF000000B1
:104ED000CB000000BE000000C6000000DE000000A5
:104EE000CD000000C3000000C7000000DE0000008D
:104EF000CE000000C4000000C6000000DC0000007E
:104F0000CC000000C3000000C5000000DE0000006F
:104F1000CF000000C4000000C5000000DD0000005C
:104F2000CD000000C2000000C3000000DC00000053
:104F3000CE000000C1000000C1000000DD00000044
:104F4000CF000000C0000000BD000000DA0000003B
:104F5000CF000000C0000000BC000000D90000002D
:104F6000CF000000C1000000BA000000D80000001F
:104F7000CF000000BF000000B6000000D400000019
:104F8000CE000000C2000000B7000000D300000007
:104F9000CD000000C0000000B6000000D3000000FB
:104FA000CA000000BE000000B6000000D3000000F0
:104FB000CE000000BF000000B4000000D2000000DE
:104FC000CE000000BF000000B4000000D0000000D0
:104FD000D0000000C0000000B4000000CE000000BF
:104FE000D3000000C1000000B4000000CC000000AD
:104FF000D3000000C4000000B7000000CB00000098
:10500000D6000000C6000000B9000000C800000083
:10501000D6000000C6000000BB000000C800000071
:10502000D6000000C8000000BE000000C90000005B
:10503000D6000000C9000000BE000000C80000004B
:10504000D8000000C9000000BF000000C700000039
:10505000D9000000CB000000C0000000C400000028
:10506000D8000000CC000000C0000000C20000001A
:10507000D9000000CE000000C1000000C100000007
:10508000D7000000CE000000C1000000BD000000FD
:10509000D5000000CE000000C3000000BD000000ED
:1050A000D5000000CD000000C3000000BD000000DE
:1050B000D2000000CC000000C2000000BC000000D4
:1050C000D3000000CC000000C1000000BC000000C4
:1050D000D2000000CA000000C0000000BB000000B9
:1050E000D2000000CB000000C0000000BB000000A8
:1050F000D3000000CC000000BF000000BA00000098
:10510000D1000000CD000000C0000000BA00000087
:10511000D1000000CD000000C1000000B900000077
:10512000D0000000CD000000C2000000BA00000066
:10513000CF000000CE000000C2000000B800000058
:10514000D3000000D3000000CC000000BE0000002F
:10515000C6000000C5000000CD000000AF00000048
:10516000B8000000F7000000D2000000AB00000013
:10517000C9000000C8000000C6000000A700000031
:10518000FC000000CD000000AD000000BB000000EE
:10519000C2000000D5000000C1000000D2000000E5
:1051A000C7000000C3000000D6000000AC000000F3
:1051B000BC000000D6000000C4000000B7000000E2
:1051C000C3000000EF000000D2000000BD0000009E
:1051D000D0000000AD000000B1000000B1000000F0
:1051E000D7000000E3000000D4000000E70000004A
:1051F000B1000000C8000000BF000000BA000000BD
:10520000A8000000CE000000DE000000D700000073
:10521000C8000000EF000000AA000000A900000084
:10522000A9000000E3000000D5000000C600000057
:10523000DD000000D1000000C7000000B900000040
:10524000B6000000CB000000C9000000CF00000045
:10525000C0000000D7000000E7000000B20000001E
:10526000AE000000C4000000D7000000C60000002F
:10527000B9000000EB000000C7000000C100000002
:10528000B8000000C0000000BE000000BF00000029
:10529000CD000000DA000000D4000000DC000000B7
:1052A000AA000000B9000000BE000000CA00000013
:1052B000BC000000CA000000E8000000C8000000B8
:1052C000BF000000CA000000B9000000B0000000EC
:1052D000B4000000DB000000D8000000CA0000009D
:1052E000D8000000BD000000C1000000B9000000AF
:1052F000BB000000C2000000C9000000D300000095
:10530000C1000000CC000000E5000000B800000073
:10531000AF000000B8000000E2000000C70000007D
:10532000C1000000DB000000CD000000BE00000056
:10533000BA000000BD000000CE000000C400000064
:10534000D0000000C7000000D7000000DC00000013
:10535000AF000000B1000000C6000000D90000004E
:10536000C7000000C5000000EB000000C500000001
:10537000BB000000BB000000CC000000C00000002B
:10538000BF000000D3000000E0000000D0000000DB
:10539000D9000000AC000000C4000000BD00000007
:1053A000CB000000C0000000D5000000DF000000BE
:1053B000C2000000BC000000D8000000C4000000D3
:1053C000B6000000B2000000DE000000D0000000C7
:1053D000C5000000D4000000BF000000D0000000A5
:1053E000C8000000B8000000B9000000BD000000C7
:1053F000D9000000BF000000CA000000E00000006B
:10540000C7000000B5000000BC000000BC000000A8
:10541000B1000000B4000000F2000000BF00000076
:10542000C0000000B4000000CE000000C100000079
:10543000DD000000C9000000E300000013010000CF
:10544000C9000000B1000000BB000000B500000072
:1054500009010000A7000000E6000000ED000000C8
:1054600092000000C400000082000000E200000082
:105470009E00000099000000FB000000DE0000001C
:10548000E2000000A900000008010000D5000000B3
:10549000A6000000E70000008800000000010000F6
:1054A000B0000000A8000000EC0000009000000028
:1054B000CD0000009C000000C8000000EF000000CC
:1054C000BF00000000010000C1000000E500000076
:1054D000B0000000C9000000FC00000093000000C4
:1054E000D9000000CD000000B8000000B9000000A5
:1054F000A1000000E900000098000000CA000000C0
:10550000DE000000D2000000F5000000A90000004D
:10551000F3000000D20000009E000000EB0000003D
:10552000A1000000EC000000B4000000C00000007A
:10553000D0000000B7000000AF0000009D00000098
:10554000EC000000E0000000B7000000F1000000E7
:10555000B7000000F600000094000000C200000048
:10556000060100009E000000D0000000B90000000D
:10557000D3000000C00000009B000000D400000029
:10558000B0000000C1000000C9000000D30000000E
:10559000F4000000A7000000E1000000B9000000D6
:1055A000E2000000C80000009A000000EE000000C9
:1055B000CA000000BD000000AB000000BB000000FE
:1055C000E100000085000000CB000000E2000000C8
:1055D000DD000000DC000000AD000000EA0000007B
:1055E000C0000000C2000000D3000000B5000000B1
:1055F000D0000000B7000000D0000000BD00000097
:10560000C7000000C900000095000000DA0000009B
:10561000BE000000D6000000F0000000B80000004E
:10562000D2000000D0000000D9000000FC00000003
:10563000B8000000BD000000A5000000D900000077
:1056400001010000BB000000C3000000AF0000002B
:10565000EC000000E4000000D3000000B0000000F7
:10566000BD00000003010000A5000000B100000023
:10567000C9000000EA000000DE000000B6000000E3
:10568000A5000000BC00000009010000BC000000F3
:1056900087000000B0000000E1000000E200000010
:1056A000C2000000A9000000AC00000001010000E1
:1056B000CD00000097000000AC000000D500000005
:1056C000E3000000BE000000B20000009A000000ED
:1056D000FC000000E40000009D0000009F000000AE
:1056E000CD000000EB000000B9000000B400000095
:1056F00097000000ED000000F3000000A60000008D
:1057000099000000C5000000F5000000C300000083
:10571000B90000009A000000D6000000F000000070
:10572000B90000009D000000B9000000EE0000007C
:10573000BE000000C1000000A5000000D200000073
:10574000EC000000B90000009F000000B200000063
:10575000FD000000C8000000BD000000A90000001E
:10576000C6000000F0000000C7000000A20000001A
:10577000A100000000010000CF000000BA000000FE
:10578000B5000000C8000000F1000000C0000000EB
:10579000A9000000A500000008010000D8000000DA
:1057A000AC000000B1000000CF000000F5000000D8
:1057B000C5000000B0000000A3000000FE000000D3
:1057C000E1000000A7000000B5000000D1000000CB
:1057D000F2000000CA000000BD000000A1000000AF
:1057E000F3000000E9000000AB000000AD00000085
:1057F000C7000000F6000000CF000000C600000057
:10580000A5000000E0000000F1000000AF00000073
:10581000A9000000BD000000FE000000D200000052
:10582000C6000000A6000000D7000000F90000003C
:10583000B5000000A6000000B6000000FD0000005A
:10584000CB000000C2000000B4000000CB0000004C
:10585000F9000000BE000000A9000000B100000037
:10586000FB000000CD000000BB000000B9000000FC
:10587000C2000000F1000000C7000000B1000000FD
:10588000A8000000F4000000CF000000B7000000F6
:10589000B3000000BE000000EE000000CD000000DC
:1058A000B70000009F000000EF000000D6000000DD
:1058B000B1000000B6000000B8000000F1000000D8
:1058C000CD000000B80000009E000000EB000000CA
:1058D000E5000000A4000000B2000000BF000000CE
:1058E000ED000000CE000000B6000000A1000000A6
:1058F000DA000000EE000000AB000000AA0000008B
:10590000BE000000EB000000CC000000BD00000065
:10591000A6000000D2000000EE000000B70000006A
:10592000A9000000B8000000F1000000CA0000005B
:10593000BC000000A8000000CB000000FA0000003E
:10594000B8000000AA000000AF000000F300000053
:10595000D0000000B8000000AF000000BC00000054
:10596000FB000000C3000000AA000000B20000001D
:10597000EE000000D3000000AF000000B700000000
:10598000BE000000F3000000CD000000AE000000EB
:10599000AC000000EA000000D9000000B3000000E5
:1059A000B7000000BE000000EF000000D1000000C2
:1059B000B6000000A6000000E1000000E0000000CA
:1059C000B5000000BA000000B6000000ED000000C5
:1059D000D6000000BB000000A7000000DA000000B5
:1059E000ED000000B3000000B9000000BA000000A4
:1059F000EB000000D6000000BB000000A700000084
:105A0000D5000000F3000000B9000000B100000064
:105A1000BA000000E8000000D5000000C00000004F
:105A2000B0000000CF000000F3000000C100000043
:105A3000B4000000B5000000E7000000D500000041
:105A4000BF000000B1000000C3000000F60000002D
:105A5000C7000000B1000000B5000000E300000036
:105A6000DB000000BC000000B5000000BB0000002F
:105A7000F8000000CE000000AC000000B100000003
:105A8000E3000000DE000000B9000000B6000000E6
:105A9000B9000000F1000000D1000000AE000000DD
:105AA000AF000000E2000000E2000000B5000000CE
:105AB000B7000000B8000000EE000000D1000000B8
:105AC000B4000000AD000000D7000000E5000000B9
:105AD000B6000000BA000000B3000000E5000000BE
:105AE000D6000000B7000000AD000000CF000000AD
:105AF000EA000000BA000000B9000000B400000095
:105B0000DC000000D9000000BC000000AB00000079
:105B1000CA000000EF000000BC000000B10000005F
:105B2000B7000000E0000000D8000000B90000004D
:105B3000AC000000C6000000EF000000BE00000046
:105B4000B9000000BF000000CF000000CD00000041
:105B5000C4000000CC000000B8000000CC00000031
:105B6000C5000000B5000000BD000000DF0000001F
:105B7000EE000000C10000009F000000C400000013
:105B8000F8000000CE000000A4000000B2000000F9
:105B9000CC000000D0000000D1000000CC000000CC
:105BA000A2000000D7000000E6000000C2000000D4
:105BB0009D000000D6000000F7000000AB000000D0
:105BC000A5000000C7000000F5000000C9000000AB
:105BD000AF000000BB000000CE000000D6000000B7
:105BE000C3000000D5000000A7000000CE000000A8
:105BF000EE000000C7000000A3000000CC00000081
:105C000000010000AD000000A5000000C70000007A
:105C1000E6000000D2000000B6000000BA0000005C
:105C2000C3000000DF000000D3000000D30000002C
:105C3000A1000000C4000000F2000000CD00000040
:105C4000A3000000BD00000006010000B800000035
:105C5000A2000000CB000000E9000000CA00000024
:105C6000B1000000C7000000BF000000DC00000021
:105C7000D2000000D5000000A7000000BC0000001A
:105C8000F2000000CB000000A6000000B2000000FF
:105C9000FC000000CE000000A1000000BE000000DB
:105CA000E3000000D0000000B3000000CB000000C3
:105CB000B5000000D1000000E1000000D5000000A8
:105CC000A5000000B5000000F1000000CD000000BC
:105CD000AB000000B0000000ED000000D4000000A8
:105CE000A9000000BA000000DE000000D90000009A
:105CF000B2000000C7000000B9000000C9000000A9
:105D0000E2000000D5000000A4000000B000000088
:105D1000F5000000D2000000AD000000AE00000061
:105D2000DD000000D9000000AF000000BE00000050
:105D3000D5000000DA000000B7000000C600000037
:105D4000BE000000BF000000E1000000DB0000001A
:105D5000A7000000A5000000F4000000E100000022
:105D6000A7000000AC000000D7000000DE0000002B
:105D7000B3000000BB000000D7000000D800000006
:105D8000BA000000BF000000C6000000CA0000000A
:105D9000FE000000CD0000009F0000009B000000FE
:105DA000E0000000DB000000B200000095000000F1
:105DB000DF00000001010000B5000000C500000088
:105DC000CC000000B100000092000000DE000000E6
:105DD000D3000000CE000000EE000000C50000006F
:105DE0005800000051000000A7000000E90000007A
:105DF000F3000000FA00000012010000BE000000E5
:105E00005900000039000000A8000000BD0000009B
:105E1000DA000000ED000000FA000000B20000000F
:105E2000A8000000A0000000740000009B0000001B
:105E3000F000000007010000CE000000CE000000CE
:105E4000BC000000CA000000B8000000A60000006E
:105E5000D0000000D8000000E6000000D0000000E4
:105E6000E5000000B1000000D0000000ED000000DF
:105E7000BA000000B7000000DA00000008010000CE
:105E8000C4000000C1000000D2000000E6000000D5
:105E9000E9000000C2000000DE000000DA0000009F
:105EA000DD000000CE000000D9000000CD000000A1
:105EB000D000000001010000CD000000CC00000077
:105EC000E2000000E4000000C1000000BD0000008E
:105ED000DE000000D9000000F3000000C90000004F
:105EE000DB000000D8000000C0000000C50000007A
:105EF000CB000000DA000000D7000000FA0000002C
:105F0000BA000000C5000000D3000000BE00000081
:105F1000C9000000CE000000D4000000D200000044
:105F2000E5000000B5000000CA000000CF0000003E
:105F3000B9000000D4000000D2000000CD00000035
:105F4000D0000000DB000000A5000000CD00000034
:105F5000D7000000BC000000D5000000D400000005
:105F6000C2000000C5000000DB000000A700000028
:105F7000CB000000D1000000BB000000D5000000F5
:105F8000D0000000BD000000C7000000D9000000E4
:105F9000A0000000C8000000D1000000B800000010
:105FA000D2000000D2000000BE000000C2000000CD
:105FB000D7000000A4000000BD000000C4000000E5
:105FC000BA000000D7000000CE000000BE000000B4
:105FD000C7000000C8000000C7000000C7000000A4
:105FE000C8000000C8000000C8000000C800000091
:105FF000C8000000C8000000C8000000C800000081
:10600000C8000000C7000000C8000000C800000071
:10601000C8000000C7000000C7000000C700000063
:10602000C8000000C8000000C7000000C800000051
:10603000C8000000C8000000C7000000C900000040
:10604000AC000000E4000000DB000000D80000000D
:10605000BA0000002A0100008400000026010000B0
:106060008F010000A90000000100000010000000E6
:10607000850100007E010000B90000000000000062
:1060800000000000760100008F0100004B010000BD
:106090006500000039000000CC000000190100007C
:1060A0008500000019000000390000008C0000008D
:1060B000AD00000094000000BA000000B60000002F
:1060C000C1000000280100006301000084010000FD
:1060D0008F0100008E0100003D010000FB00000068
:1060E000DC000000DA000000DA00000057000000C9
:1060F0000000000000000000000000001E00000082
:1061000071000000CF000000FE000000FA00000057
:10611000EC000000FE000000230100005001000020
:1061200041010000370100003D0100005C0100005A
:1061300031010000C90000006200000037000000CB
:106140003F0000006A0000009C000000B00000005A
:10615000D0000000E9000000E8000000C8000000D6
:10616000AD000000BD000000D0000000D400000021
:10617000CA000000CD000000DE000000EC000000BE
:10618000E3000000D8000000D2000000D4000000AE
:10619000DB000000D5000000BC0000009C000000F7
:1061A00074000000680000007E000000A0000000F5
:1061B000B5000000C2000000D3000000F0000000A5
:1061C000080100001101000000010000EC000000C7
:1061D000E7000000F5000000FB000000F1000000F7
:1061E000CE000000B20000009F00000092000000FE
:1061F000860000007E000000870000009B00000079
:10620000AF000000BA000000C3000000D80000008A
:10621000F20000000501000006010000F700000088
:10622000E3000000D4000000C8000000BE00000031
:10623000B5000000B3000000B8000000BC00000082
:10624000C3000000CC000000D3000000D00000001C
:10625000C4000000B8000000B6000000B800000054
:10626000B8000000B6000000B8000000BE0000004A
:10627000C3000000C7000000CE000000DA000000EC
:10628000EC000000F7000000F4000000EC0000004B
:10629000E5000000DB000000C0000000A7000000D7
:1062A0009D000000900000008E0000009A00000099
:1062B000A5000000B4000000C8000000D4000000E9
:1062C000E3000000EC000000EF000000EF00000021
:1062D000E9000000E8000000E4000000D900000030
:1062E000C4000000B3000000A8000000A2000000ED
:1062F000A5000000A8000000B2000000C1000000DE
:10630000CF000000D8000000DB000000D900000032
:10631000D6000000D2000000CB000000C100000049
:10632000BD000000BA000000B8000000B800000086
:10633000BC000000C7000000D4000000DD00000029
:10634000E0000000DE000000DA000000D4000000E1
:10635000CC000000C1000000B9000000B300000044
:10636000B0000000B0000000B1000000B600000066
:10637000BD000000C6000000CF000000D6000000F5
:10638000DB000000DD000000DE000000DB0000009C
:10639000D6000000D0000000C9000000C4000000CA
:1063A000C0000000BC000000B8000000B500000004
:1063B000B6000000BA000000C1000000C7000000E5
:1063C000CD000000D2000000D4000000D400000086
:1063D000D1000000CD000000C9000000C400000092
:1063E000C0000000BD000000BE000000C0000000B2
:1063F000C5000000C9000000CD000000CF00000073
:10640000D0000000D0000000CE000000CC00000052
:10641000C9000000C6000000C2000000C00000006B
:10642000BE000000BF000000C1000000C30000006B
:10643000C6000000CA000000CD000000CF00000030
:10644000CE000000CC000000CB000000CA0000001D
:10645000CA000000C9000000C8000000C60000001B
:10646000C5000000C4000000C2000000C20000001F
:10647000C3000000C4000000C5000000C60000000A
:10648000C7000000C8000000CA000000CC000000E7
:10649000CD000000CF000000CF000000CE000000C3
:1064A000CC000000C9000000C6000000C3000000CE
:1064B000C1000000C1000000C1000000C1000000D8
:1064C000C3000000C5000000C6000000C8000000B6
:1064D000C9000000CB000000CB000000CB00000092
:1064E000CB000000CA000000C8000000C800000087
:1064F000C7000000C7000000C6000000C600000082
:10650000C7000000C8000000C9000000CA00000069
:10651000C9000000C7000000BB000000CC00000064
:10652000E7000000BE000000DC000000EB000000FF
:10653000C5000000AC0000009B00000057010000F7
:106540000601000000000000000000002F01000014
:106550009001000054010000000000000000000055
:1065600005010000900100008E010000AF00000056
:10657000270000006000000024010000CA000000A5
:106580001B0000002200000084000000B200000098
:106590008A000000A600000099000000C000000072
:1065A000030100004C0100007C0100008E0100008E
:1065B00090010000670100000D010000E1000000F3
:1065C000D7000000EA0000008A0000000000000080
:1065D0000000000000000000000000005E0000005D
:1065E000B6000000F800000002010000E800000012
:1065F000F900000016010000410100004F010000F9
:106600003D0100004001000056010000450100006E
:10661000F300000079000000350000003E0000009B
:106620005B0000008A000000AA000000C600000015
:10663000E2000000E6000000D2000000AF00000011
:10664000B5000000CC000000DA000000CE00000021
:10665000CB000000DC000000EA000000E9000000C0
:10666000DB000000D2000000D2000000D9000000D2
:10667000D6000000C5000000A70000007E0000005A
:10668000670000007500000097000000B2000000E5
:10669000BF000000CE000000E70000000201000083
:1066A0001101000008010000F2000000E5000000F8
:1066B000F0000000FA000000F6000000DA00000020
:1066C000B9000000A4000000970000008A0000004C
:1066D0007F0000008200000094000000AA0000007B
:1066E000B7000000BF000000CE000000EA0000007C
:1066F0000001000008010000FC000000E9000000AB
:10670000D7000000CB000000C0000000B700000070
:10671000B3000000B6000000BB000000C000000095
:10672000C9000000D1000000D0000000C800000037
:10673000BB000000B6000000B6000000B80000007A
:10674000B7000000B6000000BC000000C10000005F
:10675000C6000000CC000000D7000000E5000000EB
:10676000EC000000F1000000EC000000EB00000075
:10677000DF000000CC000000B2000000A20000001A
:10678000960000008B00000092000000A3000000B3
:10679000AF000000C1000000D2000000DB000000DC
:1067A000EA000000EC000000ED000000EC0000003A
:1067B000E7000000E4000000DE000000CD00000063
:1067C000B9000000AB000000A3000000A40000001E
:1067D000A7000000AF000000BE000000CB000000DA
:1067E000D4000000DB000000DA000000D700000049
:1067F000D4000000CC000000C5000000BE00000076
:10680000BA000000B8000000B7000000BA000000A5
:10681000C3000000D0000000DA000000DF0000002C
:10682000E0000000DA000000D5000000CE0000000B
:10683000C4000000BC000000B5000000B200000071
:10684000AF000000B0000000B5000000BC00000078
:10685000C3000000CB000000D4000000D9000000FD
:10686000DD000000DF000000DC000000D8000000B8
:10687000D2000000CB000000C7000000C1000000F3
:10688000BD000000B9000000B5000000B500000028
:10689000B9000000BF000000C6000000CC000000EE
:1068A000D0000000D4000000D4000000D10000009F
:1068B000CE000000CA000000C6000000C1000000B9
:1068C000BE000000BE000000C0000000C4000000C8
:1068D000C8000000CC000000CF000000D000000085
:1068E000D0000000CE000000CC000000CA00000074
:1068F000C7000000C3000000C0000000BE00000090
:10690000BF000000BF000000C3000000C500000081
:10691000C8000000CC000000CF000000CF00000045
:10692000CD000000CC000000CA000000CA0000003A
:10693000C9000000C9000000C7000000C500000039
:10694000C4000000C3000000C1000000C20000003D
:10695000C3000000C5000000C6000000C700000022
:10696000C8000000CA000000CB000000CD000000FD
:10697000CF000000CF000000CE000000CD000000DE
:10698000CB000000C7000000C4000000C2000000EF
:10699000C1000000C1000000C1000000C2000000F2
:1069A000C4000000C6000000C8000000C9000000CC
:1069B000CA000000CB000000CB000000CB000000AC
:1069C000CA000000C9000000C8000000C8000000A4
:1069D000C7000000C6000000C6000000C70000009D
:1069E000C7000000C9000000C9000000CB00000083
:1069F000CA000000CD000000C70000002000000019
:106A0000640100008F01000075000000000000001C
:106A10002E000000900100008F01000076000000B1
:106A200000000000000000007A0000008F0100005C
:106A30008F010000D8000000010000005B00000092
:106A4000090100004F01000079010000C6000000AC
:106A50005800000092000000DE0000003401000039
:106A6000C8000000B6000000DE0000007100000059
:106A7000E400000006010000C4000000A0000000C7
:106A80007F000000EF000000B6000000E200000000
:106A9000A9000000A6000000AC00000029010000D1
:106AA000B90000007A000000A9000000BF0000004B
:106AB000CE000000E9000000F2000000D10000005C
:106AC00097000000A3000000E5000000E4000000C3
:106AD000D8000000E8000000C70000009B00000094
:106AE000D600000029010000D9000000800000004D
:106AF000BF000000B000000028010000D800000026
:106B000096000000AA000000D9000000F10000007B
:106B1000DB000000A6000000B0000000BB00000089
:106B2000CF000000FB000000CE0000008700000046
:106B3000A3000000C8000000ED000000DA00000023
:106B4000B9000000B2000000B4000000DB0000004B
:106B5000FB000000BE00000099000000BC00000027
:106B6000CF000000F1000000CD000000B5000000E3
:106B7000B0000000D9000000E8000000D7000000CD
:106B8000BA000000AD000000C9000000DC000000F9
:106B9000D9000000C3000000B5000000C0000000E4
:106BA000D4000000D8000000D4000000C1000000A4
:106BB000BC000000C0000000D1000000D4000000B4
:106BC000CE000000B9000000BD000000C9000000B8
:106BD000CF000000CA000000C3000000C100000098
:106BE000C4000000CC000000CC000000C700000082
:106BF000BF000000C5000000C7000000CC0000007E
:106C0000CC000000C8000000C2000000C00000006E
:106C1000C7000000CE000000CA000000C70000004E
:106C2000C4000000C6000000CC000000CC00000042
:106C3000C8000000C4000000C6000000CF00000033
:106C4000D0000000CC000000C7000000C40000001D
:106C5000C6000000C8000000C7000000C50000001A
:106C6000C2000000C1000000C4000000C700000016
:106C7000C6000000C4000000C3000000C9000000FE
:106C8000CC000000CA000000CA000000C9000000DB
:106C9000CA000000CC000000CB000000CC000000C7
:106CA000CB000000C8000000C6000000C7000000C4
:106CB000C8000000C5000000C6000000C2000000BF
:106CC000C3000000CA000000C9000000C3000000AB
:106CD000C5000000C9000000C7000000C800000097
:106CE000C7000000C4000000C6000000C80000008B
:106CF000C8000000C9000000C8000000CA00000071
:106D0000C7000000C7000000CA000000C900000062
:106D1000C9000000C9000000C8000000CA0000004F
:106D2000C9000000C8000000C5000000C500000048
:106D3000C7000000C8000000C6000000C700000037
:106D4000C7000000C7000000C7000000CA00000024
:106D5000C9000000C7000000C5000000C900000015
:106D6000C7000000C5000000C5000000C60000000C
:106D7000C6000000CA000000C9000000C8000000F2
:106D8000C7000000C8000000C9000000C9000000E2
:106D9000C9000000C6000000C7000000C8000000D5
:106DA000C8000000C8000000C6000000C8000000C5
:106DB000C9000000C7000000C8000000C7000000B4
:106DC000C7000000C7000000C8000000C7000000A6
:106DD000C6000000C6000000C8000000C50000009A
:106DE000C8000000C9000000C7000000C600000085
:106DF000C8000000C9000000C9000000C700000072
:106E0000C8000000C8000000C7000000C700000064
:106E1000C8000000C7000000C7000000C700000055
:106E2000C7000000C7000000C9000000C700000044
:106E3000C7000000C7000000C7000000C700000036
:106E4000C8000000C8000000C8000000C800000022
:106E5000C7000000C8000000C8000000C700000014
:106E6000C7000000C8000000C7000000C700000005
:106E7000C7000000C8000000C7000000C7000000F5
:106E8000C8000000C9000000C7000000C7000000E3
:106E9000C8000000C7000000C7000000C8000000D4
:106EA000C7000000C7000000C6000000C9000000C5
:106EB000C8000000C7000000C9000000C9000000B1
:106EC000C6000000C9000000C8000000B3000000B8
:106ED000CA000000F000000085000000F100000082
:106EE0008F010000400000000000000028000000AA
:106EF0008F010000870100000F000000000000006B
:106F00006F0000008F0100008D0100002A010000C9
:106F10002700000028000000D4000000E20000006C
:106F20001B0000001500000077000000C0000000FA
:106F3000A000000088000000A7000000B1000000D1
:106F4000F9000000390100005E010000710100003D
:106F50008D0100008701000036010000D000000014
:106F6000C6000000D20000009800000000000000F1
:106F700000000000000000000000000055000000BC
:106F8000A30000000D010000000100000901000045
:106F9000F300000052010000420100004A0100001D
:106FA000250100005D010000780100006F01000074
:106FB00014010000750000002F0000001D000000FB
:106FC00057000000770000008E000000B8000000AD
:106FD000D800000023010000EF000000E9000000DD
:106FE000BD000000DD000000BE000000DD0000006C
:106FF000CD000000DC000000DE000000D700000033
:10700000DB000000C5000000C5000000C600000055
:10701000D1000000CB0000009D00000084000000B3
:1070200062000000730000008E000000C20000003B
:10703000C6000000EC000000000100001901000083
:10704000300100000C010000FE000000D000000034
:10705000E0000000EB000000E8000000C2000000BB
:10706000A2000000B20000008B00000075000000CC
:10707000730000008D0000008E000000B3000000CF
:10708000CD000000C2000000D2000000FB000000A4
:10709000FC000000180100000C01000008010000C5
:1070A000D8000000D6000000C3000000B5000000BA
:1070B000A60000009B000000BB000000B60000001E
:1070C000C7000000C3000000D8000000B1000000AD
:1070D000B700000095000000A9000000A600000015
:1070E000B9000000C7000000DA000000E80000005E
:1070F000E7000000FD000000F0000000EF000000CD
:10710000ED000000DA000000D1000000C80000001F
:10711000C3000000A9000000950000008D000000E1
:107120009A000000A2000000B1000000B7000000BB
:10713000DD000000E4000000F5000000EF000000AA
:10714000ED000000E0000000E5000000CA000000C3
:10715000B9000000C2000000BF000000B90000003C
:10716000BE000000CB000000BE000000D200000006
:10717000CE000000CE000000DB000000E0000000B8
:10718000DB000000C1000000C5000000B6000000E8
:10719000AB000000A1000000A5000000A30000005B
:1071A000B6000000C5000000D4000000E0000000B0
:1071B000E3000000F6000000EA000000F400000018
:1071C000DD000000E0000000C3000000B30000008C
:1071D0009D000000A20000009B000000A90000002C
:1071E000B3000000C4000000C4000000D300000091
:1071F000E4000000E0000000EA000000D20000000F
:10720000E0000000C5000000C9000000BE00000052
:10721000BC000000B6000000BD000000BA00000085
:10722000BE000000C8000000C4000000C80000004C
:10723000CE000000D9000000D0000000DD000000FA
:10724000CC000000CE000000C6000000CE00000010
:10725000BF000000BC000000B5000000B700000047
:10726000C0000000C0000000CB000000D300000000
:10727000D2000000CC000000D5000000D3000000C8
:10728000D2000000CB000000C5000000BE000000DE
:10729000BD000000B4000000BE000000BD00000002
:1072A000C5000000C6000000C9000000CE000000BC
:1072B000CD000000D1000000CC000000CB00000099
:1072C000C9000000C6000000C3000000BF000000AD
:1072D000C1000000C0000000C6000000CB0000009C
:1072E000CA000000C3000000C6000000CC0000007F
:1072F000C7000000CD000000C9000000CF00000062
:10730000C9000000C5000000CC000000CF00000054
:10731000C9000000C6000000C7000000C000000057
:10732000C1000000C5000000C0000000C300000054
:10733000C4000000C8000000C7000000C600000034
:10734000CD000000CD000000CC000000D000000007
:10735000D0000000D1000000C9000000C6000000FD
:10736000C4000000C3000000C3000000C300000010
:10737000C3000000BF000000C8000000C8000000FB
:10738000C5000000C4000000CA000000C8000000E2
:10739000C9000000CD000000C9000000C4000000CA
:1073A000C6000000C7000000CD000000C8000000BB
:1073B000C4000000C6000000BB00000099000000EF
:1073C000D9000000BE000000D3000000E200000071
:1073D000B0000000E1000000B7000000EB0000007A
:1073E000C100000008010000D0000000C000000043
:1073F000DD000000B8000000B90000008A000000B5
:10740000B9000000D5000000AE000000E50000005B
:10741000A9000000CE000000C3000000950000009D
:10742000B1000000E7000000FA000000C300000007
:10743000C5000000CD000000B6000000C100000043
:10744000CA000000C1000000BB000000BB0000003B
:10745000D6000000B3000000BF000000CA0000001A
:10746000F4000000D0000000B4000000B7000000ED
:10747000CF000000DD000000CC000000C8000000CC
:10748000BA000000D1000000CA000000BE000000E9
:10749000C3000000CE000000C7000000C9000000CB
:1074A000C3000000BF000000BC000000C2000000DC
:1074B000D4000000BF000000BF000000D0000000AA
:1074C000D2000000BE000000BF000000C8000000A5
:1074D000CC000000C3000000C4000000BB0000009E
:1074E000D1000000C9000000CF000000CA00000069
:1074F000CC000000CF000000CB000000C400000062
:10750000C5000000C6000000C8000000C90000005F
:10751000C4000000BE000000C7000000C80000005A
:10752000CA000000C3000000C7000000CA0000003D
:10753000C8000000C3000000C6000000CB0000002F
:10754000CC000000C6000000C4000000C60000001F
:10755000C9000000C7000000C7000000C80000000C
:10756000C6000000C9000000C8000000C8000000FC
:10757000C7000000C7000000CA000000C7000000EC
:10758000C5000000C6000000C6000000C7000000E3
:10759000C6000000C5000000C6000000C8000000D2
:1075A000C8000000CA000000C9000000CA000000B6
:1075B000CB000000CA000000C9000000C7000000A6
:1075C000C7000000C7000000C6000000C7000000A0
:1075D000C6000000C6000000C8000000C80000008F
:1075E000C8000000C9000000C7000000C80000007B
:1075F000C7000000C7000000C8000000C60000006F
:10760000C6000000C8000000C5000000C400000063
:10761000D0000000D1000000C9000000C60000003A
:10762000D1000000CA000000C2000000C800000035
:10763000C8000000C3000000CA000000C70000002E
:10764000CE000000C5000000CA000000C900000014
:10765000CA000000CA000000C8000000C700000007
:10766000CA000000C6000000C7000000C5000000FE
:10767000CB000000CC000000C8000000C3000000E8
:10768000C4000000CB000000CB000000C9000000D7
:10769000C5000000C6000000C8000000C8000000CF
:1076A000C5000000C7000000C6000000C7000000C1
:1076B000C8000000C6000000C6000000C7000000AF
:1076C000C9000000C9000000C9000000CA00000095
:1076D000C9000000C9000000C7000000C70000008A
:1076E000C8000000C7000000C7000000C70000007D
:1076F000C7000000C8000000C8000000C80000006B
:10770000C6000000C7000000C8000000C50000005F
:10771000C5000000C7000000C7000000C70000004F
:10772000C7000000C7000000C7000000C80000003C
:10773000CA000000C9000000C8000000C800000026
:10774000C9000000C8000000C7000000C70000001A
:10775000C7000000C8000000C7000000C70000000C
:10776000C7000000C7000000C7000000C7000000FD
:10777000C7000000C7000000C7000000C8000000EC
:10778000C8000000C8000000C8000000C8000000D9
:10779000C9000000C8000000C8000000C8000000C8
:1077A000C8000000C8000000C8000000C8000000B9
:1077B000C7000000C8000000C8000000C8000000AA
:1077C000C8000000C7000000C7000000C70000009C
:1077D000C7000000C7000000C7000000C70000008D
:1077E000C7000000C7000000C8000000C70000007C
:1077F000C7000000C8000000C8000000C80000006A
:10780000C8000000C8000000C8000000C800000058
:10781000C8000000C8000000C8000000C800000048
:10782000C8000000C7000000C7000000C70000003B
:10783000C8000000C7000000C7000000C70000002B
:10784000C7000000C7000000C7000000C70000001C
:10785000C7000000C7000000C8000000C80000000A
:10786000C8000000C8000000C8000000C8000000F8
:10787000C8000000C8000000C8000000C7000000E9
:10788000C7000000C7000000C7000000C7000000DC
:10789000C8000000C7000000CB000000C5000000C9
:1078A000D3000000AB000000C3000000E9000000AE
:1078B000D1000000ED0000009C000000CF0000009F
:1078C000CF000000A2000000B1000000BD000000D9
:1078D000DE000000F6000000CF000000D400000031
:1078E000E6000000C0000000B6000000B300000089
:1078F000D4000000C2000000CC000000CD00000059
:107900009E00000095000000C5000000B0000000CF
:10791000CC000000DD000000CD000000CD00000024
:10792000DB000000CB000000C0000000E60000000B
:10793000C3000000A2000000C1000000BB00000066
:10794000DD000000CD000000B9000000AC00000028
:10795000DB000000E8000000C3000000C6000000DB
:10796000DB000000D6000000D8000000BC000000D2
:10797000BA000000C9000000CE000000C6000000F0
:10798000B7000000C8000000C1000000CA000000ED
:10799000C0000000CC000000BC000000CB000000D4
:1079A000D1000000C2000000CC000000CA000000AE
:1079B000CF000000C6000000C3000000C8000000A7
:1079C000D0000000CD000000C1000000BF0000009A
:1079D000CF000000D2000000C2000000C80000007C
:1079E000CA000000C9000000CE000000CC0000006A
:1079F000C5000000CB000000CD000000D200000058
:107A0000C8000000C7000000CB000000CC00000050
:107A1000C5000000C2000000CF000000C700000049
:107A2000CF000000BF000000C0000000C90000003F
:107A3000C5000000C8000000CC000000CE0000001F
:107A4000CC000000C3000000C7000000C900000017
:107A5000C6000000C6000000C8000000C900000009
:107A6000C8000000C6000000C9000000C7000000F8
:107A7000C5000000C5000000C7000000C9000000EC
:107A8000C9000000C6000000C9000000C8000000D6
:107A9000C6000000C6000000C7000000C8000000CB
:107AA000C8000000C8000000C8000000C7000000B7
:107AB000C8000000C8000000C8000000C8000000A6
:107AC000C8000000C7000000C7000000C700000099
:107AD000C8000000C7000000C7000000C700000089
:107AE000C8000000C6000000C7000000C800000079
:107AF000C8000000C7000000C7000000C700000069
:107B0000C6000000C6000000C9000000CF00000051
:107B1000C5000000C9000000C3000000C90000004B
:107B2000CD000000C6000000C8000000BD0000003D
:107B3000CF000000C7000000BF000000C700000029
:107B4000C9000000CC000000CC000000C50000000F
:107B5000C6000000C8000000CC000000CA00000001
:107B6000C8000000C6000000C5000000C9000000F9
:107B7000C9000000C8000000C7000000CA000000E3
:107B8000C7000000C6000000C6000000C8000000DA
:107B9000CA000000C6000000C9000000C7000000C5
:107BA000C8000000C7000000C9000000C5000000B8
:107BB000CA000000C9000000C9000000C4000000A5
:107BC000C8000000C7000000C7000000C800000097
:107BD000C5000000CA000000CA000000C800000084
:107BE000C4000000C7000000C7000000C70000007C
:107BF000C7000000C5000000C8000000C50000006C
:107C0000C9000000CA000000C8000000C700000052
:107C1000C9000000C8000000C8000000C900000042
:107C2000C9000000C8000000C7000000C500000037
:107C3000C7000000C8000000C6000000C700000028
:107C4000C7000000C8000000C4000000C60000001B
:107C5000C7000000C8000000CA000000CB00000000
:107C6000C7000000C6000000C5000000C8000000FA
:107C7000C6000000C6000000C6000000C7000000EB
:107C8000C7000000C6000000C8000000C8000000D7
:107C9000C9000000C9000000CA000000C7000000C1
:107CA000C9000000C7000000C7000000C8000000B5
:107CB000C8000000C7000000C7000000C8000000A6
:107CC000C8000000C7000000C8000000C700000096
:107CD000C7000000C7000000C8000000C800000086
:107CE000C8000000C8000000C7000000C700000076
:107CF000C7000000C8000000C8000000C700000066
:107D0000C8000000C7000000C7000000C700000056
:107D1000C7000000C7000000C8000000C700000046
:107D2000C8000000C8000000C8000000C700000034
:107D3000C7000000C7000000C7000000C800000026
:107D4000C8000000C7000000C7000000C700000016
:107D5000E1000000CB000000D0000000C6000000E1
:107D6000CC000000C9000000CC000000BD000000F5
:107D700059000000AD0000008F010000320000003B
:107D8000000000001F000000900100008F010000B3
:107D90009400000002000000010000008B000000C1
:107DA000900100008F01000090000000050000001D
:107DB0003C0000000D010000560100006F010000B2
:107DC00041000000890000009400000078010000DC
:107DD00081010000800000001E00000090000000F3
:107DE00090000000FC000000170100000B010000E3
:107DF000730000004F000000F2000000D1000000FE
:107E0000B6000000AF0000009D00000094000000DC
:107E100014010000A2000000B1000000B00000004A
:107E2000BD000000F1000000F2000000EF000000C3
:107E3000D90000009D000000DE000000F8000000F6
:107E4000DC000000A5000000C2000000A600000049
:107E5000CE00000019010000E4000000BC0000009A
:107E600082000000A6000000D9000000D70000003A
:107E7000E2000000AB00000076000000C600000039
:107E800000010000EB000000B00000008E000000C8
:107E9000AA000000D1000000EC000000C8000000B3
:107EA0009F000000A2000000CA000000E7000000E0
:107EB000D8000000C4000000AD000000AD000000CC
:107EC000D8000000F0000000D7000000A40000006F
:107ED000A9000000CE000000E8000000DE00000065
:107EE000B9000000AB000000BB000000E300000090
:107EF000DA000000CA000000B1000000C800000065
:107F0000DD000000DC000000CB000000B700000036
:107F1000B3000000CA000000DA000000D300000037
:107F2000C5000000B8000000C0000000CA0000004A
:107F3000D2000000D2000000C2000000BB00000020
:107F4000C5000000CF000000CD000000C10000000F
:107F5000BC000000C5000000CC000000D000000004
:107F6000C6000000BC000000C0000000CA00000005
:107F7000D0000000CD000000C4000000C0000000E0
:107F8000C1000000CB000000CF000000CA000000CC
:107F9000C5000000C4000000C9000000CB000000C4
:107FA000CC000000C5000000C2000000C5000000B9
:107FB000CC000000CE000000CB000000C500000097
:107FC000C4000000C5000000C9000000CB00000094
:107FD000C9000000C5000000C4000000C600000089
:107FE000CA000000C9000000C7000000C600000071
:107FF000C6000000C8000000C8000000C800000063
:10800000C7000000C3000000C7000000CA00000055
:10801000CB000000C9000000C3000000C400000045
:10802000CA000000C6000000CC000000C70000002D
:10803000C9000000C8000000C4000000C700000024
:10804000C0000000C2000000C7000000CC0000001B
:10805000C9000000C9000000C5000000C500000004
:10806000CA000000CA000000CB000000C9000000E8
:10807000C6000000C4000000C5000000CB000000E6
:10808000C8000000C9000000C9000000C6000000D0
:10809000C8000000C7000000C7000000C5000000C5
:1080A000C5000000C9000000CA000000C7000000B1
:1080B000C7000000C5000000C6000000C8000000A6
:1080C000C8000000C6000000C4000000C700000097
:1080D000CA000000C9000000C8000000C70000007E
:1080E000C6000000C9000000CA000000CA0000006D
:1080F000C8000000C5000000C7000000C600000066
:10810000C8000000C9000000C6000000C600000052
:10811000C7000000C7000000C7000000C700000043
:10812000C8000000C7000000C8000000C800000030
:10813000C6000000C7000000C5000000CA00000023
:10814000C7000000C8000000C8000000C700000011
:10815000C6000000C7000000C8000000C700000003
:10816000C7000000C8000000C9000000CA000000ED
:10817000C9000000C9000000C8000000C9000000DC
:10818000C9000000C8000000C6000000C6000000D2
:10819000C6000000C5000000C6000000C7000000C7
:1081A000C6000000C6000000C7000000C9000000B3
:1081B000CA000000C9000000C9000000CA00000099
:1081C000C9000000C7000000C8000000C600000091
:1081D000C6000000C5000000C5000000C50000008A
:1081E000C5000000C6000000C5000000C600000079
:1081F000C7000000C8000000C9000000C700000060
:10820000C9000000CB000000CB000000CA00000045
:10821000C9000000CA000000C9000000C80000003A
:10822000C8000000C7000000C7000000C700000031
:10823000C6000000C6000000C9000000C400000025
:10824000C9000000DB000000D9000000AB00000006
:10825000B20000009900000097000000B800000084
:10826000AF000000C0000000E2000000B00000000D
:10827000BF000000ED000000AC000000A100000005
:10828000DA000000C6000000D3000000E00000009B
:10829000D3000000AB0000000F01000079000000D7
:1082A000B3000000F5000000CA0000007F000000DD
:1082B000C6000000C4000000AE000000C3000000C3
:1082C000CF000000B0000000B8000000D80000009F
:1082D000B3000000A6000000BF000000CE000000B8
:1082E000D3000000D6000000C5000000C30000005D
:1082F000DC000000C5000000CD000000D700000039
:10830000D1000000C7000000C0000000B200000063
:10831000E1000000D7000000BA000000C700000024
:10832000C5000000C8000000B9000000C600000041
:10833000C9000000C3000000C1000000C50000002B
:10834000CA000000C2000000CE000000C100000012
:10835000C7000000C4000000C6000000CD000000FF
:10836000CB000000CA000000C4000000C8000000EC
:10837000CB000000C9000000C6000000C5000000DE
:10838000CC000000CB000000C2000000C7000000CD
:10839000C9000000CB000000CB000000C6000000B8
:1083A000CE000000C8000000C8000000CA000000A5
:1083B000C5000000C1000000CC000000C5000000A6
:1083C000C7000000C5000000C4000000C900000094
:1083D000C9000000C9000000C6000000C90000007C
:1083E000CA000000C6000000C7000000C70000006F
:1083F000C7000000C8000000C7000000C500000062
:10840000C7000000C8000000C8000000C70000004E
:10841000C5000000C7000000C7000000C700000042
:10842000C7000000C7000000C7000000C80000002F
:10843000C7000000C7000000C8000000C80000001E
:10844000C8000000C6000000C8000000C80000000E
:10845000C8000000C8000000C7000000C8000000FD
:10846000C7000000C8000000C8000000C8000000ED
:10847000C6000000C8000000C8000000C7000000DF
:10848000C7000000C8000000C7000000C7000000CF
:10849000C8000000C7000000C8000000C8000000BD
:1084A000C7000000C1000000C4000000D1000000AF
:1084B000D1000000D4000000E5000000FE00000034
:1084C0008900000061000000660000004E0100000D
:1084D0007801000087000000000000003700000065
:1084E0003B0100008F0100008F010000A000000090
:1084F0000E0000005F0000000A010000FB00000009
:10850000A300000053000000180000004600000017
:1085100082000000D4000000D1000000970000009D
:108520008D000000EB0000007401000090010000CD
:1085300090010000680100001D0100000101000021
:10854000150100001B010000DE00000054000000C7
:108550000000000000000000000000001E000000FD
:108560004C0000005C00000077000000A20000004A
:10857000D900000013010000460100007C0100004A
:108580008F0100008101000067010000440100002C
:1085900019010000D1000000880000006000000008
:1085A00059000000710000008F000000B5000000BD
:1085B000C5000000BC000000940000007F00000027
:1085C00093000000BB000000D2000000C6000000C5
:1085D000BD000000D3000000FA0000000C01000004
:1085E00005010000F8000000F8000000F90000009C
:1085F000F9000000ED000000D7000000B30000000B
:1086000091000000800000007B0000007900000065
:10861000710000006A000000750000009500000075
:10862000BD000000D9000000ED00000006010000C0
:10863000280100004501000043010000290100005D
:1086400008010000EB000000CA000000A4000000C8
:10865000850000007300000070000000770000003B
:1086600087000000A1000000C1000000DD00000044
:10867000ED000000F1000000EF000000E600000047
:10868000D7000000C7000000BE000000BF000000CF
:10869000C1000000C3000000C5000000C9000000C8
:1086A000CF000000D0000000D1000000D00000008A
:1086B000CA000000BF000000B5000000AF000000CD
:1086C000AE000000B0000000B6000000C0000000D6
:1086D000CB000000D7000000E2000000EC0000002A
:1086E000F0000000E9000000DB000000CD00000009
:1086F000C5000000BE000000B6000000AD00000094
:10870000A6000000A1000000A6000000B3000000C9
:10871000C1000000CF000000D7000000BF00000033
:10872000D9000000F0000000BF000000D3000000EE
:10873000D1000000F3000000F1000000EE00000096
:10874000A6000000A70000007B010000E40000007C
:108750000000000000000000330100008B01000059
:1087600054010000000000000000000004010000AF
:10877000900100008D010000A7000000270000000C
:108780006A0000001D010000C50000000D0000008F
:108790002700000085000000A90000008300000001
:1087A000A30000009B000000B900000002010000CF
:1087B00051010000770100008E0100008F010000D0
:1087C0006301000009010000DB000000DB00000085
:1087D000E00000008A00000000000000000000002F
:1087E000000000000000000060000000B300000076
:1087F000FC000000FF000000E8000000F90000009D
:1088000016010000420100004B0100003A01000087
:108810003F0100005701000045010000F400000086
:1088200076000000360000003C0000005C00000004
:108830008B000000A9000000C6000000E10000005D
:10884000E6000000D3000000AD000000B30000000F
:10885000CB000000DA000000CE000000CA000000DB
:10886000DD000000EA000000E8000000DB0000007E
:10887000D3000000D3000000D9000000D6000000A3
:10888000C4000000A70000007D0000006700000099
:108890007500000097000000B2000000C00000005A
:1088A000CF000000E70000000201000011010000FD
:1088B00007010000F2000000E5000000F0000000E9
:1088C000FA000000F6000000D9000000B900000026
:1088D000A4000000960000008A0000007F00000055
:1088E0008300000095000000AB000000B70000000E
:1088F000BF000000CF000000EB00000000010000FE
:1089000008010000FC000000E8000000D7000000A3
:10891000CB000000C0000000B7000000B300000062
:10892000B6000000BB000000C0000000C90000004D
:10893000D1000000D0000000C8000000BB00000013
:10894000B6000000B6000000B8000000B60000004D
:10895000B6000000BC000000C1000000C60000001E
:10896000CC000000D7000000E5000000F10000008E
:10897000F2000000EB000000EA000000E10000004F
:10898000CA000000B0000000A00000009700000036
:108990008A00000093000000A5000000B300000062
:1089A000C2000000D3000000DA000000EA0000006E
:1089B000ED000000EE000000EC000000E60000000A
:1089C000E6000000DC000000CB000000B900000061
:1089D000AB000000A3000000A4000000A8000000FD
:1089E000AF000000BD000000CC000000D50000007A
:1089F000DC000000DB000000D7000000D300000016
:108A0000CC000000C5000000BE000000BA0000005D
:108A1000B7000000B8000000BA000000C30000006A
:108A2000D0000000D9000000DF000000E0000000DE
:108A3000DB000000D6000000CE000000C4000000F3
:108A4000BC000000B5000000B2000000B000000053
:108A5000AF000000B5000000BC000000C300000033
:108A6000CC000000D3000000D9000000DD000000B1
:108A7000DE000000DC000000D8000000D200000092
:108A8000CB000000C6000000C1000000BD000000D7
:108A9000B9000000B5000000B5000000B9000000FA
:108AA000C0000000C6000000CC000000D0000000A4
:108AB000D4000000D4000000D2000000CE0000006E
:108AC000CA000000C6000000C1000000BE00000097
:108AD000BE000000C0000000C5000000C80000008B
:108AE000CC000000CF000000D0000000D00000004B
:108AF000CE000000CC000000CA000000C70000004B
:108B0000C3000000C0000000BE000000BF00000065
:108B1000BF000000C3000000C5000000C800000046
:108B2000CC000000CF000000CF000000CD0000000E
:108B3000CC000000CA000000CA000000C90000000C
:108B4000C9000000C7000000C5000000C40000000C
:108B5000C3000000C1000000C2000000C30000000C
:108B6000C4000000C5000000C7000000C8000000ED
:108B7000CA000000CB000000CD000000CF000000C4
:108B8000CF000000CE000000CD000000CB000000B0
:108B9000C7000000C4000000C2000000C1000000C7
:108BA000C1000000C1000000C2000000C4000000BD
:108BB000C6000000C8000000C9000000CA00000094
:108BC000CB000000CB000000CB000000CA0000007A
:108BD000C9000000C8000000C8000000C700000075
:108BE000C6000000C6000000C7000000C70000006B
:108BF000C9000000C9000000CB000000CA0000004E
:108C0000CD000000CB000000D1000000C10000003A
:108C1000D0000000D40000008E000000B30000006F
:108C2000E9000000C10000008500000017010000FD
:108C3000A6000000EB000000B6000000ED00000000
:108C4000F8000000BE000000B2000000C4000000F8
:108C5000D2000000D3000000DE000000AC000000E5
:108C6000AB000000B3000000CF000000C600000011
:108C7000C2000000E1000000C3000000B7000000D7
:108C8000CC000000DD000000B3000000D5000000B3
:108C9000E2000000C2000000CB000000C1000000A4
:108CA000D6000000D6000000BF000000D000000089
:108CB000DC000000D4000000D2000000D30000005F
:108CC000BB000000BE000000CF000000B9000000A3
:108CD000C4000000C8000000D1000000C300000074
:108CE000C0000000C4000000C9000000C500000072
:108CF000C9000000C6000000BE000000CE00000059
:108D0000CB000000D2000000C3000000C80000003B
:108D1000C8000000C8000000C2000000C50000003C
:108D2000C3000000C9000000C6000000C70000002A
:108D3000C7000000D1000000CD000000CD00000001
:108D4000C6000000CA000000C3000000C800000008
:108D5000D0000000C1000000C8000000C4000000F6
:108D6000C4000000C5000000C4000000CA000000EC
:108D7000CB000000CA000000C9000000CE000000C7
:108D8000CB000000CB000000C7000000C4000000C2
:108D9000C6000000CB000000C6000000C4000000B8
:108DA000C9000000C7000000C6000000C8000000A5
:108DB000C8000000C8000000CA000000C900000090
:108DC000C8000000CA000000C8000000C900000080
:108DD000C6000000C7000000C5000000C50000007C
:108DE000C7000000C7000000C8000000C900000064
:108DF000C9000000CB000000CA000000CA0000004B
:108E0000C9000000C9000000C7000000C600000043
:108E1000C6000000C5000000C6000000C60000003B
:108E2000C7000000C6000000C7000000C800000026
:108E3000C9000000C9000000C9000000C90000000E
:108E4000CA000000C9000000C8000000C600000001
:108E5000C8000000C7000000C7000000C6000000F6
:108E6000C7000000C8000000C6000000C7000000E6
:108E7000C7000000C8000000C5000000C5000000D9
:108E8000C9000000C6000000C8000000C5000000C6
:108E9000C9000000C6000000C0000000C6000000BD
:108EA000CD000000CB000000CA000000C900000097
:108EB000C8000000C7000000C7000000C700000095
:108EC000C7000000CA000000C6000000C700000084
:108ED000C6000000C6000000C4000000C60000007C
:108EE000CC000000C9000000CB000000C60000005C
:108EF000C6000000C8000000C8000000CB00000051
:108F0000CC000000C7000000C7000000CB0000003C
:108F1000C6000000C7000000CA000000C600000034
:108F2000C3000000C1000000C2000000D00000002B
:108F3000CB000000C5000000C2000000CD00000012
:108F4000C5000000D1000000C6000000CC000000F9
:108F5000C8000000C9000000C9000000CD000000EA
:108F6000C7000000CB000000C8000000CA000000DD
:108F7000CC000000C8000000CB000000C7000000CB
:108F8000C6000000C8000000CC000000C8000000BF
:108F9000C5000000C6000000BD000000C7000000C2
:108FA000C8000000C7000000C4000000C3000000AB
:108FB000C3000000C7000000C8000000C600000099
:108FC000CD000000C8000000C6000000C400000082
:108FD000C7000000C9000000C9000000C400000074
:108FE000C5000000C9000000C7000000C700000065
:108FF000C7000000C7000000C7000000C700000055
:10900000C7000000C8000000C9000000C800000040
:10901000C7000000C9000000C8000000C800000030
:10902000C8000000C7000000C7000000C800000022
:10903000C7000000C7000000C7000000C800000013
:10904000C7000000C8000000C7000000C700000003
:10905000C7000000C7000000C7000000C7000000F4
:10906000C7000000C8000000C8000000C8000000E1
:10907000C7000000C7000000C7000000C7000000D4
:10908000C7000000C7000000C7000000C8000000C3
:10909000C7000000C7000000C8000000C8000000B2
:1090A000C8000000C8000000C8000000C7000000A1
:1090B000C8000000C7000000CD000000C90000008B
:1090C000CA000000C6000000C9000000C700000080
:1090D000C6000000C9000000C8000000C900000070
:1090E000C0000000A40000009B0000008F010000F1
:1090F0005B0000000B0000000500000062010000A2
:1091000090010000060100000000000000000000C7
:1091100071000000900100008C010000CA000000F6
:10912000030000003D000000BB000000160100002D
:109130008A01000098000000510000009D0000001E
:10914000D1000000000100003601000073000000A3
:10915000CE0000003D00000009010000F00000000A
:10916000CE000000B900000084000000970000005D
:10917000E000000015010000D300000073000000B3
:10918000B1000000DD000000DA000000B9000000BE
:10919000C60000006F000000F5000000E2000000C3
:1091A00018010000B60000007F000000CC000000A5
:1091B000F7000000EC000000FA000000C80000000A
:1091C000B4000000A7000000D8000000F20000007A
:1091D000CA000000D40000007F000000E000000092
:1091E000DC000000CC000000C80000006E000000A1
:1091F000D1000000E3000000F8000000AA00000019
:1092000098000000B3000000D9000000EF0000004B
:10921000DA000000A000000091000000CC00000077
:10922000EB000000E2000000BD000000A60000000E
:10923000B9000000E8000000DA000000CB000000E8
:10924000B4000000A4000000C2000000EA0000001A
:10925000F1000000B8000000AC000000D0000000E9
:10926000E7000000DB000000C4000000C1000000B7
:10927000BF000000D6000000DC000000CC000000B1
:10928000B6000000B8000000D0000000DC000000C4
:10929000D5000000CC000000B2000000BB000000C0
:1092A000CC000000D2000000C9000000C100000096
:1092B000BD000000C7000000D1000000CF0000008A
:1092C000C2000000BB000000C2000000CC00000093
:1092D000CC000000C9000000BF000000C100000079
:1092E000C6000000CC000000CB000000C800000059
:1092F000C1000000C3000000C9000000C900000058
:10930000CB000000C8000000C4000000C500000041
:10931000CA000000CC000000C8000000C50000002A
:10932000C8000000CD000000CE000000CE0000000C
:10933000C9000000C5000000C5000000C800000012
:10934000CA000000C6000000C3000000C200000008
:10935000C2000000C6000000C6000000C5000000FA
:10936000C5000000C9000000CA000000CA000000DB
:10937000CB000000CB000000C7000000C8000000C8
:10938000CC000000CA000000CD000000C2000000B8
:10939000C2000000C8000000C4000000C7000000B8
:1093A000C4000000C6000000C7000000C9000000A3
:1093B000CA000000C5000000C4000000C600000094
:1093C000C6000000C8000000CB000000C400000080
:1093D000C3000000C5000000C7000000CA00000074
:1093E000C9000000C9000000C8000000C70000005C
:1093F000CA000000CC000000C7000000C800000048
:10940000CA000000CC000000C8000000C600000038
:10941000C4000000C4000000C7000000C700000036
:10942000C7000000C7000000C6000000C600000022
:10943000C8000000CB000000C9000000C700000009
:10944000C8000000C6000000C6000000C600000002
:10945000C5000000C6000000C7000000C8000000F2
:10946000C9000000C8000000C8000000C8000000DB
:10947000C9000000C9000000CA000000C8000000C8
:10948000C6000000C8000000C9000000C6000000BF
:10949000C7000000C8000000C6000000C8000000AF
:1094A000C9000000C8000000C6000000C80000009D
:1094B000C8000000C7000000C8000000C70000008E
:1094C000C6000000C6000000C9000000C80000007F
:1094D000C9000000C7000000C9000000C70000006C
:1094E000C9000000C8000000C8000000C70000005C
:1094F000C8000000C8000000C8000000C70000004D
:10950000C7000000C6000000C7000000C80000003F
:10951000C8000000C6000000C7000000C70000002F
:10952000C7000000C7000000C8000000C70000001E
:10953000C7000000C7000000C7000000C90000000D
:10954000C9000000C8000000C7000000C8000000FB
:10955000C8000000C7000000C8000000C7000000ED
:10956000C7000000C8000000C7000000C7000000DE
:10957000C8000000C8000000C8000000C6000000CD
:10958000C7000000C9000000C8000000C6000000BD
:10959000C7000000C8000000C8000000C7000000AD
:1095A000C7000000C7000000C7000000C80000009E
:1095B000C8000000C5000000BF000000DA00000085
:1095C000AA000000C90000007C010000E6000000C5
:1095D0000000000000000000850100009001000074
:1095E000DB00000001000000000000007D01000021
:1095F0008E0100007E0100005900000046000000BE
:10960000CD000000FF0000007900000026000000EF
:1096100059000000B6000000C1000000A7000000D3
:10962000AC000000A2000000FF00000035010000B7
:109630005901000063010000900100008301000057
:1096400042010000F6000000EB000000C400000032
:10965000B500000021000000000000000000000034
:10966000000000004300000092000000050100001F
:10967000050100000D010000E40000001D010000D4
:109680004201000044010000270100002301000006
:109690005601000063010000260100009000000058
:1096A000300000000A0000003B0000006A000000DB
:1096B00077000000B1000000C800000005010000B4
:1096C00004010000EE000000AB000000DB00000021
:1096D000C8000000CA000000E3000000E60000002F
:1096E000E4000000E2000000DF000000BF00000016
:1096F000C8000000B4000000C4000000DA00000050
:10970000AC00000082000000520000005900000080
:10971000700000009F000000C5000000D4000000A1
:10972000F300000017010000390100000D010000E6
:10973000FA000000C4000000EC000000E700000098
:10974000DF000000DC000000A7000000A200000015
:10975000980000008F0000007900000087000000E2
:1097600094000000B5000000C0000000C30000002D
:10977000C3000000E4000000EA0000000D0100004A
:109780001401000003010000EA000000DE000000F8
:10979000D0000000B9000000B200000099000000F5
:1097A000B5000000BD000000DC000000C7000000A4
:1097B000DC000000B6000000BB0000009B000000C1
:1097C000AD000000A9000000B4000000B7000000D8
:1097D000CC000000F0000000E6000000F5000000F2
:1097E000E6000000F9000000EF000000E1000000CA
:1097F000CB000000B8000000C4000000A70000007B
:109800009D0000008700000085000000920000001D
:10981000AD000000A9000000D1000000E20000003F
:10982000F0000000F1000000EE000000ED0000007C
:10983000D9000000C4000000C2000000C200000007
:10984000B6000000BF000000BF000000C400000020
:10985000C7000000CB000000C5000000CB000000E6
:10986000D4000000D1000000D4000000D3000000AC
:10987000C6000000BA000000A3000000A500000020
:10988000B3000000A9000000AE000000BC00000012
:10989000C5000000DD000000DB000000EF0000005C
:1098A000EA000000EE000000E1000000D30000002C
:1098B000C1000000B9000000AA000000A2000000E2
:1098C00098000000A6000000B3000000B4000000F3
:1098D000CC000000CE000000E8000000D300000033
:1098E000DF000000D1000000D9000000CF00000020
:1098F000CA000000BB000000BC000000B600000071
:10990000B1000000B9000000BA000000BF00000074
:10991000C6000000CD000000CF000000D60000000F
:10992000D0000000D5000000CD000000D4000000F1
:10993000CD000000C9000000C7000000BD0000000D
:10994000B8000000B0000000BB000000BD00000037
:10995000C8000000C9000000CE000000DA000000CE
:10996000D8000000D4000000D1000000D3000000A7
:10997000C5000000C7000000B7000000BE000000E6
:10998000BB000000BE000000BE000000CC000000D4
:10999000CA000000D3000000CF000000CF0000008C
:1099A000D2000000CD000000CD000000C500000086
:1099B000C2000000BE000000C0000000BC000000AB
:1099C000C4000000C4000000C6000000CC0000007D
:1099D000C7000000C6000000C7000000C80000006B
:1099E000CB000000CA000000C9000000C100000058
:1099F000C8000000C9000000CA000000CE0000003E
:109A0000C8000000C1000000BE000000C20000004D
:109A1000C3000000C5000000C6000000C400000034
:109A2000C8000000C3000000CB000000CE00000012
:109A3000C9000000CF000000D0000000CF000000EF
:109A4000CA000000C8000000C3000000C3000000FE
:109A5000C6000000C2000000C5000000C0000000F9
:109A6000C5000000CB000000C6000000C6000000DA
:109A7000C6000000CC000000C9000000CC000000BF
:109A8000C9000000C6000000C5000000C8000000BA
:109A9000C8000000CA000000CD000000C1000000A6
:109AA000D2000000D5000000D0000000EC00000053
:109AB000DA000000E5000000EE0000009700000062
:109AC000C6000000E8000000B1000000BF00000078
:109AD000D8000000A3000000B5000000CE00000088
:109AE000A60000009E000000A5000000E4000000A9
:109AF000B1000000B4000000B8000000F100000058
:109B0000E8000000C5000000A7000000AA00000057
:109B1000D1000000BB0000009C000000E400000039
:109B2000AA000000EA000000D5000000B800000014
:109B3000A2000000BA000000D2000000C90000002E
:109B4000D4000000A1000000CB000000DD000000F8
:109B5000B3000000B1000000BB000000CC0000001A
:109B6000BE000000B6000000C0000000C5000000FC
:109B7000D2000000D8000000CC000000D10000009E
:109B8000C8000000C8000000C8000000C7000000B6
:109B9000CB000000BF000000D3000000C4000000A4
:109BA000BF000000CD000000CA000000C50000009A
:109BB000BF000000C0000000CC000000CA00000090
:109BC000CF000000C5000000CA000000CA0000006D
:109BD000C9000000C7000000C8000000D00000005D
:109BE000CB000000CB000000C6000000C400000055
:109BF000CB000000CB000000C8000000C100000046
:109C0000C7000000C8000000CA000000C500000036
:109C1000C5000000C7000000CC000000C800000024
:109C2000C7000000C8000000CB000000C700000013
:109C3000C8000000C7000000C7000000C700000007
:109C4000C4000000C7000000C6000000C8000000FB
:109C5000CA000000C8000000C8000000CA000000E0
:109C6000C9000000C7000000C6000000C6000000D8
:109C7000C7000000C7000000C5000000C5000000CC
:109C8000C6000000C9000000C8000000C9000000B4
:109C9000CA000000C9000000CA000000C90000009E
:109CA000C8000000C8000000C8000000C800000094
:109CB000C7000000C6000000C7000000C800000088
:109CC000C7000000C8000000C6000000C800000077
:109CD000C8000000C7000000C7000000C700000067
:109CE000C8000000C8000000C4000000C800000058
:109CF000C8000000C3000000C5000000C60000004E
:109D0000CC000000C4000000C1000000CC00000036
:109D1000C0000000C7000000CA000000C50000002D
:109D2000C7000000CF000000C4000000C600000013
:109D3000C9000000C6000000CA000000C700000003
:109D4000C7000000C8000000C8000000CB000000F1
:109D5000C9000000C5000000C7000000CB000000E3
:109D6000CB000000C3000000C4000000C7000000DA
:109D7000CB000000C8000000C6000000C7000000C3
:109D8000C8000000C8000000C6000000C5000000B8
:109D9000C7000000C6000000C9000000C7000000A6
:109DA000C7000000C7000000C8000000CB00000092
:109DB000C8000000C9000000C9000000C800000081
:109DC000C9000000C7000000C8000000C800000073
:109DD000C8000000C7000000C6000000C700000067
:109DE000C8000000C8000000C7000000C500000057
:109DF000C7000000C9000000C9000000C700000043
:109E0000C6000000C9000000C7000000C800000034
:109E1000C9000000C8000000C8000000C900000020
:109E2000C9000000C8000000C9000000C800000010
:109E3000C9000000C7000000C7000000C700000004
:109E4000C7000000C6000000C8000000C6000000F7
:109E5000C7000000C7000000C8000000C7000000E5
:109E6000C7000000C8000000C8000000C8000000D3
:109E7000C8000000C8000000C8000000C8000000C2
:109E8000C8000000C7000000C8000000C8000000B3
:109E9000C8000000C8000000C7000000C8000000A3
:109EA000C8000000C8000000C8000000C700000093
:109EB000C7000000C7000000C7000000C700000086
:109EC000C7000000C7000000C7000000C800000075
:109ED000C7000000C7000000C8000000C800000064
:109EE000C8000000C8000000C8000000C800000052
:109EF000C8000000C7000000C7000000C800000044
:109F0000C7000000C8000000C8000000C800000032
:109F1000C7000000C8000000C7000000C700000024
:109F2000C7000000C7000000C7000000C700000015
:109F3000C7000000C7000000C7000000C700000005
:109F4000C8000000C8000000C8000000C8000000F1
:109F5000C8000000C8000000C8000000C8000000E1
:109F6000C8000000C8000000C8000000C7000000D2
:109F7000C7000000C7000000C7000000C5000000C7
:109F8000C7000000BF000000B6000000C4000000D1
:109F9000D500000045000000B800000045010000A9
:109FA0003E000000010000003B0000008F010000A7
:109FB0008E0100002200000000000000640000008C
:109FC000900100008F01000010010000230000003C
:109FD0005B000000E4000000E7000000510000000A
:109FE0002900000046000000B30000009F000000B0
:109FF000B20000008D000000BC000000D80000008E
:10A000003D01000077010000900100008F01000079
:10A01000730100002E010000EE000000DA000000D5
:10A02000E5000000C80000000D0000000000000076
:10A030000000000000000000300000008900000067
:10A04000EB000000F7000000EC000000EC00000056
:10A050000F0100003D010000470100003B0100002E
:10A060003A0100004F010000490100001301000007
:10A07000A700000048000000310000004B00000075
:10A080007F0000009D000000B7000000DA00000023
:10A09000E4000000E4000000B9000000B10000008E
:10A0A000C3000000D6000000D5000000CA00000078
:10A0B000D5000000E2000000ED000000DF0000001D
:10A0C000D5000000D1000000D7000000D90000003A
:10A0D000CE000000B50000008F0000006D00000001
:10A0E0006D00000088000000A9000000BC00000016
:10A0F000C6000000DD000000F90000000D010000B6
:10A100000D010000FA000000E9000000EB00000073
:10A11000F7000000F9000000E6000000C5000000A4
:10A12000AB0000009B0000008E00000082000000D9
:10A130007F0000008D000000A1000000B3000000BF
:10A14000BC000000C7000000E1000000FA000000B1
:10A150000801000002010000F0000000DD00000026
:10A16000D0000000C5000000BA000000B3000000ED
:10A17000B4000000B9000000BE000000C5000000EF
:10A18000CF000000D2000000CC000000C0000000A2
:10A19000B7000000B6000000B8000000B7000000E3
:10A1A000B6000000B9000000BF000000C5000000BC
:10A1B000C9000000D1000000E1000000F200000032
:10A1C000F5000000F3000000ED000000E5000000D5
:10A1D000D8000000B9000000A900000098000000AD
:10A1E0008A0000009300000099000000AA0000000F
:10A1F000B6000000CA000000D8000000E500000022
:10A20000EF000000F2000000ED000000EB00000095
:10A21000E6000000E0000000D4000000BC000000E8
:10A22000AF000000A6000000A3000000A400000092
:10A23000A9000000B6000000C7000000D100000027
:10A24000D9000000DA000000DA000000D7000000AA
:10A25000D0000000C8000000C1000000BC000000E9
:10A26000B8000000B5000000B6000000BF0000000C
:10A27000CA000000D6000000DF000000E10000007E
:10A28000DD000000D8000000D2000000C90000007E
:10A29000BF000000B8000000B2000000AF000000E6
:10A2A000AF000000B2000000B9000000BF000000D5
:10A2B000C9000000D1000000D7000000DB00000052
:10A2C000DE000000DD000000D9000000D500000025
:10A2D000CD000000C8000000C3000000BF00000067
:10A2E000B9000000B6000000B5000000B700000093
:10A2F000BD000000C4000000C9000000CF00000045
:10A30000D3000000D4000000D3000000D000000003
:10A31000CC000000C7000000C3000000BF00000028
:10A32000BE000000BE000000C2000000C700000028
:10A33000CA000000CE000000CF000000CF000000E7
:10A34000CF000000CD000000CB000000C8000000DE
:10A35000C4000000C2000000BF000000BF000000F9
:10A36000BF000000C2000000C3000000C7000000E2
:10A37000CB000000CE000000CF000000CE000000A7
:10A38000CC000000CA000000CA000000CA000000A3
:10A39000C9000000C8000000C6000000C4000000A2
:10A3A000C3000000C2000000C2000000C3000000A3
:10A3B000C4000000C5000000C6000000C800000086
:10A3C000C9000000CB000000CD000000CE0000005E
:10A3D000CF000000CE000000CE000000CC00000046
:10A3E000C9000000C5000000C3000000C10000005B
:10A3F000C1000000C1000000C2000000C300000056
:10A40000C5000000C7000000C8000000CA0000002E
:10A41000CB000000CB000000CB000000CA00000011
:10A42000C9000000C8000000C8000000C70000000C
:10A43000C6000000C6000000C6000000C700000003
:10A44000C9000000C9000000CA000000CC000000E4
:10A45000C4000000CC000000AC0000006A00000056
:10A460008E010000D9000000D900000000000000AB
:10A47000EC000000900100004E010000020000000E
:10A48000000000006C0000008F0100008F01000040
:10A49000A7000000020000002C000000F2000000F5
:10A4A000540100007F010000700000000E00000059
:10A4B0009500000017010000710100004A01000032
:10A4C000770000004F000000010000005F01000065
:10A4D0001101000002010000760000008F00000062
:10A4E000A400000009010000F2000000B20000001A
:10A4F0006B00000088000000C90000001F01000080
:10A50000D2000000BC0000007B000000E80000005A
:10A51000DD000000EE000000D3000000C3000000DA
:10A52000D4000000D2000000AD000000CF00000009
:10A5300007010000B7000000B6000000E2000000C4
:10A5400005010000D60000008B0000009100000013
:10A55000D00000000D010000E3000000AF0000008B
:10A560006F000000BC000000EA000000F7000000DF
:10A57000C50000008D000000AD000000D800000004
:10A58000F0000000CE0000009A000000A0000000D3
:10A59000C3000000E7000000CE000000CA00000079
:10A5A000A5000000A9000000CF000000EA000000A4
:10A5B000DE000000B8000000AD000000B90000009F
:10A5C000E2000000E3000000C3000000B50000004E
:10A5D000B9000000E3000000DF000000CF00000031
:10A5E000B4000000C1000000D7000000DE00000041
:10A5F000CF000000BE000000B6000000C600000052
:10A60000D3000000D5000000CC000000B80000001E
:10A61000B7000000C8000000D4000000D200000015
:10A62000C3000000BD000000C2000000CB0000001D
:10A63000D2000000C3000000BE000000BC0000000B
:10A64000CB000000CD000000C8000000C0000000EA
:10A65000BC000000C6000000D1000000CE000000D9
:10A66000C7000000BF000000C3000000C8000000D9
:10A67000CC000000CC000000C9000000C4000000B5
:10A68000C7000000CC000000CE000000C8000000A1
:10A69000C3000000C5000000C9000000CC0000009D
:10A6A000CD000000C6000000C3000000C300000091
:10A6B000C8000000CC000000C8000000C500000079
:10A6C000C4000000C5000000C9000000CB0000006D
:10A6D000C8000000C6000000C8000000C70000005D
:10A6E000C8000000C8000000C7000000C50000004E
:10A6F000C6000000CC000000CD000000C800000033
:10A70000C5000000C4000000CB000000CD00000028
:10A71000C6000000CD000000C3000000C60000001D
:10A72000C8000000C5000000C5000000C700000010
:10A73000CF000000C6000000CA000000C9000000F1
:10A74000C4000000C5000000C7000000C8000000F1
:10A75000C9000000CA000000C8000000C4000000DA
:10A76000C9000000CB000000C7000000C8000000C6
:10A77000C7000000C7000000C8000000C8000000BB
:10A78000C8000000C7000000C6000000C7000000AD
:10A79000C8000000C8000000C7000000C50000009D
:10A7A000C5000000C8000000C7000000C70000008E
:10A7B000C7000000C8000000C8000000C80000007A
:10A7C000C8000000C6000000C6000000C80000006D
:10A7D000C8000000CA000000C8000000C700000058
:10A7E000C8000000C8000000C8000000C800000049
:10A7F000C7000000C6000000C6000000C600000040
:10A80000C7000000C8000000C8000000C60000002B
:10A81000C9000000C9000000C7000000C700000018
:10A82000C8000000C8000000C6000000C80000000A
:10A83000C8000000C7000000C6000000C7000000FC
:10A84000C7000000C7000000C7000000C8000000EB
:10A85000C9000000C9000000C8000000C9000000D5
:10A86000C9000000CA000000C9000000C7000000C5
:10A87000C7000000C6000000C5000000C6000000C0
:10A88000C6000000C6000000C6000000C7000000AF
:10A89000C8000000C9000000C8000000C800000097
:10A8A000CA000000CA000000C8000000C800000084
:10A8B000C8000000C7000000C5000000C60000007E
:10A8C000C7000000C6000000C6000000C500000070
:10A8D000C5000000C7000000C7000000C70000005E
:10A8E000C7000000C8000000CB000000CA00000044
:10A8F000CA000000CA000000C9000000C800000033
:10A90000C8000000C9000000C8000000C600000028
:10A91000C7000000C7000000C6000000C70000001C
:10A92000C7000000C3000000D1000000B900000013
:10A93000D9000000C3000000DA000000F9000000A8
:10A94000B7000000C300000016010000BB000000BB
:10A9500080000000420100008C00000004010000A3
:10A96000CE000000E9000000F5000000B200000089
:10A97000AF000000B7000000BB000000D0000000E6
:10A98000CF000000B90000009E000000C8000000D9
:10A99000EE000000A8000000C4000000D400000089
:10A9A000DD000000B1000000D8000000DF00000062
:10A9B0009D000000EA000000DB000000BC00000079
:10A9C000B6000000BB000000D5000000DA00000067
:10A9D000C3000000BC000000D7000000C800000059
:10A9E000CA000000CF000000D0000000C10000003D
:10A9F000D5000000C8000000BB000000D50000002A
:10AA0000E0000000C2000000C6000000CE00000010
:10AA1000BA000000D1000000BE000000BD00000030
:10AA2000C7000000CD000000CB000000C300000004
:10AA3000C8000000C1000000D2000000C7000000F4
:10AA4000BF000000C4000000C7000000CE000000EE
:10AA5000C8000000C9000000C3000000CE000000D4
:10AA6000CC000000BE000000D0000000C4000000C8
:10AA7000C5000000C7000000C8000000C7000000BB
:10AA8000C5000000C8000000CA000000CA000000A5
:10AA9000C8000000CC000000D0000000C40000008E
:10AAA000C9000000CC000000CA000000C80000007F
:10AAB000C6000000C9000000CB000000C700000075
:10AAC000C7000000C9000000C6000000C700000069
:10AAD000C8000000C7000000C9000000C900000055
:10AAE000C8000000C7000000C7000000C900000047
:10AAF000C8000000C7000000C6000000C800000039
:10AB0000C8000000C7000000C8000000C700000027
:10AB1000C6000000C7000000C7000000C800000019
:10AB2000C7000000C8000000C8000000C700000007
:10AB3000C7000000C7000000C8000000C8000000F7
:10AB4000C8000000C7000000C7000000C8000000E7
:10AB5000C8000000C6000000C7000000C7000000D9
:10AB6000C7000000C7000000C8000000C8000000C7
:10AB7000C6000000C8000000C8000000C9000000B6
:10AB8000C8000000C7000000C7000000C8000000A7
:10AB9000C3000000C6000000D1000000CF0000008C
:10ABA000CB00000010010000A200000047000000E0
:10ABB0007D000000FA00000087010000E7000000AF
:10ABC0000100000001000000F80000008E010000FC
:10ABD00090010000F10000001E000000380000009D
:10ABE000E800000019010000AF000000690000004B
:10ABF0002B0000002B00000068000000C1000000D6
:10AC0000D6000000AB0000008A000000C600000073
:10AC10005401000090010000900100007B01000041
:10AC20002A010000FE0000000901000022010000CE
:10AC3000FA0000007D00000000000000000000009D
:10AC4000000000000E00000042000000590000005B
:10AC50006C00000093000000CB0000000001000029
:10AC600039010000700100008E0100008A0100001F
:10AC70006D0100004C01000028010000E50000000B
:10AC80009C00000067000000580000006800000001
:10AC900087000000AC000000C4000000C2000000FB
:10ACA000A0000000830000008A000000B100000046
:10ACB000D0000000CC000000BC000000C900000073
:10ACC000EF0000000B01000009010000FC00000083
:10ACD000F7000000FA000000FB000000F200000096
:10ACE000DE000000BE0000009700000081000000B0
:10ACF0007D0000007B000000740000006A0000007E
:10AD0000700000008B000000B2000000D3000000C3
:10AD1000E9000000FE0000001F01000041010000EA
:10AD2000460100003101000012010000F4000000A3
:10AD3000D4000000AF0000008B000000760000008F
:10AD40006F00000075000000820000009900000004
:10AD5000B8000000D6000000EA000000F10000008A
:10AD6000F0000000EA000000DB000000CB00000063
:10AD7000C0000000BE000000C1000000C2000000D2
:10AD8000C4000000C8000000CD000000D00000009A
:10AD9000D1000000D0000000CC000000C200000084
:10ADA000B7000000B0000000AD000000AF000000E0
:10ADB000B4000000BE000000C8000000D400000085
:10ADC000DF000000E9000000F0000000EC000000DF
:10ADD000DF000000D1000000C7000000C00000003C
:10ADE000B9000000B0000000A8000000A2000000B0
:10ADF000A5000000AF000000BD000000CB00000077
:10AE0000D0000000BF000000E50000000E010000BF
:10AE1000B9000000C3000000CA000000B400000038
:10AE2000B9000000C7000000C00000007000000072
:10AE3000550100005B01000056000000000000000A
:10AE4000910000009001000090010000000000004F
:10AE500002000000B30000008F0100008F0100001D
:10AE6000D80000001F0000005E000000100100007C
:10AE7000CF0000003C00000023000000570000004D
:10AE8000A60000009A000000B4000000940000003A
:10AE9000BB000000E50000003F0100006801000069
:10AEA0008F0100008F0100007B0100001B010000EA
:10AEB000F2000000DA000000EA000000B400000028
:10AEC0000000000000000000000000000000000082
:10AED00040000000A0000000EC000000FE000000A8
:10AEE000EC000000F1000000100100004101000032
:10AEF0004F0100003F0100003C0100004D01000037
:10AF00004A0100000A01000097000000390000001B
:10AF10002C0000005000000082000000A300000090
:10AF2000BD000000E3000000E6000000D8000000C3
:10AF3000B7000000B3000000C8000000D700000008
:10AF4000CF000000CD000000D6000000E4000000AB
:10AF5000EB000000DC000000D4000000D000000086
:10AF6000D8000000D8000000CA000000B0000000B7
:10AF70008A000000690000006F0000008E000000E1
:10AF8000AD000000BE000000C8000000E0000000AE
:10AF9000FC0000000F0100000B010000F7000000A2
:10AFA000E7000000EC000000F9000000F9000000DC
:10AFB000E2000000C1000000A90000009A000000AB
:10AFC0008D000000810000007F0000008F00000065
:10AFD000A4000000B4000000BD000000CA00000092
:10AFE000E5000000FC000000090100000001000075
:10AFF000EE000000DB000000CE000000C3000000F7
:10B00000B8000000B2000000B4000000BA00000068
:10B01000BF000000C6000000D1000000D200000008
:10B02000CA000000BE000000B6000000B60000002C
:10B03000B9000000B7000000B6000000BA00000030
:10B04000C0000000C5000000CA000000D3000000DE
:10B05000E4000000F0000000F5000000F300000034
:10B06000E7000000E2000000D3000000B50000008F
:10B07000A5000000930000008E0000009100000079
:10B080009E000000AD000000BD000000CB000000ED
:10B09000D8000000E8000000ED000000F000000013
:10B0A000EF000000E8000000E5000000E300000001
:10B0B000CF000000BA000000AE000000A6000000B3
:10B0C000A4000000A5000000AA000000B8000000D5
:10B0D000C7000000D2000000DB000000DB00000021
:10B0E000D9000000D6000000CF000000C70000001B
:10B0F000C1000000BC000000B7000000B700000065
:10B10000B9000000C1000000CC000000D700000022
:10B11000DE000000E0000000DC000000D7000000BE
:10B12000D1000000C8000000BD000000B600000013
:10B13000B2000000AF000000B0000000B30000004B
:10B14000BA000000C1000000CA000000D1000000E9
:10B15000D9000000DC000000DE000000DD0000007F
:10B16000D9000000D4000000CC000000C80000009E
:10B17000C2000000BE000000BA000000B6000000DF
:10B18000B5000000B7000000BD000000C5000000D1
:10B19000CB000000CF000000D3000000D50000006D
:10B1A000D2000000CF000000CC000000C70000006B
:10B1B000C2000000BE000000BE000000BF00000092
:10B1C000C3000000C7000000CB000000CE0000005C
:10B1D000D0000000D0000000CF000000CD00000033
:10B1E000CB000000C7000000C4000000C100000048
:10B1F000BE000000BF000000BF000000C200000051
:10B20000C4000000C8000000CC000000CE00000018
:10B21000CF000000CE000000CC000000CA000000FB
:10B22000CA000000CA000000C9000000C7000000FA
:10B23000C6000000C4000000C3000000C2000000FF
:10B24000C2000000C2000000C4000000C5000000F1
:10B25000C6000000C8000000C9000000CB000000CC
:10B26000CD000000CE000000CF000000CE000000A6
:10B27000CD000000CB000000C8000000C5000000A9
:10B28000C3000000C1000000C1000000C1000000B8
:10B29000C2000000C4000000C5000000C70000009C
:10B2A000C8000000CA000000CB000000CB00000076
:10B2B000CB000000CA000000C9000000C800000068
:10B2C000C8000000C7000000C6000000C600000063
:10B2D000C6000000C7000000C9000000C90000004F
:10B2E000CA000000CB000000CE000000D700000024
:10B2F000AB000000A8000000B3000000E300000065
:10B30000A3000000090100008300000030010000DC
:10B310009001000065000000000000001200000025
:10B32000900100008E0100005500000000000000A8
:10B33000490000008E0100008F0100002D01000077
:10B340004C00000040000000DE000000FC00000097
:10B35000670000002A0000002E0000009F0000008F
:10B360009C00000099000000AC000000AE0000004E
:10B37000CC0000002B0100007A0100008F010000CA
:10B38000900100007901000040010000EF00000082
:10B39000D2000000DB000000D100000037000000F8
:10B3A0000000000000000000000000002C00000071
:10B3B0007B000000DF0000000A010000FA0000002E
:10B3C000EE00000004010000350100005001000003
:10B3D0003E01000035010000480100005501000059
:10B3E00021010000BA0000005300000030000000FE
:10B3F000440000007400000098000000B400000049
:10B40000D4000000E5000000E2000000C0000000E1
:10B41000AF000000C1000000D3000000D100000018
:10B42000CD000000D3000000E1000000EC000000AF
:10B43000E1000000D5000000D2000000D8000000AC
:10B44000DC000000D0000000B80000009700000001
:10B45000710000006B00000084000000A5000000E7
:10B46000B9000000C4000000D8000000F400000093
:10B470000B01000010010000FD000000E9000000C9
:10B48000E9000000F6000000FB000000EB000000F7
:10B49000C9000000AD0000009D0000008F0000000A
:10B4A000840000007E0000008A0000009E00000072
:10B4B000B1000000BC000000C6000000DD0000007C
:10B4C000F60000000701000004010000F300000086
:10B4D000DF000000D2000000C6000000BB0000003A
:10B4E000B4000000B3000000B9000000BD0000007F
:10B4F000C4000000CE000000D3000000CE00000019
:10B50000C1000000B8000000B6000000B800000054
:10B51000B8000000B6000000B9000000BF00000045
:10B52000C4000000C9000000D0000000DF000000DF
:10B53000EB000000F6000000F4000000ED00000049
:10B54000DE000000D8000000B9000000A7000000E5
:10B55000980000008D0000008B00000098000000A3
:10B56000A9000000B4000000C5000000D5000000E4
:10B57000E5000000ED000000F1000000EE0000001A
:10B58000EB000000E5000000E3000000D800000030
:10B59000BE000000B1000000A6000000A4000000F2
:10B5A000A5000000A8000000B4000000C5000000D5
:10B5B000D1000000DA000000DB000000D90000002C
:10B5C000D6000000D2000000C9000000C00000004A
:10B5D000BC000000B8000000B7000000B700000089
:10B5E000BD000000C8000000D5000000DE00000023
:10B5F000E1000000DD000000D9000000D2000000E2
:10B60000CB000000C0000000B7000000B200000046
:10B61000B0000000AF000000B1000000B800000062
:10B62000BE000000C7000000D0000000D8000000ED
:10B63000DC000000DE000000DD000000D90000009A
:10B64000D5000000CE000000C8000000C3000000CC
:10B65000BF000000BA000000B7000000B500000005
:10B66000B6000000BB000000C2000000C8000000DF
:10B67000CE000000D2000000D4000000D300000083
:10B68000D1000000CD000000C8000000C400000090
:10B69000BF000000BD000000BE000000C2000000AE
:10B6A000C6000000CA000000CD000000CF0000006E
:10B6B000D0000000CF000000CD000000CC00000052
:10B6C000C8000000C5000000C2000000BF0000006C
:10B6D000BF000000BF000000C1000000C300000068
:10B6E000C7000000CB000000CE000000CF0000002B
:10B6F000CE000000CC000000CB000000CA0000001B
:10B70000CA000000C9000000C8000000C600000018
:10B71000C5000000C3000000C2000000C20000001D
:10B72000C2000000C4000000C5000000C600000008
:10B73000C7000000C8000000CB000000CC000000E3
:10B74000CE000000CF000000CF000000CE000000BF
:10B75000CC000000C9000000C6000000C3000000CB
:10B76000C1000000C1000000C1000000C1000000D5
:10B77000C3000000C5000000C6000000C8000000B3
:10B78000CA000000CB000000CB000000CB0000008E
:10B79000CA000000CA000000C9000000C800000084
:10B7A000C7000000C6000000C6000000C600000080
:10B7B000C7000000C8000000C9000000CA00000067
:10B7C000CC000000C9000000CF000000B200000063
:10B7D000800000003C01000028010000F300000090
:10B7E00000000000BC000000900100007E0100008D
:10B7F0000600000000000000540000007D01000071
:10B800008C01000072010000050000001F00000014
:10B81000AE0000004B0100008A010000D4000000CF
:10B820004A000000A0000000CA0000002201000041
:10B830002B0100009A000000E70000005500000006
:10B8400033010000C2000000F70000008F0000007C
:10B85000880000009200000011010000C0000000FC
:10B86000BF000000CE000000E0000000E00000008B
:10B8700027010000E50000009800000079000000AA
:10B88000D8000000F300000005010000E300000004
:10B89000B6000000B5000000F3000000EE0000005C
:10B8A000FE000000CC00000097000000B700000080
:10B8B000D90000000401000006010000A300000000
:10B8C000D0000000BA000000FA000000F200000002
:10B8D000B400000084000000AF000000E1000000A0
:10B8E000E7000000C000000095000000910000008B
:10B8F000B8000000E6000000DA000000960000003A
:10B90000AA000000B7000000DE000000E000000018
:10B91000C700000096000000A3000000C300000064
:10B92000F3000000D2000000B20000009E00000002
:10B93000AE000000F6000000E5000000C0000000BE
:10B94000A9000000BB000000E4000000E7000000C8
:10B95000D2000000B4000000BE000000D5000000CE
:10B96000D8000000CA000000B9000000BD000000BF
:10B97000C4000000D9000000D6000000CD00000087
:10B98000B7000000B9000000C9000000D3000000AB
:10B99000CB000000C1000000BB000000BF000000A1
:10B9A000CA000000D0000000C4000000C000000079
:10B9B000C2000000CA000000CD000000CA00000064
:10B9C000C0000000C0000000C5000000CE00000064
:10B9D000CA000000C6000000C3000000C300000051
:10B9E000C5000000C9000000CC000000C900000034
:10B9F000C4000000C6000000CA000000CB00000028
:10BA0000C9000000C5000000C4000000CA0000001A
:10BA1000D0000000D0000000C8000000C6000000F8
:10BA2000C7000000C8000000C9000000C8000000F6
:10BA3000C4000000C0000000C1000000C3000000FE
:10BA4000C7000000C5000000C5000000C8000000DD
:10BA5000C6000000CB000000CB000000C8000000C2
:10BA6000C7000000C7000000CA000000CC000000B2
:10BA7000CC000000C9000000C5000000C6000000A6
:10BA8000C8000000C9000000C9000000C300000099
:10BA9000C5000000C7000000CA000000C60000008A
:10BAA000C3000000C6000000C6000000C500000082
:10BAB000CA000000C7000000C3000000C40000006E
:10BAC000C8000000CB000000CA000000C900000050
:10BAD000C6000000C6000000C9000000CC00000045
:10BAE000C9000000C9000000CB000000CA0000002F
:10BAF000C9000000C7000000C3000000C40000002F
:10BB0000C7000000C7000000C8000000C700000018
:10BB1000C6000000C6000000CA000000CA00000005
:10BB2000CA000000C7000000C6000000C6000000F8
:10BB3000C6000000C7000000C6000000C6000000EC
:10BB4000C6000000C7000000C8000000C9000000D7
:10BB5000C9000000C8000000C7000000C9000000C4
:10BB6000C8000000C8000000C8000000C7000000B6
:10BB7000C7000000C8000000C8000000C7000000A7
:10BB8000C7000000C8000000C7000000C700000098
:10BB9000C7000000C7000000C8000000C600000089
:10BBA000C9000000C7000000C5000000C60000007A
:10BBB000C8000000C8000000C7000000C800000066
:10BBC000C9000000C7000000C8000000C900000054
:10BBD000C8000000C7000000C7000000C800000047
:10BBE000C7000000C7000000C7000000C800000038
:10BBF000C8000000C8000000C7000000C800000026
:10BC0000C8000000C8000000C7000000C700000016
:10BC1000C8000000C7000000C7000000C800000006
:10BC2000C8000000C9000000C7000000C7000000F5
:10BC3000C8000000C7000000C8000000C7000000E6
:10BC4000C7000000C7000000C8000000C7000000D7
:10BC5000C7000000C8000000C9000000C8000000C4
:10BC6000C7000000C6000000C9000000C8000000B6
:10BC7000C7000000C7000000C7000000C7000000A8
:10BC8000C6000000C8000000C7000000C900000096
:10BC9000C8000000CA000000C6000000C700000085
:10BCA000B3000000DE000000B4000000AC000000A3
:10BCB00069010000400100000000000000000000D9
:10BCC000340100008F0100003B0100000000000073
:10BCD00000000000230100008F0100008601000029
:10BCE000A9000000100000008F00000011010000FA
:10BCF000AC0000001800000046000000BC0000007E
:10BD0000B40000007E000000A500000097000000C5
:10BD1000F50000002901000053010000640100004B
:10BD20008F0100008A01000076010000F20000008F
:10BD3000D7000000CF000000C1000000610000003B
:10BD400000000000000000000000000017000000DC
:10BD50008B000000D600000014010000100100005C
:10BD6000ED000000FA0000002E0100005301000069
:10BD7000420100001C0100005A0100007401000093
:10BD800045010000B4000000410000000300000075
:10BD900032000000660000006F0000008E0000000E
:10BDA000B8000000EA00000004010000E400000008
:10BDB000CB000000CF000000D4000000D200000043
:10BDC000E8000000ED000000E2000000CF000000ED
:10BDD000E8000000D6000000C3000000B50000002D
:10BDE000DB000000C8000000B9000000990000005E
:10BDF0005F0000005F00000084000000A40000005D
:10BE0000BE000000C7000000FB00000004010000AD
:10BE10002C0100002301000007010000E5000000E4
:10BE2000D2000000F4000000E9000000E300000080
:10BE3000C3000000AF000000990000008700000070
:10BE40007F00000087000000860000009E000000C8
:10BE5000BD000000CD000000C1000000CE000000C9
:10BE6000FA000000070100000501000002010000C7
:10BE7000FE000000DB000000D8000000AC00000065
:10BE8000B7000000A6000000B8000000AC000000F1
:10BE9000D9000000D3000000CD000000C700000062
:10BEA000B50000009D0000009E000000A4000000FE
:10BEB000AE000000C0000000C8000000E800000064
:10BEC000F1000000F6000000F1000000F1000000A9
:10BED000FB000000EF000000DC000000C9000000D3
:10BEE000BC000000B3000000A400000092000000AD
:10BEF000900000008F0000009A000000AE000000DB
:10BF0000CC000000E5000000EC000000EF000000A5
:10BF1000E2000000E7000000E4000000D80000009C
:10BF2000C0000000B9000000BA000000BC00000022
:10BF3000C0000000C2000000BA000000B90000000C
:10BF4000D1000000C2000000D0000000D2000000BC
:10BF5000DC000000CA000000CF000000C0000000AC
:10BF6000B2000000AD000000A6000000A600000026
:10BF7000AD000000C7000000CC000000D7000000AA
:10BF8000DD000000E8000000F4000000F9000000FF
:10BF9000E7000000D9000000CC000000C200000053
:10BFA000AD0000009C000000A50000009D00000006
:10BFB000B9000000B5000000CB000000CD0000007B
:10BFC000E3000000D9000000E9000000DF000000ED
:10BFD000D8000000D4000000CD000000C300000025
:10BFE000B8000000B6000000B5000000B800000076
:10BFF000BD000000C3000000C7000000CD0000002D
:10C00000CF000000D0000000D3000000CE000000F0
:10C01000D2000000CD000000C7000000C6000000F4
:10C02000CD000000B1000000C1000000BB00000016
:10C03000C1000000BB000000C4000000CE000000F2
:10C04000D2000000D8000000D4000000D80000009A
:10C05000D8000000D5000000CD000000BC000000AA
:10C06000BD000000BF000000BB000000BD000000DC
:10C07000C4000000C4000000CD000000CB000000A0
:10C08000CE000000D2000000D1000000CF00000070
:10C09000D3000000C7000000C9000000C10000007C
:10C0A000BD000000C3000000C4000000CB00000081
:10C0B000CA000000CB000000C9000000C80000005A
:10C0C000C7000000C8000000CB000000CD00000049
:10C0D000D1000000C3000000C6000000CA0000003C
:10C0E000CC000000CA000000C9000000C30000002E
:10C0F000BC000000C0000000C6000000C10000003D
:10C10000C5000000C6000000C6000000C500000019
:10C11000C9000000CF000000C9000000CB000000F3
:10C12000CF000000CF000000CA000000C9000000DE
:10C13000C6000000C6000000C6000000C3000000EA
:10C14000C6000000C1000000C2000000C9000000DD
:10C15000C7000000C5000000C7000000CC000000C0
:10C16000C7000000CC000000C9000000C5000000AE
:10C17000C5000000C6000000C6000000CA000000A4
:10C18000CA000000B8000000C0000000BD000000B0
:10C19000B4000000B2000000E0000000AC000000AD
:10C1A000C5000000F5000000B4000000EC00000035
:10C1B000BF000000BA000000E3000000A000000083
:10C1C000AA000000D3000000D6000000F400000028
:10C1D000E1000000C6000000CF000000CD0000001C
:10C1E000C3000000C5000000D5000000D200000020
:10C1F000A0000000E4000000CE000000B30000003A
:10C20000BC000000EF000000DB000000C0000000E8
:10C21000D2000000AE0000009B000000E40000001F
:10C22000D9000000C3000000C8000000BD000000ED
:10C23000D1000000F3000000C3000000A0000000D7
:10C24000C4000000CD000000D5000000C9000000BF
:10C25000C9000000D7000000EA000000CE00000086
:10C26000C2000000C7000000CB000000C9000000B1
:10C27000C3000000C7000000C1000000BA000000B9
:10C28000C2000000C4000000BB000000BE000000AF
:10C29000CE000000CC000000C1000000C40000007F
:10C2A000C5000000CC000000CC000000C40000006D
:10C2B000C8000000C8000000C7000000CA0000005D
:10C2C000C5000000D0000000CC000000C900000044
:10C2D000C9000000C8000000C7000000C80000003E
:10C2E000C6000000C4000000C3000000C60000003B
:10C2F000C7000000C3000000C5000000C700000028
:10C30000CC000000C8000000C6000000C70000000C
:10C31000CC000000CB000000C5000000C4000000FD
:10C32000C6000000C9000000C8000000C7000000EF
:10C33000C7000000C7000000C9000000C9000000DD
:10C34000C9000000C8000000CA000000C7000000CB
:10C35000C6000000C5000000C6000000C6000000C6
:10C36000C6000000C5000000C5000000C7000000B6
:10C37000C8000000C8000000C9000000C90000009B
:10C38000CA000000CA000000C9000000C800000088
:10C39000C9000000C9000000C7000000C60000007E
:10C3A000C6000000C6000000C7000000C600000074
:10C3B000C7000000C7000000C9000000C90000005D
:10C3C000C6000000C7000000C7000000C900000050
:10C3D000C5000000C5000000CB000000C700000041
:10C3E000C5000000C4000000C2000000C200000040
:10C3F000C8000000CB000000CC000000CB00000013
:10C40000CE000000CE000000C2000000C600000008
:10C41000CD000000C2000000C3000000C800000002
:10C42000C9000000C9000000C7000000C7000000EC
:10C43000CA000000CB000000CB000000C2000000DA
:10C44000C6000000CA000000CD000000C5000000CA
:10C45000C2000000C5000000CA000000CB000000C0
:10C46000C6000000C8000000CA000000C5000000AF
:10C47000C6000000C7000000C7000000C6000000A2
:10C48000C9000000C9000000C7000000C70000008C
:10C49000C8000000C9000000C8000000C80000007B
:10C4A000CA000000C9000000C7000000C70000006B
:10C4B000C8000000C7000000C8000000C70000005E
:10C4C000C7000000C7000000C7000000C90000004E
:10C4D000C7000000C6000000C5000000C700000043
:10C4E000C6000000C7000000C7000000C500000033
:10C4F000C7000000C8000000C8000000C90000001C
:10C50000C8000000C9000000C9000000C800000009
:10C51000C7000000C9000000C9000000C6000000FC
:10C52000C7000000C7000000C8000000C7000000EE
:10C53000C7000000C7000000C7000000C7000000DF
:10C54000C7000000C7000000C7000000C7000000CF
:10C55000C8000000C7000000C8000000C8000000BC
:10C56000C8000000C8000000C7000000C8000000AC
:10C57000C8000000C8000000C8000000C80000009B
:10C58000C7000000C8000000C8000000C80000008C
:10C59000C8000000C7000000C7000000C70000007E
:10C5A000C7000000C7000000C7000000C70000006F
:10C5B000C7000000C7000000C8000000C70000005E
:10C5C000C8000000C8000000C8000000C80000004B
:10C5D000C8000000C8000000C8000000C70000003C
:10C5E000C7000000C7000000C7000000C80000002E
:10C5F000C8000000C8000000C7000000C80000001C
:10C60000C8000000C8000000C8000000C70000000B
:10C61000C7000000C7000000C7000000C7000000FE
:10C62000C7000000C7000000C7000000C8000000ED
:10C63000C8000000C8000000C8000000C8000000DA
:10C64000C8000000C8000000C8000000C8000000CA
:10C65000C7000000C7000000C7000000C7000000BE
:10C66000C7000000C6000000C7000000C9000000AD
:10C67000C0000000CD000000C2000000C6000000A5
:10C68000B8000000F60000009D000000A8000000B7
:10C69000A9000000DB000000B1000000C70000009E
:10C6A000B2000000C8000000E8000000AC0000007C
:10C6B000CB000000AB000000AE000000D400000082
:10C6C00099000000ED000000E3000000CB00000036
:10C6D000AF000000CC000000EF000000C800000028
:10C6E000A1000000DA000000DB000000CA0000002A
:10C6F000CC000000DB000000B4000000CC00000013
:10C70000CF000000C1000000BD000000B600000026
:10C71000D6000000D1000000BF000000D8000000DB
:10C72000D2000000DB000000D2000000BF000000CB
:10C73000BC000000D1000000BC000000B3000000FD
:10C74000D0000000D5000000BE000000B7000000CF
:10C75000BF000000D2000000D5000000CF000000A4
:10C76000C6000000CC000000C7000000D0000000A0
:10C77000C8000000BC000000C7000000CC000000A2
:10C78000C9000000C5000000BC000000C50000009A
:10C79000CE000000CE000000C3000000BD0000007D
:10C7A000C9000000D3000000C2000000C600000065
:10C7B000C1000000C8000000CC000000C100000063
:10C7C000C1000000C3000000C6000000CB00000054
:10C7D000C3000000C4000000C5000000CA00000043
:10C7E000C9000000C6000000CB000000C40000002B
:10C7F000CC000000C1000000C2000000C600000024
:10C80000CA000000C3000000C7000000C70000000D
:10C81000C5000000C7000000C7000000C300000002
:10C82000C5000000C9000000C6000000C9000000EB
:10C83000C8000000C8000000C8000000C9000000D7
:10C84000C5000000C7000000C8000000C9000000CB
:10C85000C7000000C6000000C6000000C8000000BD
:10C86000C6000000C7000000C8000000C8000000AB
:10C87000C7000000C8000000C8000000C800000099
:10C88000C8000000C9000000C7000000C700000089
:10C89000C7000000C8000000C7000000C80000007A
:10C8A000C7000000C7000000C7000000C60000006D
:10C8B000C9000000C7000000C7000000C70000005A
:10C8C000C8000000C8000000C6000000C900000049
:10C8D000C6000000C8000000C8000000CE00000034
:10C8E000C4000000C6000000C5000000C400000035
:10C8F000C3000000CB000000C4000000C500000021
:10C90000CC000000CA000000C5000000C700000005
:10C91000CA000000D1000000C8000000C3000000F1
:10C92000C3000000C4000000CA000000C7000000EF
:10C93000C9000000C9000000C7000000C7000000D7
:10C94000C5000000C8000000C9000000CA000000C7
:10C95000CB000000C5000000C5000000C6000000BC
:10C96000C9000000C6000000C4000000C7000000AD
:10C97000C7000000CA000000C9000000C800000095
:10C98000C8000000C6000000CA000000C800000087
:10C99000C6000000C6000000C8000000C60000007D
:10C9A000C3000000C5000000C8000000C500000072
:10C9B000C7000000C8000000C9000000C50000005A
:10C9C000C9000000C7000000CA000000C500000048
:10C9D000C3000000CA000000C8000000C70000003B
:10C9E000CA000000CB000000C9000000C800000021
:10C9F000C8000000C7000000C8000000C50000001B
:10CA0000C9000000C9000000C6000000CC00000002
:10CA1000CB000000C7000000C8000000C7000000F5
:10CA2000C9000000C8000000C9000000C4000000E8
:10CA3000C8000000C9000000C7000000C9000000D5
:10CA4000CA000000C7000000C8000000C6000000C7
:10CA5000C9000000C7000000C8000000C7000000B7
:10CA6000C8000000C8000000C8000000C7000000A7
:10CA7000C8000000C8000000C8000000C700000097
:10CA8000C8000000C8000000C8000000C700000087
:10CA9000C7000000C7000000C7000000C800000079
:10CAA000C7000000C8000000C7000000C800000068
:10CAB000C8000000C8000000C8000000C700000057
:10CAC000C7000000C7000000C8000000C700000049
:10CAD000C7000000C8000000C7000000C700000039
:10CAE000C7000000C7000000C7000000C70000002A
:10CAF000C7000000C7000000C8000000C800000018
:10CB0000C7000000C7000000C7000000C800000008
:10CB1000C8000000C7000000C7000000C8000000F7
:10CB2000CA000000C9000000C6000000C7000000E5
:10CB3000C1000000C5000000D1000000C3000000DB
:10CB4000C90000008E00000082000000900100007B
:10CB50000C010000010000005000000090010000E6
:10CB60008E010000490000000200000034000000B7
:10CB700039010000900100003601000000000000B3
:10CB800000000000BE000000700100008E010000E7
:10CB9000970000001C00000066000000FA00000082
:10CBA0001E0100008A01000077000000B1000000B3
:10CBB000770000003E0100000F0100002D01000081
:10CBC0008B00000069000000420000003E010000F0
:10CBD000BD000000C50000007B000000BF00000099
:10CBE000C1000000D2000000DF000000A40000002F
:10CBF000C3000000CF000000F7000000DB000000D1
:10CC0000B6000000B20000009E000000DA00000044
:10CC1000E0000000E5000000F0000000B7000000A8
:10CC200091000000AF000000F9000000EA000000E1
:10CC3000C10000008F000000BF000000FE000000E7
:10CC4000FC000000CB00000071000000920000001A
:10CC5000EB000000F3000000D2000000AF00000075
:10CC60009B000000C3000000E2000000CF000000B5
:10CC7000AD000000A6000000BB000000E6000000C0
:10CC8000E4000000CF000000A7000000A8000000A2
:10CC9000BE000000ED000000EE000000C300000038
:10CCA000A5000000AE000000D0000000E50000007C
:10CCB000D0000000B4000000B5000000D700000064
:10CCC000E5000000D8000000B3000000BB00000039
:10CCD000CE000000DE000000D3000000BB0000001A
:10CCE000B9000000C2000000CE000000DA00000021
:10CCF000CE000000B9000000B6000000C400000033
:10CD0000D0000000D3000000C6000000BB000000FF
:10CD1000BE000000C9000000D1000000C7000000F4
:10CD2000BE000000BC000000C9000000D2000000EE
:10CD3000CD000000C3000000BB000000C2000000E6
:10CD4000D0000000D1000000C7000000C2000000B9
:10CD5000C2000000C5000000CB000000CE000000B3
:10CD6000C9000000C2000000C6000000CB000000A7
:10CD7000CD000000CA000000C4000000C200000096
:10CD8000C7000000CD000000CE000000C70000007A
:10CD9000C3000000C3000000C9000000CC00000078
:10CDA000CA000000C6000000C4000000C600000069
:10CDB000C8000000C8000000CA000000C700000052
:10CDC000C6000000C6000000C8000000CB00000044
:10CDD000C7000000C2000000C5000000CA0000003B
:10CDE000CC000000C8000000C5000000C600000024
:10CDF000C8000000C6000000CC000000C500000014
:10CE0000CC000000C7000000CA000000CA000000FB
:10CE1000C7000000C9000000C6000000C9000000F3
:10CE2000CA000000C5000000C6000000C4000000E9
:10CE3000BF000000C9000000C8000000CC000000D6
:10CE4000CA000000C6000000C7000000C9000000C2
:10CE5000C7000000C8000000C8000000C6000000B5
:10CE6000C9000000C7000000C9000000C6000000A3
:10CE7000C6000000C8000000C9000000C700000094
:10CE8000C6000000C6000000C6000000C700000089
:10CE9000C9000000C8000000C8000000C700000072
:10CEA000C7000000C9000000C7000000C700000064
:10CEB000C8000000C9000000CA000000CB0000004C
:10CEC000C8000000C8000000C5000000C700000046
:10CED000C9000000C6000000C6000000C600000037
:10CEE000C6000000C7000000C7000000C800000026
:10CEF000C5000000C7000000C8000000C900000015
:10CF0000C8000000C8000000C8000000C600000003
:10CF1000C7000000C9000000C8000000C6000000F3
:10CF2000C6000000C7000000C7000000C8000000E5
:10CF3000C9000000C7000000C7000000C9000000D1
:10CF4000C9000000C9000000C9000000C9000000BD
:10CF5000C9000000C9000000C8000000C5000000B2
:10CF6000C5000000C5000000C6000000C5000000AC
:10CF7000C5000000C7000000C8000000C800000095
:10CF8000C9000000C9000000CA000000C90000007C
:10CF9000C8000000CA000000C7000000C700000071
:10CFA000C6000000C6000000C6000000C40000006B
:10CFB000C6000000C5000000C6000000C700000059
:10CFC000C7000000C7000000C7000000C800000044
:10CFD000CA000000CA000000CA000000CA00000029
:10CFE000CA000000C8000000C9000000C90000001D
:10CFF000C8000000C8000000C7000000C700000013
:10D00000C7000000C7000000C8000000BF0000000B
:10D01000D0000000BA000000CC000000CC000000EE
:10D02000C7000000EC000000B60000000301000093
:10D03000D1000000B30000009B000000D2000000FF
:10D0400089000000E0000000850000007B00000077
:10D05000A1000000E200000086000000B90000000E
:10D06000ED000000E6000000D9000000BE00000056
:10D07000C0000000DC000000E4000000C30000006D
:10D08000B4000000E3000000D4000000C100000074
:10D09000BE000000DC000000A4000000D200000080
:10D0A000DD000000B2000000C6000000C00000006B
:10D0B000B1000000D8000000C4000000B50000006E
:10D0C000D0000000D4000000B8000000CF00000035
:10D0D000DD000000BD000000C9000000BB00000032
:10D0E000B4000000C9000000C5000000BD00000041
:10D0F000C0000000D0000000BE000000D100000011
:10D10000D4000000C5000000C1000000D1000000F4
:10D11000CE000000C1000000CA000000CF000000E7
:10D12000CD000000C4000000BF000000C9000000E6
:10D13000CE000000C7000000CA000000C8000000C8
:10D14000D0000000C9000000C4000000C4000000BE
:10D15000C4000000C8000000C3000000C7000000B9
:10D16000C8000000CB000000C7000000CB0000009A
:10D17000C9000000C1000000C7000000CA00000094
:10D18000CA000000C4000000CA000000C90000007E
:10D19000C8000000C9000000C8000000C80000006E
:10D1A000CD000000C9000000C9000000C60000005A
:10D1B000C8000000C7000000C6000000C600000054
:10D1C000C8000000C8000000C9000000C600000040
:10D1D000C7000000C9000000C7000000C90000002F
:10D1E000C7000000C8000000C7000000C700000022
:10D1F000C8000000C7000000C6000000C700000013
:10D20000C8000000C7000000C8000000C9000000FE
:10D21000C8000000C8000000C7000000C8000000EF
:10D22000C8000000C8000000C7000000C8000000DF
:10D23000C7000000C7000000C8000000C7000000D1
:10D24000C7000000C6000000C7000000C8000000C2
:10D25000C8000000C7000000C7000000C8000000B0
:10D26000C8000000C8000000C8000000C70000009F
:10D27000C8000000C8000000C1000000C500000098
:10D28000D5000000C6000000E9000000F400000026
:10D29000CF000000590000006D000000C200000037
:10D2A00074010000300100001F00000000000000B9
:10D2B000A70000008E010000900100003001000076
:10D2C0003D00000014000000BF0000001701000036
:10D2D000C3000000860000003800000024000000A9
:10D2E00054000000AA000000D8000000BC000000AC
:10D2F0008D000000A6000000340100009001000035
:10D3000090010000890100003F01000003010000BE
:10D31000050100002101000011010000A40000002F
:10D3200018000000000000000000000000000000E5
:10D330003600000056000000640000008A00000073
:10D34000BC000000F10000002E010000640100009C
:10D350008A0100008E0100007501000054010000E8
:10D3600034010000F9000000AF000000720000006E
:10D3700058000000630000007F000000A4000000CF
:10D38000BB000000C5000000AD00000086000000EA
:10D3900082000000A5000000CA000000D0000000CC
:10D3A000BD000000C1000000E50000000601000013
:10D3B0000B010000FD000000F6000000F700000077
:10D3C000F9000000F7000000E6000000C9000000BE
:10D3D000A0000000850000007E0000007C0000002E
:10D3E000770000006E0000006D000000810000006A
:10D3F000A7000000CD000000E4000000F6000000DF
:10D400001401000038010000480100003A0100004A
:10D410001A010000FD000000DD000000B90000005E
:10D42000940000007900000070000000730000000C
:10D430007E00000092000000B0000000CF0000005D
:10D44000E6000000F0000000F2000000EC00000028
:10D45000E0000000D0000000C2000000BE0000009C
:10D46000C0000000C2000000C4000000C7000000AF
:10D47000CB000000D0000000D1000000D10000006F
:10D48000CE000000C5000000BA000000B10000009E
:10D49000AE000000AE000000B3000000BB000000C2
:10D4A000C5000000D0000000DC000000E700000024
:10D4B000EF000000EE000000E3000000D4000000D8
:10D4C000C9000000C2000000BB000000B300000063
:10D4D000A9000000A3000000A2000000AB000000B3
:10D4E000BC000000C9000000D7000000DE00000002
:10D4F000BA00000003010000BE000000830000002D
:10D50000C5000000C7000000BF000000A900000027
:10D5100009010000780000002F0100008E010000CA
:10D520006400000002000000130000008E010000F3
:10D530008E01000052000000030000004B000000BC
:10D540008D010000900100002E0100004C00000041
:10D5500040000000DE000000FA000000670000004C
:10D560002A0000002F000000A00000009A00000028
:10D5700099000000AD000000AE000000CA000000ED
:10D580002C0100007B0100009001000090010000D0
:10D59000790100003F010000EF000000D200000010
:10D5A000DB000000D1000000370000000000000098
:10D5B00000000000000000002B0000007B000000C5
:10D5C000DE0000000A010000F9000000ED0000008C
:10D5D0000401000035010000500100003E01000080
:10D5E0003401000047010000550100002101000046
:10D5F000BA000000530000003000000044000000AA
:10D600007400000098000000B5000000D400000085
:10D61000E4000000E3000000C0000000AF000000D4
:10D62000C1000000D3000000D2000000CD000000C7
:10D63000D3000000E1000000EC000000E100000069
:10D64000D5000000D2000000D9000000DC0000007E
:10D65000D0000000B800000097000000710000003A
:10D660006B00000084000000A4000000B90000006E
:10D67000C4000000D8000000F40000000B0100000E
:10D6800010010000FD000000E9000000E9000000BA
:10D69000F6000000FA000000EB000000C9000000E6
:10D6A000AD0000009D0000008F000000840000001D
:10D6B0007F0000008A0000009E000000B100000012
:10D6C000BC000000C6000000DD000000F600000005
:10D6D0000701000004010000F3000000DF0000006B
:10D6E000D2000000C6000000BB000000B300000034
:10D6F000B3000000B9000000BD000000C40000003D
:10D70000CE000000D3000000CE000000C1000000E9
:10D71000B8000000B6000000B8000000B80000002B
:10D72000B6000000B9000000BF000000C400000007
:10D73000C9000000D0000000DF000000EB00000086
:10D74000F6000000F4000000ED000000DE00000024
:10D75000D8000000B9000000A700000098000000F9
:10D760008F0000008B00000098000000AB0000005C
:10D77000B6000000C5000000D3000000E400000077
:10D78000EE000000F2000000ED000000EA000000E2
:10D79000E4000000E3000000D7000000BF0000002C
:10D7A000B1000000A6000000A4000000A5000000D9
:10D7B000A8000000B3000000C5000000D200000077
:10D7C000DA000000DC000000D8000000D5000000F6
:10D7D000D1000000C9000000C1000000BC00000032
:10D7E000B8000000B7000000B7000000BE00000055
:10D7F000C8000000D6000000DE000000E0000000CD
:10D80000DD000000D9000000D2000000CB000000C5
:10D81000BF000000B7000000B2000000B000000030
:10D82000AF000000B1000000B8000000BF00000021
:10D83000C7000000D0000000D7000000DC0000009E
:10D84000DE000000DD000000DA000000D50000006E
:10D85000CE000000C8000000C4000000BF000000AF
:10D86000BB000000B7000000B5000000B6000000DB
:10D87000BB000000C3000000C8000000CE00000094
:10D88000D2000000D4000000D3000000D00000004F
:10D89000CC000000C8000000C3000000BF00000072
:10D8A000BD000000BE000000C2000000C600000075
:10D8B000C9000000CD000000CF000000D000000033
:10D8C000CF000000CD000000CC000000C800000028
:10D8D000C5000000C2000000BF000000BF00000043
:10D8E000BF000000C1000000C3000000C70000002E
:10D8F000CB000000CE000000CF000000CE000000F2
:10D90000CC000000CB000000CA000000CA000000EC
:10D91000C9000000C8000000C6000000C5000000EB
:10D92000C3000000C2000000C2000000C2000000EE
:10D93000C4000000C5000000C6000000C7000000D1
:10D94000C8000000CB000000CC000000CE000000AA
:10D95000CF000000CF000000CE000000CC0000008F
:10D96000C9000000C6000000C3000000C1000000A4
:10D97000C1000000C1000000C1000000C3000000A1
:10D98000C5000000C6000000C8000000CA0000007A
:10D99000CB000000CB000000CB000000CA0000005C
:10D9A000CA000000C9000000C8000000C700000055
:10D9B000C6000000C6000000C6000000C70000004E
:10D9C000C8000000C9000000CB000000CE0000002D
:10D9D000C6000000C6000000D8000000D60000000D
:10D9E000D0000000CF000000CA000000B600000018
:10D9F000FF00000011010000B3000000BA000000A9
:10DA0000A4000000AE000000DC000000C600000022
:10DA1000F0000000D7000000A7000000AC000000EC
:10DA2000C9000000D8000000C9000000BA000000D2
:10DA3000B5000000AD000000DF000000F2000000B3
:10DA4000CB000000E4000000C5000000D30000008F
:10DA5000C7000000EC000000D2000000B60000008B
:10DA6000D4000000CD000000BC000000BE0000009B
:10DA7000D1000000DE000000CC000000BD0000006E
:10DA8000C9000000D1000000CD000000D50000005A
:10DA9000CA000000B5000000C2000000C90000007C
:10DAA000B4000000C7000000D3000000CE0000005A
:10DAB000CB000000C0000000C4000000CC0000004B
:10DAC000CA000000CA000000CA000000C600000032
:10DAD000CA000000C4000000CB000000D500000018
:10DAE000CA000000D5000000CB000000C300000009
:10DAF000BD000000C9000000CA000000C200000014
:10DB0000C2000000C9000000CC000000C8000000F6
:10DB1000C9000000CA000000CC000000C5000000E1
:10DB2000C8000000C6000000C1000000C4000000E2
:10DB3000C9000000C7000000C5000000C5000000CB
:10DB4000D0000000CB000000C7000000CA000000A9
:10DB5000CC000000CB000000CB000000C70000009C
:10DB6000C9000000C8000000CA000000C200000098
:10DB7000C5000000C5000000C6000000C70000008E
:10DB8000C7000000C8000000C7000000C800000077
:10DB9000CA000000C8000000C9000000C900000061
:10DBA000C7000000C7000000C5000000C50000005D
:10DBB000C5000000C7000000C6000000C70000004C
:10DBC000C8000000CB000000CB000000CA0000002D
:10DBD000CA000000C9000000C7000000C700000024
:10DBE000C7000000C7000000C5000000C50000001D
:10DBF000C6000000C6000000C7000000C70000000B
:10DC0000C8000000C8000000CA000000C9000000F1
:10DC1000C9000000C9000000C9000000C8000000E1
:10DC2000C7000000C7000000C7000000C7000000D8
:10DC3000C6000000C6000000C6000000C7000000CB
:10DC4000C7000000CA000000C8000000C4000000B7
:10DC5000C6000000CA000000C7000000CB000000A2
:10DC6000C9000000C5000000C3000000C80000009B
:10DC7000CE000000C9000000C6000000CB0000007C
:10DC8000CF000000CA000000C7000000C400000070
:10DC9000C3000000C9000000CA000000C700000067
:10DCA000C5000000C4000000C7000000C90000005B
:10DCB000C7000000CA000000C8000000CA00000041
:10DCC000C6000000C9000000C7000000CA00000034
:10DCD000CA000000C5000000C8000000C900000024
:10DCE000C7000000C9000000C9000000C300000018
:10DCF000C1000000C7000000CA000000C70000000B
:10DD0000C4000000C4000000CA000000CC000000F5
:10DD1000C7000000CD000000C4000000CB000000E0
:10DD2000C6000000CE000000C3000000C5000000D7
:10DD3000CD000000C7000000CC000000CD000000B6
:10DD4000CE000000C3000000CC000000C3000000B3
:10DD5000CB000000CA000000C6000000C0000000A8
:10DD6000C4000000C6000000BD000000C0000000AC
:10DD7000C5000000CE000000CA000000C400000082
:10DD8000C4000000C1000000C6000000C800000080
:10DD9000CE000000CB000000C9000000C50000005C
:10DDA000C6000000C7000000C7000000C600000059
:10DDB000C6000000C5000000C6000000C80000004A
:10DDC000C4000000C6000000C7000000C900000039
:10DDD000C7000000C8000000C9000000C800000023
:10DDE000C8000000C7000000C8000000C800000014
:10DDF000C8000000C7000000C7000000C800000005
:10DE0000C7000000C8000000C7000000C7000000F5
:10DE1000C8000000C8000000C7000000C7000000E4
:10DE2000C8000000C7000000C8000000C7000000D4
:10DE3000C8000000C8000000C8000000C8000000C2
:10DE4000C8000000C7000000C7000000C7000000B5
:10DE5000C7000000C7000000C7000000C8000000A5
:10DE6000C8000000C7000000C8000000C800000093
:10DE7000C8000000C8000000C8000000C800000082
:10DE8000C8000000C8000000C7000000C400000077
:10DE9000C6000000C6000000C8000000C900000065
:10DEA000C8000000C9000000C8000000C700000052
:10DEB000C8000000C80000004F0000009E000000E5
:10DEC0008F010000F0000000000000002F000000A3
:10DED00090010000900100005C00000000000000C4
:10DEE0000D000000CA000000830100008101000055
:10DEF0006100000006000000770000003001000013
:10DF0000520100002C010000B60000004700000094
:10DF100067000000C90000002E010000A5000000FD
:10DF20009B0000006E000000F6000000EB00000007
:10DF300000010000A70000008B000000920000001C
:10DF400011010000920000001B0100005F000000B2
:10DF5000C1000000BA000000E5000000DC00000085
:10DF6000A0000000A1000000C3000000F2000000BB
:10DF7000E2000000E9000000C70000009A00000075
:10DF8000C4000000E5000000E1000000BE00000049
:10DF9000B9000000AA000000E3000000F400000047
:10DFA000DB000000BF0000008F000000A6000000A2
:10DFB0000F010000B7000000FE0000008900000013
:10DFC000AE000000C40000000D010000E3000000EE
:10DFD0008C000000A4000000A8000000E300000086
:10DFE000E4000000C4000000A3000000A70000003F
:10DFF000C4000000F2000000D4000000AE000000E9
:10E0000099000000CF000000F7000000F5000000BC
:10E01000C7000000A3000000B3000000D200000011
:10E02000EC000000CE000000AA000000BD000000CF
:10E03000D4000000E2000000D2000000B90000009F
:10E04000BF000000C9000000EB000000D900000084
:10E05000BF000000BE000000C4000000CB000000B4
:10E06000D9000000CE000000B8000000BC00000095
:10E07000C2000000D0000000D1000000C900000074
:10E08000B9000000BD000000CB000000D20000007D
:10E09000CA000000C3000000C1000000C80000006A
:10E0A000CE000000CC000000C2000000BF00000055
:10E0B000C3000000C8000000CE000000CB0000003C
:10E0C000C6000000C1000000C2000000C80000003F
:10E0D000CD000000CB000000C5000000C50000001E
:10E0E000C7000000CD000000CB000000C800000009
:10E0F000C6000000C7000000D0000000D0000000F3
:10E10000CB000000C7000000C4000000C7000000F2
:10E11000C9000000C8000000C5000000C0000000E9
:10E12000C2000000C5000000C6000000C7000000DB
:10E13000C6000000C5000000C8000000CA000000C2
:10E14000CB000000C9000000CA000000C9000000A8
:10E15000CC000000CB000000D0000000CA0000008E
:10E16000C8000000C6000000CA000000CA0000008D
:10E17000C7000000C4000000C3000000C30000008E
:10E18000C8000000C7000000C5000000C600000075
:10E19000C5000000C8000000C6000000C700000065
:10E1A000C5000000C3000000C8000000CB00000054
:10E1B000C8000000C9000000C9000000C500000040
:10E1C000C9000000CA000000CB000000C70000002A
:10E1D000C8000000CA000000C8000000C70000001E
:10E1E000C6000000C3000000C5000000C800000019
:10E1F000C9000000C6000000C8000000C700000001
:10E20000C8000000C8000000C8000000C9000000ED
:10E21000C7000000C6000000C7000000C7000000E3
:10E22000C6000000C5000000C6000000C8000000D5
:10E23000CB000000C9000000C7000000C8000000BB
:10E24000C9000000CA000000C8000000C9000000AA
:10E25000C7000000C5000000C8000000C8000000A2
:10E26000C9000000C6000000C8000000CA0000008D
:10E27000C7000000C8000000C8000000C700000080
:10E28000C6000000C8000000C9000000C600000071
:10E29000C6000000C7000000C7000000C700000063
:10E2A000CA000000C7000000C6000000C80000004F
:10E2B000C9000000C9000000C8000000C70000003D
:10E2C000C6000000C7000000C8000000C700000032
:10E2D000C7000000C6000000C7000000C800000022
:10E2E000C7000000C7000000C8000000C700000011
:10E2F000C7000000C7000000C8000000C700000001
:10E30000C8000000C8000000C9000000C9000000EB
:10E31000C7000000C8000000C8000000C7000000DF
:10E32000C8000000C7000000C7000000C7000000D0
:10E33000C8000000C7000000C8000000C8000000BE
:10E34000C8000000C8000000C7000000C8000000AE
:10E35000C8000000C8000000C7000000C70000009F
:10E36000C7000000C6000000C8000000C90000008F
:10E37000C8000000C8000000C9000000C80000007C
:10E38000C7000000CA000000B5000000C700000080
:10E39000DB0000007C00000046010000900100004E
:10E3A0001100000000000000A10000008D0100002D
:10E3B0008C0100000400000000000000B500000017
:10E3C000900100008E010000EA0000001200000031
:10E3D00030000000E5000000AD0000001900000062
:10E3E0002F000000A1000000A60000008D0000002A
:10E3F000BD000000A4000000C900000001010000F1
:10E400003E0100005F010000660100008F01000076
:10E410007E01000026010000CF000000C4000000C3
:10E42000C8000000830000000100000000000000A0
:10E43000000000000000000064000000D3000000A5
:10E440002101000003010000F700000002010000AC
:10E450004F0100004B010000420100001E010000BE
:10E460005D010000690100006A010000E500000094
:10E47000660000001D000000210000005E0000009A
:10E48000780000009D000000AF000000F3000000D5
:10E4900023010000E5000000D7000000B1000000EB
:10E4A000D3000000C6000000E9000000D00000001A
:10E4B000F2000000DA000000E2000000C9000000E5
:10E4C000CC000000B5000000B4000000C80000004F
:10E4D000D80000009A0000008200000066000000E2
:10E4E000780000009E000000BF000000D300000084
:10E4F000E8000000080100002B01000031010000CD
:10E50000F7000000EA000000BF000000F10000007A
:10E51000E4000000E2000000B50000009F000000E1
:10E520008C000000830000007F0000006F000000EE
:10E53000930000009E000000A2000000B300000055
:10E54000D0000000CA000000E6000000FD0000004E
:10E5500010010000FE00000001010000E1000000C9
:10E56000CF000000C3000000AF000000A3000000C7
:10E57000AC000000B5000000C0000000C7000000B3
:10E58000CB000000C9000000B40000009F000000A4
:10E5900096000000A2000000A4000000AC000000F3
:10E5A000C5000000CE000000E0000000F100000007
:10E5B000ED000000F200000000010000E600000095
:10E5C000D7000000CB000000BD000000B400000038
:10E5D000A2000000980000008C0000009A000000DB
:10E5E0009C000000B1000000C0000000E600000038
:10E5F000E2000000F0000000E6000000EA00000079
:10E60000D6000000DD000000B9000000BC000000E2
:10E61000BF000000B1000000B6000000B000000024
:10E62000BF000000BD000000CD000000C3000000DE
:10E63000CF000000CF000000D1000000D300000098
:10E64000C2000000C8000000B0000000B9000000D7
:10E65000A3000000AB000000A6000000BD00000009
:10E66000C5000000DA000000D8000000F000000043
:10E67000ED000000EF000000F4000000DB000000EF
:10E68000D1000000BC000000B2000000A1000000AA
:10E69000AD000000970000009F000000B0000000E7
:10E6A000C6000000C5000000DB000000D70000002D
:10E6B000DC000000E4000000D5000000D9000000EC
:10E6C000CA000000CA000000B6000000C000000040
:10E6D000B4000000BC000000B7000000C000000053
:10E6E000C7000000CE000000CB000000DB000000EF
:10E6F000D8000000CF000000D0000000C6000000DD
:10E70000D3000000C0000000CD000000B5000000F4
:10E71000BA000000B4000000BD000000BF0000000F
:10E72000C2000000CC000000D2000000D3000000B6
:10E73000D1000000D3000000CF000000CF00000097
:10E74000C6000000C7000000BB000000BC000000C5
:10E75000B1000000B9000000BC000000C5000000CE
:10E76000C4000000CE000000CF000000CB0000007D
:10E77000D6000000CB000000CB000000CC00000061
:10E78000C4000000C3000000BD000000C300000082
:10E79000C3000000C7000000C9000000CA0000005C
:10E7A000CB000000CC000000C4000000C40000004A
:10E7B000CC000000CD000000CE000000CB00000027
:10E7C000C8000000CA000000C7000000CC00000024
:10E7D000CB000000C7000000BE000000C000000029
:10E7E000C2000000C3000000C3000000C100000020
:10E7F000C9000000C6000000C5000000CD000000F8
:10E80000CF000000CC000000D2000000D2000000C9
:10E81000CD000000CB000000CC000000C5000000CF
:10E82000C5000000C2000000C6000000C3000000D8
:10E83000C0000000C6000000C7000000C5000000C6
:10E84000C6000000CB000000C6000000C8000000A9
:10E85000CA000000C8000000C5000000C60000009B
:10E86000C7000000CF000000CC000000C80000007E
:10E87000BA000000DB000000BD000000EF00000057
:10E88000CC00000099000000BB000000ED0000007B
:10E89000D9000000E7000000A6000000CA00000048
:10E8A000F9000000C4000000E1000000A800000022
:10E8B000A7000000E8000000BF000000C800000042
:10E8C000A4000000D0000000C80000008A00000082
:10E8D000D5000000C6000000B6000000B400000033
:10E8E000F0000000BC00000094000000E300000005
:10E8F000BB000000AC000000EA000000C000000007
:10E90000A6000000C7000000DE000000EA000000D2
:10E91000C0000000A9000000B3000000D300000008
:10E92000DF000000BC000000BF000000E9000000A4
:10E93000DC000000BF000000C6000000BD000000B9
:10E94000D1000000E6000000C0000000CF00000081
:10E95000C7000000C0000000CE000000C0000000A2
:10E96000B3000000C1000000C3000000C6000000AA
:10E97000BB000000CB000000C9000000D300000075
:10E98000C4000000C1000000CC000000CC0000006A
:10E99000C5000000C1000000C1000000CD00000063
:10E9A000C6000000D2000000C9000000D100000035
:10E9B000CD000000C9000000C6000000CD0000002E
:10E9C000C6000000C7000000C6000000C300000031
:10E9D000C3000000C6000000C8000000C70000001F
:10E9E000C5000000C8000000CB000000CA00000005
:10E9F000C4000000C5000000CC000000CD000000F5
:10EA0000C6000000C4000000C7000000C7000000EE
:10EA1000C7000000C8000000C9000000C7000000D7
:10EA2000CB000000CA000000C8000000C7000000C2
:10EA3000C9000000CA000000C6000000C5000000B8
:10EA4000C5000000C6000000C7000000C5000000AF
:10EA5000C5000000C6000000C8000000C80000009B
:10EA6000C9000000C9000000CB000000CB0000007E
:10EA7000C9000000C9000000C8000000C800000074
:10EA8000C7000000C5000000C6000000C60000006E
:10EA9000C6000000C8000000C7000000C800000059
:10EAA000C9000000C9000000C9000000C700000044
:10EAB000C8000000C9000000C7000000C600000038
:10EAC000C8000000C8000000C4000000D100000021
:10EAD000D0000000C3000000C6000000CF0000000E
:10EAE000C7000000CD000000CF000000C200000001
:10EAF000C3000000BF000000CD000000C400000003
:10EB0000C3000000C4000000C5000000CE000000EB
:10EB1000CA000000C8000000C8000000C4000000D7
:10EB2000C9000000C3000000C5000000CA000000CA
:10EB3000CA000000C7000000C2000000C6000000BC
:10EB4000CA000000CB000000C6000000C6000000A4
:10EB5000CA000000C7000000C7000000C700000096
:10EB6000C8000000C7000000C8000000C700000087
:10EB7000C6000000C6000000C8000000C900000078
:10EB8000C8000000C8000000CB000000C900000061
:10EB9000C8000000C6000000C8000000C700000058
:10EBA000C8000000C8000000C7000000C800000046
:10EBB000C7000000C9000000C8000000C600000037
:10EBC000C5000000C7000000C9000000C60000002A
:10EBD000C9000000C7000000C7000000C600000018
:10EBE000C7000000C8000000C7000000C700000008
:10EBF000C9000000C9000000C9000000C8000000F2
:10EC0000C9000000C8000000C8000000C7000000E4
:10EC1000C7000000C7000000C7000000C7000000D8
:10EC2000C6000000C6000000C7000000C7000000CA
:10EC3000C7000000C7000000C7000000C7000000B8
:10EC4000C8000000C7000000C8000000C8000000A5
:10EC5000C8000000C8000000C8000000C800000094
:10EC6000C8000000C8000000C8000000C700000085
:10EC7000C8000000C8000000C8000000C800000074
:10EC8000C7000000C7000000C7000000C700000068
:10EC9000C7000000C7000000C7000000C700000058
:10ECA000C8000000C7000000C8000000C800000045
:10ECB000C8000000C8000000C8000000C700000035
:10ECC000C8000000C7000000C7000000C700000027
:10ECD000C8000000C8000000C7000000C800000015
:10ECE000C8000000C7000000C8000000C800000005
:10ECF000C7000000C7000000C7000000C7000000F8
:10ED0000C7000000C7000000C7000000C7000000E7
:10ED1000C7000000C8000000C7000000C8000000D5
:10ED2000C8000000C8000000C8000000C8000000C3
:10ED3000C8000000C8000000C7000000C7000000B5
:10ED4000C7000000C7000000C7000000C7000000A7
:10ED5000CB000000D4000000EB000000D300000056
:10ED6000E0000000AD000000AE00000090010000D7
:10ED7000E70000000500000000000000390100006D
:10ED80007F010000290100000000000000000000D9
:10ED900019010000900100008F010000A000000098
:10EDA000220000007F00000018010000C7000000E2
:10EDB00007000000270000007E000000B7000000F0
:10EDC00090000000A50000009F000000BA000000B5
:10EDD000100100005E010000740100008D010000C0
:10EDE000900100005F01000000010000E30000004E
:10EDF000D2000000DC0000008100000000000000E4
:10EE0000000000000000000000000000640000009E
:10EE1000B7000000FC00000000010000E800000056
:10EE2000FA000000160100004B010000490100003B
:10EE3000370100003F0100005701000042010000BF
:10EE4000EC0000006D000000370000003C000000F6
:10EE5000600000008E000000A7000000CA00000053
:10EE6000E1000000E4000000D2000000B10000005A
:10EE7000B3000000CB000000DC000000CE0000006A
:10EE8000CC000000DD000000EC000000E900000004
:10EE9000D9000000D3000000D2000000DA0000001A
:10EEA000D6000000C4000000A40000007A000000AA
:10EEB000670000007700000099000000B300000028
:10EEC000C0000000D0000000E800000003010000C6
:10EED0001201000006010000F1000000E500000042
:10EEE000F1000000FA000000F5000000D70000006B
:10EEF000B7000000A4000000960000008900000098
:10EF00007F0000008400000096000000AB000000BD
:10EF1000B8000000C0000000D1000000EB000000BD
:10EF20000101000008010000FB000000E8000000F3
:10EF3000D7000000CA000000C0000000B7000000B9
:10EF4000B2000000B6000000BC000000C1000000DC
:10EF5000C9000000D2000000D0000000C600000080
:10EF6000BA000000B6000000B7000000B8000000C2
:10EF7000B6000000B7000000BC000000C2000000A6
:10EF8000C6000000CD000000D8000000E500000031
:10EF9000FC000000F3000000E8000000E5000000B5
:10EFA000DE000000C8000000AD000000A30000006B
:10EFB000960000008B00000092000000A4000000FA
:10EFC000B1000000C1000000D2000000E00000001D
:10EFD000EA000000EA000000EF000000EB00000083
:10EFE000E4000000E7000000DB000000C8000000B3
:10EFF000B8000000A9000000A4000000A500000067
:10F00000A7000000AF000000BD000000CD00000020
:10F01000D6000000DD000000DB000000D60000008C
:10F02000D3000000CC000000C5000000BE000000BE
:10F03000BA000000B6000000B7000000BB000000EE
:10F04000C4000000D1000000DB000000DE00000072
:10F05000DF000000DC000000D6000000CE00000051
:10F06000C4000000BB000000B6000000B2000000B9
:10F07000B0000000AF000000B5000000BC000000C0
:10F08000C4000000CC000000D4000000DA00000042
:10F09000DC000000DD000000DC000000D700000004
:10F0A000D2000000CA000000C6000000C10000003D
:10F0B000BD000000B9000000B5000000B500000070
:10F0C000B9000000C0000000C6000000CC00000035
:10F0D000D1000000D4000000D4000000D2000000E5
:10F0E000CF000000CB000000C5000000C000000001
:10F0F000BE000000BE000000C0000000C50000000F
:10F10000C8000000CC000000CF000000D0000000CC
:10F11000D0000000CE000000CC000000C9000000BC
:10F12000C7000000C3000000C0000000BE000000D7
:10F13000BF000000C0000000C3000000C5000000C8
:10F14000C9000000CC000000CF000000CF0000008C
:10F15000CD000000CC000000CA000000CA00000082
:10F16000C9000000C8000000C7000000C500000082
:10F17000C4000000C2000000C1000000C200000086
:10F18000C3000000C4000000C6000000C70000006B
:10F19000C8000000CA000000CB000000CD00000045
:10F1A000CF000000CF000000CE000000CD00000026
:10F1B000CB000000C7000000C4000000C200000037
:10F1C000C1000000C1000000C1000000C300000039
:10F1D000C4000000C6000000C8000000C900000014
:10F1E000CA000000CC000000CB000000CB000000F3
:10F1F000CA000000C9000000C8000000C7000000ED
:10F20000C7000000C6000000C6000000C7000000E4
:10F21000C8000000C9000000CA000000C7000000CC
:10F22000CE000000CA000000C40000000B00000077
:10F23000830100008F010000770000000100000042
:10F240002B0000008E0100008D0100006000000016
:10F250000100000000000000980000008A0100008A
:10F260008E0100007600000004000000680000002D
:10F270006E0100009001000014010000C7000000B2
:10F280001F000000A00000000D0100001E01000092
:10F290006E00000085000000A6000000A400000031
:10F2A000EC00000028010000DF0000006B000000FF
:10F2B00098000000F1000000B2000000C90000004A
:10F2C000930000008A00000080000000060100009A
:10F2D000B4000000BB00000067000000B5000000A3
:10F2E00012010000DC000000DC000000BB00000098
:10F2F000BA000000F100000008010000CD0000008D
:10F30000B5000000A1000000B4000000E80000000B
:10F31000F3000000DB000000C70000009B000000BD
:10F32000BD000000EC000000EE000000E400000062
:10F330009A0000009D000000C00000000B010000CA
:10F34000E1000000B100000095000000BB000000DB
:10F35000D6000000E3000000BF0000009D00000098
:10F36000A5000000D7000000E3000000CC00000072
:10F37000AC000000AF000000B5000000E400000099
:10F38000FB000000D1000000A2000000AE00000061
:10F39000D4000000E9000000D6000000B800000022
:10F3A000AD000000C9000000E0000000DC0000002B
:10F3B000BE000000B1000000CB000000DF00000034
:10F3C000D7000000C7000000B7000000BC0000002C
:10F3D000CC000000DB000000D0000000BF000000F7
:10F3E000B8000000C2000000CF000000D100000003
:10F3F000CF000000BE000000BB000000C9000000FC
:10F40000D0000000CA000000BF000000BD000000E6
:10F41000C8000000D1000000CE000000C4000000C1
:10F42000BC000000C2000000CC000000CE000000C4
:10F43000CC000000C4000000C2000000C3000000B7
:10F44000CB000000CF000000C9000000C500000094
:10F45000C5000000CA000000CD000000CC00000084
:10F46000C5000000C3000000C6000000CC00000082
:10F47000CE000000CA000000C5000000C20000006D
:10F48000C5000000CB000000CB000000C800000059
:10F49000C4000000C5000000C7000000C900000053
:10F4A000C8000000C9000000C5000000C600000040
:10F4B000C8000000C8000000CA000000C60000002C
:10F4C000C5000000C9000000CA000000CA0000001A
:10F4D000C5000000C5000000C6000000C600000016
:10F4E000CA000000CB000000C5000000C9000000F9
:10F4F000D3000000CB000000C6000000C6000000E2
:10F50000C8000000C3000000C6000000C9000000E1
:10F51000C7000000C5000000C8000000C7000000D0
:10F52000CC000000C9000000CB000000C8000000B3
:10F53000C4000000C7000000C8000000CA000000AE
:10F54000C9000000C9000000C7000000CA00000098
:10F55000C7000000C5000000C7000000C800000090
:10F56000C9000000CA000000C6000000C70000007B
:10F57000C7000000C7000000C7000000C80000006E
:10F58000C7000000C5000000C7000000C90000005F
:10F59000C8000000C8000000C8000000C80000004B
:10F5A000CA000000CC000000C9000000C800000034
:10F5B000C6000000C6000000C7000000C800000030
:10F5C000C8000000C7000000C7000000C90000001C
:10F5D000C9000000C7000000C5000000C600000010
:10F5E000C9000000C8000000C8000000C7000000FB
:10F5F000C7000000C6000000CA000000C9000000EB
:10F60000C7000000C8000000C7000000C7000000DD
:10F61000C8000000C8000000C8000000C7000000CB
:10F62000C8000000C8000000C9000000C9000000B8
:10F63000C9000000C7000000C9000000C8000000A9
:10F64000C8000000C7000000C6000000C60000009F
:10F65000C5000000C5000000C5000000C600000095
:10F66000C7000000C8000000C9000000CA00000078
:10F67000CB000000C8000000C9000000C900000065
:10F68000C8000000C8000000C7000000C50000005E
:10F69000C5000000C6000000C7000000C400000054
:10F6A000C6000000C6000000C7000000C700000040
:10F6B000C8000000C9000000C8000000C900000028
:10F6C000CA000000CA000000CA000000C900000013
:10F6D000CA000000C9000000C8000000C800000007
:10F6E000C7000000C7000000C6000000C7000000FF
:10F6F000C7000000C6000000CA000000C9000000EA
:10F70000B2000000C2000000B6000000EA000000E5
:10F71000B2000000BF00000001010000E400000092
:10F72000A5000000F6000000CC0000009D000000D5
:10F73000F7000000B5000000A7000000CF000000A7
:10F74000CC000000DF000000CA000000D300000071
:10F75000D6000000D300000098000000C5000000A3
:10F7600016010000C30000009B000000D400000050
:10F77000E7000000CA000000BD000000C600000055
:10F78000B9000000D7000000BF000000DE0000004C
:10F79000C3000000D3000000C4000000D20000003D
:10F7A000C8000000B7000000D6000000D90000002B
:10F7B000BC000000CC000000CB000000CD00000029
:10F7C000CE000000C5000000BC000000D200000018
:10F7D000D2000000CB000000BF000000C400000009
:10F7E000C9000000CD000000D3000000C5000000EB
:10F7F000C5000000C2000000DF000000C2000000E1
:10F80000BA000000C9000000C8000000C8000000E5
:10F81000C3000000CC000000C8000000D0000000C1
:10F82000C8000000C0000000C3000000D2000000BB
:10F83000BB000000C4000000C0000000CF000000BA
:10F84000C7000000BE000000C0000000C5000000AE
:10F85000C5000000D3000000C9000000C700000080
:10F86000C6000000CA000000D2000000C500000071
:10F87000C6000000C8000000C7000000C80000006B
:10F88000C7000000C7000000C9000000C900000058
:10F89000C6000000C7000000C9000000C80000004A
:10F8A000C6000000C6000000C7000000C80000003D
:10F8B000C9000000C6000000C5000000C80000002C
:10F8C000C9000000C9000000C8000000C700000017
:10F8D000C7000000C7000000C8000000C70000000B
:10F8E000C7000000C8000000C8000000C8000000F9
:10F8F000C7000000C8000000C8000000C8000000E9
:10F90000C7000000C7000000C8000000C8000000D9
:10F91000C8000000C7000000C8000000C7000000C9
:10F92000C7000000C7000000C7000000C7000000BB
:10F93000C7000000C8000000C8000000C7000000A9
:10F94000C8000000C8000000C8000000C800000097
:10F95000C8000000C8000000C7000000C700000089
:10F96000C0000000C3000000CC000000C600000082
:10F97000C8000000E5000000FF0000007300000068
:10F980006A00000072000000550100006F010000D5
:10F990005000000000000000630000005F01000054
:10F9A0009001000089010000770000000B000000BA
:10F9B0008600000014010000E00000009F0000002D
:10F9C000490000001B0000004800000094000000F7
:10F9D000DA000000CB00000092000000920000005E
:10F9E000090100008A0100008F0100009001000061
:10F9F0005A01000012010000000100001C0100007B
:10FA00001A010000C90000003A00000000000000D8
:10FA1000000000000000000026000000520000006E
:10FA20005B0000007E000000AA000000E40000006F
:10FA30002101000051010000830100008E0100003F
:10FA40007D010000600100003D0100000D0100008B
:10FA5000C50000007F0000005C0000005C000000AA
:10FA60007600000097000000B8000000C60000000B
:10FA7000B60000008E0000007E0000009A0000002A
:10FA8000C3000000D2000000C2000000BE00000061
:10FA9000DC000000010100000C0100000201000078
:10FAA000F7000000FA000000FB000000F800000072
:10FAB000EB000000D1000000AC0000008D00000051
:10FAC0007E0000007B0000007A0000007000000053
:10FAD0006B0000007A0000009C000000C3000000E2
:10FAE000DD000000F10000000B0100002E0100000D
:10FAF0004701000040010000230100000401000054
:10FB0000E6000000C30000009E000000800000002E
:10FB10007200000071000000790000008B000000FE
:10FB2000A7000000C7000000E1000000EE00000098
:10FB3000F1000000EE000000E4000000D40000002E
:10FB4000C5000000BD000000BF000000C1000000B3
:10FB5000C3000000C6000000CA000000CF00000083
:10FB6000D0000000D0000000CF000000C80000005E
:10FB7000BD000000B3000000AF000000AE000000B8
:10FB8000B2000000B8000000C2000000CD0000007C
:10FB9000D9000000E4000000ED000000F0000000CB
:10FBA000E8000000D9000000CB000000C300000006
:10FBB000BD000000B5000000AC000000A400000083
:10FBC000A2000000A8000000B7000000C400000070
:10FBD000D3000000D1000000E7000000ED000000AD
:10FBE000E2000000C7000000C7000000C7000000DE
:10FBF000C8000000C8000000C8000000C8000000E5
:10FC0000C8000000C8000000C8000000C8000000D4
:10FC1000C8000000C8000000C8000000C8000000C4
:10FC2000C80000000000000000000000000000000C
:10FC300000000000000000000000000000000000C4
:10FC400000000000000000000000000000000000B4
:10FC500000000000000000000100000001000000A2
:10FC60000100000001000000010000000100000090
:10FC70000100000001000000010000000100000080
:10FC8000010000000100000002000000020000006E
:10FC9000020000000200000002000000020000005C
:10FCA000020000000200000002000000020000004C
:10FCB000020000000200000002000000030000003B
:10FCC0000300000003000000030000000300000028
:10FCD0000300000003000000030000000300000018
:10FCE0000300000003000000030000000400000007
:10FCF00004000000040000000400000004000000F4
:10FD000004000000040000000400000004000000E3
:10FD100004000000040000000400000004000000D3
:10FD200005000000050000000500000005000000BF
:10FD300005000000050000000500000005000000AF
:10FD4000050000000500000005000000050000009F
:10FD5000060000000600000006000000060000008B
:10FD6000060000000600000006000000060000007B
:10FD7000060000000600000006000000060000006B
:10FD80000600000007000000070000000700000058
:10FD90000700000007000000070000000700000047
:10FDA0000700000007000000070000000700000037
:10FDB0000700000008000000080000000800000024
:10FDC0000800000008000000080000000800000013
:10FDD0000800000008000000080000000800000003
:10FDE00008000000080000000900000009000000F1
:10FDF00009000000090000000900000009000000DF
:10FE000009000000090000000900000009000000CE
:10FE100009000000090000000A0000000A000000BC
:10FE20000A0000000A0000000A0000000A000000AA
:10FE30000A0000000A0000000A0000000A0000009A
:10FE40000A0000000A0000000A0000000B00000089
:10FE50000B0000000B0000000B0000000B00000076
:10FE60000B0000000B0000000B0000000B00000066
:10FE70000B0000000B0000000B0000000C00000055
:10FE80000C0000000C0000000C0000000C00000042
:10FE90000C0000000C0000000C0000000C00000032
:10FEA0000C0000000C0000000C0000000C00000022
:10FEB0000D0000000D0000000D0000000D0000000E
:10FEC0000D0000000D0000000D0000000D000000FE
:10FED0000D0000000D0000000D0000000D000000EE
:10FEE0000E0000000E0000000E0000000E000000DA
:10FEF0000E0000000E0000000E0000000E000000CA
:10FF00000E0000000E0000000E0000000E000000B9
:10FF10000E0000000F0000000F0000000F000000A6
:10FF20000F0000000F0000000F0000000F00000095
:10FF30000F0000000F0000000F0000000F00000085
:10FF40000F00000010000000100000001000000072
:10FF50001000000010000000100000001000000061
:10FF60001000000010000000100000001000000051
:10FF7000100000001000000011000000110000003F
:10FF8000110000001100000011000000110000002D
:10FF9000110000001100000011000000110000001D
:10FFA000110000001100000012000000120000000B
:10FFB00012000000120000001200000012000000F9
:10FFC00012000000120000001200000012000000E9
:10FFD00012000000120000001200000013000000D8
:10FFE00013000000130000001300000013000000C5
:10FFF00013000000130000001300000013000000B5
:020000040802F0
:1000000013000000130000001300000014000000A3
:100010001400000014000000140000001400000090
:100020001400000014000000140000001400000080
:100030001400000014000000140000001400000070
:10004000150000001500000015000000150000005C
:10005000150000001500000015000000150000004C
:10006000150000001500000015000000150000003C
:100070001600000016000000160000001600000028
:100080001600000016000000160000001600000018
:100090001600000016000000160000001600000008
:1000A00016000000170000001700000017000000F5
:1000B00017000000170000001700000017000000E4
:1000C00017000000170000001700000017000000D4
:1000D00017000000180000001800000018000000C1
:1000E00018000000180000001800000018000000B0
:1000F00018000000180000001800000018000000A0
:10010000180000001800000019000000190000008D
:10011000190000001900000019000000190000007B
:10012000190000001900000019000000190000006B
:1001300019000000190000001A0000001A00000059
:100140001A0000001A0000001A0000001A00000047
:100150001A0000001A0000001A0000001A00000037
:100160001A0000001A0000001A0000001B00000026
:100170001B0000001B0000001B0000001B00000013
:100180001B0000001B0000001B0000001B00000003
:100190001B0000001B0000001B0000001C000000F2
:1001A0001C0000001C0000001C0000001C000000DF
:1001B0001C0000001C0000001C0000001C000000CF
:1001C0001C0000001C0000001C0000001C000000BF
:1001D0001D0000001D0000001D0000001D000000AB
:1001E0001D0000001D0000001D0000001D0000009B
:1001F0001D0000001D0000001D0000001D0000008B
:100200001E0000001E0000001E0000001E00000076
:100210001E0000001E0000001E0000001E00000066
:100220001E0000001E0000001E0000001E00000056
:100230001E0000001F0000001F0000001F00000043
:100240001F0000001F0000001F0000001F00000032
:100250001F0000001F0000001F0000001F00000022
:100260001F0000002000000020000000200000000F
:1002700020000000200000002000000020000000FE
:1002800020000000200000002000000020000000EE
:1002900020000000200000002100000021000000DC
:1002A00021000000210000002100000021000000CA
:1002B00021000000210000002100000021000000BA
:1002C00021000000210000002200000022000000A8
:1002D0002200000022000000220000002200000096
:1002E0002200000022000000220000002200000086
:1002F0002200000022000000220000002300000075
:100300002300000023000000230000002300000061
:100310002300000023000000230000002300000051
:100320002300000023000000230000002400000040
:10033000240000002400000024000000240000002D
:10034000240000002400000024000000240000001D
:10035000240000002400000024000000240000000D
:1003600025000000250000002500000025000000F9
:1003700025000000250000002500000025000000E9
:1003800025000000250000002500000025000000D9
:1003900026000000260000002600000026000000C5
:1003A00026000000260000002600000026000000B5
:1003B00026000000260000002600000026000000A5
:1003C0002600000027000000270000002700000092
:1003D0002700000027000000270000002700000081
:1003E0002700000027000000270000002700000071
:1003F000270000002800000028000000280000005E
:10040000280000002800000028000000280000004C
:10041000280000002800000028000000280000003C
:10042000280000002800000029000000290000002A
:100430002900000029000000290000002900000018
:100440002900000029000000290000002900000008
:1004500029000000290000002A0000002A000000F6
:100460002A0000002A0000002A0000002A000000E4
:100470002A0000002A0000002A0000002A000000D4
:100480002A0000002A0000002A0000002B000000C3
:100490002B0000002B0000002B0000002B000000B0
:1004A0002B0000002B0000002B0000002B000000A0
:1004B0002B0000002B0000002B0000002C0000008F
:1004C0002C0000002C0000002C0000002C0000007C
:1004D0002C0000002C0000002C0000002C0000006C
:1004E0002C0000002C0000002C0000002C0000005C
:1004F0002D0000002D0000002D0000002D00000048
:100500002D0000002D0000002D0000002D00000037
:100510002D0000002D0000002D0000002D00000027
:100520002E0000002E0000002E0000002E00000013
:100530002E0000002E0000002E0000002E00000003
:100540002E0000002E0000002E0000002E000000F3
:100550002E0000002F0000002F0000002F000000E0
:100560002F0000002F0000002F0000002F000000CF
:100570002F0000002F0000002F0000002F000000BF
:100580002F000000300000003000000030000000AC
:10059000300000003000000030000000300000009B
:1005A000300000003000000030000000300000008B
:1005B0003000000030000000310000003100000079
:1005C0003100000031000000310000003100000067
:1005D0003100000031000000310000003100000057
:1005E0003100000031000000320000003200000045
:1005F0003200000032000000320000003200000033
:100600003200000032000000320000003200000022
:100610003200000032000000320000003300000011
:1006200033000000330000003300000033000000FE
:1006300033000000330000003300000033000000EE
:1006400033000000330000003300000034000000DD
:1006500034000000340000003400000034000000CA
:1006600034000000340000003400000034000000BA
:1006700034000000340000003400000034000000AA
:100680003500000035000000350000003500000096
:100690003500000035000000350000003500000086
:1006A0003500000035000000350000003500000076
:1006B0003600000036000000360000003600000062
:1006C0003600000036000000360000003600000052
:1006D0003600000036000000360000003600000042
:1006E000360000003700000037000000370000002F
:1006F000370000003700000037000000370000001E
:10070000370000003700000037000000370000000D
:1007100037000000380000003800000038000000FA
:1007200038000000380000003800000038000000E9
:1007300038000000380000003800000038000000D9
:1007400038000000380000003900000039000000C7
:1007500039000000390000003900000039000000B5
:1007600039000000390000003900000039000000A5
:1007700039000000390000003A0000003A00000093
:100780003A0000003A0000003A0000003A00000081
:100790003A0000003A0000003A0000003A00000071
:1007A0003A0000003A0000003A0000003B00000060
:1007B0003B0000003B0000003B0000003B0000004D
:1007C0003B0000003B0000003B0000003B0000003D
:1007D0003B0000003B0000003B0000003C0000002C
:1007E0003C0000003C0000003C0000003C00000019
:1007F0003C0000003C0000003C0000003C00000009
:100800003C0000003C0000003C0000003C000000F8
:100810003D0000003D0000003D0000003D000000E4
:100820003D0000003D0000003D0000003D000000D4
:100830003D0000003D0000003D0000003D000000C4
:100840003E0000003E0000003E0000003E000000B0
:100850003E0000003E0000003E0000003E000000A0
:100860003E0000003E0000003E0000003E00000090
:100870003E0000003F0000003F0000003F0000007D
:100880003F0000003F0000003F0000003F0000006C
:100890003F0000003F0000003F0000003F0000005C
:1008A0003F00000040000000400000004000000049
:1008B0004000000040000000400000004000000038
:1008C0004000000040000000400000004000000028
:1008D0004000000040000000410000004100000016
:1008E0004100000041000000410000004100000004
:1008F00041000000410000004100000041000000F4
:1009000041000000410000004200000042000000E1
:1009100042000000420000004200000042000000CF
:1009200042000000420000004200000042000000BF
:1009300042000000420000004200000043000000AE
:10094000430000004300000043000000430000009B
:10095000430000004300000043000000430000008B
:10096000430000004300000043000000440000007A
:100970004400000044000000440000004400000067
:100980004400000044000000440000004400000057
:100990004400000044000000440000004400000047
:1009A0004500000045000000450000004500000033
:1009B0004500000045000000450000004500000023
:1009C0004500000045000000450000004500000013
:1009D00046000000460000004600000046000000FF
:1009E00046000000460000004600000046000000EF
:1009F00046000000460000004600000046000000DF
:100A000046000000470000004700000047000000CB
:100A100047000000470000004700000047000000BA
:100A200047000000470000004700000047000000AA
:100A30004700000048000000480000004800000097
:100A40004800000048000000480000004800000086
:100A50004800000048000000480000004800000076
:100A60004800000048000000490000004900000064
:100A70004900000049000000490000004900000052
:100A80004900000049000000490000004900000042
:100A900049000000490000004A0000004A00000030
:100AA0004A0000004A0000004A0000004A0000001E
:100AB0004A0000004A0000004A0000004A0000000E
:100AC0004A0000004A0000004A0000004B000000FD
:100AD0004B0000004B0000004B0000004B000000EA
:100AE0004B0000004B0000004B0000004B000000DA
:100AF0004B0000004B0000004B0000004C000000C9
:100B00004C0000004C0000004C0000004C000000B5
:100B10004C0000004C0000004C0000004C000000A5
:100B20004C0000004C0000004C0000004C00000095
:100B30004D0000004D0000004D0000004D00000081
:100B40004D0000004D0000004D0000004D00000071
:100B50004D0000004D0000004D0000004D00000061
:100B60004E0000004E0000004E0000004E0000004D
:100B70004E0000004E0000004E0000004E0000003D
:100B80004E0000004E0000004E0000004E0000002D
:100B90004E0000004F0000004F0000004F0000001A
:100BA0004F0000004F0000004F0000004F00000009
:100BB0004F0000004F0000004F0000004F000000F9
:100BC0004F000000500000005000000050000000E6
:100BD00050000000500000005000000050000000D5
:100BE00050000000500000005000000050000000C5
:100BF00050000000500000005100000051000000B3
:100C000051000000510000005100000051000000A0
:100C10005100000051000000510000005100000090
:100C2000510000005100000052000000520000007E
:100C3000520000005200000052000000520000006C
:100C4000520000005200000052000000520000005C
:100C5000520000005200000052000000530000004B
:100C60005300000053000000530000005300000038
:100C70005300000053000000530000005300000028
:100C80005300000053000000530000005400000017
:100C90005400000054000000540000005400000004
:100CA00054000000540000005400000054000000F4
:100CB00054000000540000005400000054000000E4
:100CC00055000000550000005500000055000000D0
:100CD00055000000550000005500000055000000C0
:100CE00055000000550000005500000055000000B0
:100CF000560000005600000056000000560000009C
:100D0000560000005600000056000000560000008B
:100D1000560000005600000056000000560000007B
:100D20005600000057000000570000005700000068
:100D30005700000057000000570000005700000057
:100D40005700000057000000570000005700000047
:100D50005700000058000000580000005800000034
:100D60005800000058000000580000005800000023
:100D70005800000058000000580000005800000013
:100D80005800000058000000590000005900000001
:100D900059000000590000005900000059000000EF
:100DA00059000000590000005900000059000000DF
:100DB00059000000590000005A0000005A000000CD
:100DC0005A0000005A0000005A0000005A000000BB
:100DD0005A0000005A0000005A0000005A000000AB
:100DE0005A0000005A0000005A0000005B0000009A
:100DF0005B0000005B0000005B0000005B00000087
:100E00005B0000005B0000005B0000005B00000076
:100E10005B0000005B0000005B0000005C00000065
:100E20005C0000005C0000005C0000005C00000052
:100E30005C0000005C0000005C0000005C00000042
:100E40005C0000005C0000005C0000005C00000032
:100E50005D0000005D0000005D0000005D0000001E
:100E60005D0000005D0000005D0000005D0000000E
:100E70005D0000005D0000005D0000005D000000FE
:100E80005E0000005E0000005E0000005E000000EA
:100E90005E0000005E0000005E0000005E000000DA
:100EA0005E0000005E0000005E0000005E000000CA
:100EB0005E0000005F0000005F0000005F000000B7
:100EC0005F0000005F0000005F0000005F000000A6
:100ED0005F0000005F0000005F0000005F00000096
:100EE0005F00000060000000600000006000000083
:100EF0006000000060000000600000006000000072
:100F00006000000060000000600000006000000061
:100F1000600000006000000061000000610000004F
:100F2000610000006100000061000000610000003D
:100F3000610000006100000061000000610000002D
:100F4000610000006100000062000000620000001B
:100F50006200000062000000620000006200000009
:100F600062000000620000006200000062000000F9
:100F700062000000620000006200000063000000E8
:100F800063000000630000006300000063000000D5
:100F900063000000630000006300000063000000C5
:100FA00063000000630000006300000064000000B4
:100FB00064000000640000006400000064000000A1
:100FC0006400000064000000640000006400000091
:100FD0006400000064000000640000006400000081
:100FE000650000006500000065000000650000006D
:100FF000650000006500000065000000650000005D
:10100000650000006500000065000000650000004C
:101010006600000066000000660000006600000038
:101020006600000066000000660000006600000028
:101030006600000066000000660000006600000018
:101040006600000067000000670000006700000005
:1010500067000000670000006700000067000000F4
:1010600067000000670000006700000067000000E4
:1010700067000000680000006800000068000000D1
:1010800068000000680000006800000068000000C0
:1010900068000000680000006800000068000000B0
:1010A000680000006800000069000000690000009E
:1010B000690000006900000069000000690000008C
:1010C000690000006900000069000000690000007C
:1010D00069000000690000006A0000006A0000006A
:1010E0006A0000006A0000006A0000006A00000058
:1010F0006A0000006A0000006A0000006A00000048
:101100006A0000006A0000006A0000006B00000036
:101110006B0000006B0000006B0000006B00000023
:101120006B0000006B0000006B0000006B00000013
:101130006B0000006B0000006B0000006C00000002
:101140006C0000006C0000006C0000006C000000EF
:101150006C0000006C0000006C0000006C000000DF
:101160006C0000006C0000006C0000006C000000CF
:101170006D0000006D0000006D0000006D000000BB
:101180006D0000006D0000006D0000006D000000AB
:101190006D0000006D0000006D0000006D0000009B
:1011A0006E0000006E0000006E0000006E00000087
:1011B0006E0000006E0000006E0000006E00000077
:1011C0006E0000006E0000006E0000006E00000067
:1011D0006E0000006F0000006F0000006F00000054
:1011E0006F0000006F0000006F0000006F00000043
:1011F0006F0000006F0000006F0000006F00000033
:101200006F0000007000000070000000700000001F
:10121000700000007000000070000000700000000E
:1012200070000000700000007000000070000000FE
:1012300070000000700000007100000071000000EC
:1012400071000000710000007100000071000000DA
:1012500071000000710000007100000071000000CA
:1012600071000000710000007200000072000000B8
:1012700072000000720000007200000072000000A6
:101280007200000072000000720000007200000096
:101290007200000072000000720000007300000085
:1012A0007300000073000000730000007300000072
:1012B0007300000073000000730000007300000062
:1012C0007300000073000000730000007400000051
:1012D000740000007400000074000000740000003E
:1012E000740000007400000074000000740000002E
:1012F000740000007400000074000000740000001E
:101300007500000075000000750000007500000009
:1013100075000000750000007500000075000000F9
:1013200075000000750000007500000075000000E9
:1013300076000000760000007600000076000000D5
:1013400076000000760000007600000076000000C5
:1013500076000000760000007600000076000000B5
:1013600076000000770000007700000077000000A2
:101370007700000077000000770000007700000091
:101380007700000077000000770000007700000081
:10139000770000007800000078000000780000006E
:1013A000780000007800000078000000780000005D
:1013B000780000007800000078000000780000004D
:1013C000780000007800000079000000790000003B
:1013D0007900000079000000790000007900000029
:1013E0007900000079000000790000007900000019
:1013F00079000000790000007A0000007A00000007
:101400007A0000007A0000007A0000007A000000F4
:101410007A0000007A0000007A0000007A000000E4
:101420007A0000007A0000007A0000007B000000D3
:101430007B0000007B0000007B0000007B000000C0
:101440007B0000007B0000007B0000007B000000B0
:101450007B0000007B0000007B0000007C0000009F
:101460007C0000007C0000007C0000007C0000008C
:101470007C0000007C0000007C0000007C0000007C
:101480007C0000007C0000007C0000007C0000006C
:101490007D0000007D0000007D0000007D00000058
:1014A0007D0000007D0000007D0000007D00000048
:1014B0007D0000007D0000007D0000007D00000038
:1014C0007E0000007E0000007E0000007E00000024
:1014D0007E0000007E0000007E0000007E00000014
:1014E0007E0000007E0000007E0000007E00000004
:1014F0007E0000007F0000007F0000007F000000F1
:101500007F0000007F0000007F0000007F000000DF
:101510007F0000007F0000007F0000007F000000CF
:101520007F000000800000008000000080000000BC
:1015300080000000800000008000000080000000AB
:10154000800000008000000080000000800000009B
:101550008000000080000000810000008100000089
:101560008100000081000000810000008100000077
:101570008100000081000000810000008100000067
:101580008100000081000000820000008200000055
:101590008200000082000000820000008200000043
:1015A0008200000082000000820000008200000033
:1015B0008200000082000000820000008300000022
:1015C000830000008300000083000000830000000F
:1015D00083000000830000008300000083000000FF
:1015E00083000000830000008300000084000000EE
:1015F00084000000840000008400000084000000DB
:1016000084000000840000008400000084000000CA
:1016100084000000840000008400000084000000BA
:1016200085000000850000008500000085000000A6
:101630008500000085000000850000008500000096
:101640008500000085000000850000008500000086
:101650008600000086000000860000008600000072
:101660008600000086000000860000008600000062
:101670008600000086000000860000008600000052
:10168000860000008700000087000000870000003F
:10169000870000008700000087000000870000002E
:1016A000870000008700000087000000870000001E
:1016B000870000008800000088000000880000000B
:1016C00088000000880000008800000088000000FA
:1016D00088000000880000008800000088000000EA
:1016E00088000000880000008900000089000000D8
:1016F00089000000890000008900000089000000C6
:1017000089000000890000008900000089000000B5
:1017100089000000890000008A0000008A000000A3
:101720008A0000008A0000008A0000008A00000091
:101730008A0000008A0000008A0000008A00000081
:101740008A0000008A0000008A0000008B00000070
:101750008B0000008B0000008B0000008B0000005D
:101760008B0000008B0000008B0000008B0000004D
:101770008B0000008B0000008B0000008C0000003C
:101780008C0000008C0000008C0000008C00000029
:101790008C0000008C0000008C0000008C00000019
:1017A0008C0000008C0000008C0000008C00000009
:1017B0008D0000008D0000008D0000008D000000F5
:1017C0008D0000008D0000008D0000008D000000E5
:1017D0008D0000008D0000008D0000008D000000D5
:1017E0008E0000008E0000008E0000008E000000C1
:1017F0008E0000008E0000008E0000008E000000B1
:101800008E0000008E0000008E0000008E000000A0
:101810008E0000008F0000008F0000008F0000008D
:101820008F0000008F0000008F0000008F0000007C
:101830008F0000008F0000008F0000008F0000006C
:101840008F00000090000000900000009000000059
:101850009000000090000000900000009000000048
:101860009000000090000000900000009000000038
:101870009000000090000000910000009100000026
:101880009100000091000000910000009100000014
:101890009100000091000000910000009100000004
:1018A00091000000910000009200000092000000F2
:1018B00092000000920000009200000092000000E0
:1018C00092000000920000009200000092000000D0
:1018D00092000000920000009200000093000000BF
:1018E00093000000930000009300000093000000AC
:1018F000930000009300000093000000930000009C
:10190000930000009300000093000000940000008A
:101910009400000094000000940000009400000077
:101920009400000094000000940000009400000067
:101930009400000094000000940000009400000057
:101940009500000095000000950000009500000043
:101950009500000095000000950000009500000033
:101960009500000095000000950000009500000023
:10197000960000009600000096000000960000000F
:1019800096000000960000009600000096000000FF
:1019900096000000960000009600000096000000EF
:1019A00096000000970000009700000097000000DC
:1019B00097000000970000009700000097000000CB
:1019C00097000000970000009700000097000000BB
:1019D00097000000980000009800000098000000A8
:1019E0009800000098000000980000009800000097
:1019F0009800000098000000980000009800000087
:101A00009800000098000000990000009900000074
:101A10009900000099000000990000009900000062
:101A20009900000099000000990000009900000052
:101A300099000000990000009A0000009A00000040
:101A40009A0000009A0000009A0000009A0000002E
:101A50009A0000009A0000009A0000009A0000001E
:101A60009A0000009A0000009A0000009B0000000D
:101A70009B0000009B0000009B0000009B000000FA
:101A80009B0000009B0000009B0000009B000000EA
:101A90009B0000009B0000009B0000009C000000D9
:101AA0009C0000009C0000009C0000009C000000C6
:101AB0009C0000009C0000009C0000009C000000B6
:101AC0009C0000009C0000009C0000009C000000A6
:101AD0009D0000009D0000009D0000009D00000092
:101AE0009D0000009D0000009D0000009D00000082
:101AF0009D0000009D0000009D0000009D00000072
:101B00009E0000009E0000009E0000009E0000005D
:101B10009E0000009E0000009E0000009E0000004D
:101B20009E0000009E0000009E0000009E0000003D
:101B30009E0000009F0000009F0000009F0000002A
:101B40009F0000009F0000009F0000009F00000019
:101B50009F0000009F0000009F0000009F00000009
:101B60009F000000A0000000A0000000A0000000F6
:101B7000A0000000A0000000A0000000A0000000E5
:101B8000A0000000A0000000A0000000A0000000D5
:101B9000A0000000A0000000A1000000A1000000C3
:101BA000A1000000A1000000A1000000A1000000B1
:101BB000A1000000A1000000A1000000A1000000A1
:101BC000A1000000A1000000A2000000A20000008F
:101BD000A2000000A2000000A2000000A20000007D
:101BE000A2000000A2000000A2000000A20000006D
:101BF000A2000000A2000000A2000000A30000005C
:101C0000A3000000A3000000A3000000A300000048
:101C1000A3000000A3000000A3000000A300000038
:101C2000A3000000A3000000A3000000A400000027
:101C3000A4000000A4000000A4000000A400000014
:101C4000A4000000A4000000A4000000A400000004
:101C5000A4000000A4000000A4000000A4000000F4
:101C6000A5000000A5000000A5000000A5000000E0
:101C7000A5000000A5000000A5000000A5000000D0
:101C8000A5000000A5000000A5000000A5000000C0
:101C9000A6000000A6000000A6000000A6000000AC
:101CA000A6000000A6000000A6000000A60000009C
:101CB000A6000000A6000000A6000000A60000008C
:101CC000A6000000A7000000A7000000A700000079
:101CD000A7000000A7000000A7000000A700000068
:101CE000A7000000A7000000A7000000A700000058
:101CF000A7000000A8000000A8000000A800000045
:101D0000A8000000A8000000A8000000A800000033
:101D1000A8000000A8000000A8000000A800000023
:101D2000A8000000A8000000A9000000A900000011
:101D3000A9000000A9000000A9000000A9000000FF
:101D4000A9000000A9000000A9000000A9000000EF
:101D5000A9000000A9000000AA000000AA000000DD
:101D6000AA000000AA000000AA000000AA000000CB
:101D7000AA000000AA000000AA000000AA000000BB
:101D8000AA000000AA000000AA000000AB000000AA
:101D9000AB000000AB000000AB000000AB00000097
:101DA000AB000000AB000000AB000000AB00000087
:101DB000AB000000AB000000AB000000AC00000076
:101DC000AC000000AC000000AC000000AC00000063
:101DD000AC000000AC000000AC000000AC00000053
:101DE000AC000000AC000000AC000000AC00000043
:101DF000AD000000AD000000AD000000AD0000002F
:101E0000AD000000AD000000AD000000AD0000001E
:101E1000AD000000AD000000AD000000AD0000000E
:101E2000AE000000AE000000AE000000AE000000FA
:101E3000AE000000AE000000AE000000AE000000EA
:101E4000AE000000AE000000AE000000AE000000DA
:101E5000AE000000AF000000AF000000AF000000C7
:101E6000AF000000AF000000AF000000AF000000B6
:101E7000AF000000AF000000AF000000AF000000A6
:101E8000AF000000B0000000B0000000B000000093
:101E9000B0000000B0000000B0000000B000000082
:101EA000B0000000B0000000B0000000B000000072
:101EB000B0000000B0000000B1000000B100000060
:101EC000B1000000B1000000B1000000B10000004E
:101ED000B1000000B1000000B1000000B10000003E
:101EE000B1000000B1000000B2000000B20000002C
:101EF000B2000000B2000000B2000000B20000001A
:101F0000B2000000B2000000B2000000B200000009
:101F1000B2000000B2000000B2000000B3000000F8
:101F2000B3000000B3000000B3000000B3000000E5
:101F3000B3000000B3000000B3000000B3000000D5
:101F4000B3000000B3000000B3000000B4000000C4
:101F5000B4000000B4000000B4000000B4000000B1
:101F6000B4000000B4000000B4000000B4000000A1
:101F7000B4000000B4000000B4000000B400000091
:101F8000B5000000B5000000B5000000B50000007D
:101F9000B5000000B5000000B5000000B50000006D
:101FA000B5000000B5000000B5000000B50000005D
:101FB000B6000000B6000000B6000000B600000049
:101FC000B6000000B6000000B6000000B600000039
:101FD000B6000000B6000000B6000000B600000029
:101FE000B6000000B7000000B7000000B700000016
:101FF000B7000000B7000000B7000000B700000005
:10200000B7000000B7000000B7000000B7000000F4
:10201000B7000000B8000000B8000000B8000000E1
:10202000B8000000B8000000B8000000B8000000D0
:10203000B8000000B8000000B8000000B8000000C0
:10204000B8000000B8000000B9000000B9000000AE
:10205000B9000000B9000000B9000000B90000009C
:10206000B9000000B9000000B9000000B90000008C
:10207000B9000000B9000000BA000000BA0000007A
:10208000BA000000BA000000BA000000BA00000068
:10209000BA000000BA000000BA000000BA00000058
:1020A000BA000000BA000000BA000000BB00000047
:1020B000BB000000BB000000BB000000BB00000034
:1020C000BB000000BB000000BB000000BB00000024
:1020D000BB000000BB000000BB000000BC00000013
:1020E000BC000000BC000000BC000000BC00000000
:1020F000BC000000BC000000BC000000BC000000F0
:10210000BC000000BC000000BC000000BC000000DF
:10211000BD000000BD000000BD000000BD000000CB
:10212000BD000000BD000000BD000000BD000000BB
:10213000BD000000BD000000BD000000BD000000AB
:10214000BE000000BE000000BE000000BE00000097
:10215000BE000000BE000000BE000000BE00000087
:10216000BE000000BE000000BE000000BE00000077
:10217000BE000000BF000000BF000000BF00000064
:10218000BF000000BF000000BF000000BF00000053
:10219000BF000000BF000000BF000000BF00000043
:1021A000BF000000C0000000C0000000C000000030
:1021B000C0000000C0000000C0000000C00000001F
:1021C000C0000000C0000000C0000000C00000000F
:1021D000C0000000C0000000C1000000C1000000FD
:1021E000C1000000C1000000C1000000C1000000EB
:1021F000C1000000C1000000C1000000C1000000DB
:10220000C1000000C1000000C2000000C2000000C8
:10221000C2000000C2000000C2000000C2000000B6
:10222000C2000000C2000000C2000000C2000000A6
:10223000C2000000C2000000C2000000C300000095
:10224000C3000000C3000000C3000000C300000082
:10225000C3000000C3000000C3000000C300000072
:10226000C3000000C3000000C3000000C400000061
:10227000C4000000C4000000C4000000C40000004E
:10228000C4000000C4000000C4000000C40000003E
:10229000C4000000C4000000C4000000C40000002E
:1022A000C5000000C5000000C5000000C50000001A
:1022B000C5000000C5000000C5000000C50000000A
:1022C000C5000000C5000000C5000000C5000000FA
:1022D000C6000000C6000000C6000000C6000000E6
:1022E000C6000000C6000000C6000000C6000000D6
:1022F000C6000000C6000000C6000000C6000000C6
:10230000C6000000C7000000C7000000C7000000B2
:10231000C7000000C7000000C7000000C7000000A1
:10232000C7000000C7000000C7000000C700000091
:10233000C7000000C8000000C8000000C80000007E
:10234000C8000000C8000000C8000000C80000006D
:10235000C8000000C8000000C8000000C80000005D
:10236000C8000000C8000000C9000000C90000004B
:10237000C9000000C9000000C9000000C900000039
:10238000C9000000C9000000C9000000C900000029
:10239000C9000000C9000000CA000000CA00000017
:1023A000CA000000CA000000CA000000CA00000005
:1023B000CA000000CA000000CA000000CA000000F5
:1023C000CA000000CA000000CA000000CB000000E4
:1023D000CB000000CB000000CB000000CB000000D1
:1023E000CB000000CB000000CB000000CB000000C1
:1023F000CB000000CB000000CB000000CC000000B0
:10240000CC000000CC000000CC000000CC0000009C
:10241000CC000000CC000000CC000000CC0000008C
:10242000CC000000CC000000CC000000CC0000007C
:10243000CD000000CD000000CD000000CD00000068
:10244000CD000000CD000000CD000000CD00000058
:10245000CD000000CD000000CD000000CD00000048
:10246000CE000000CE000000CE000000CE00000034
:10247000CE000000CE000000CE000000CE00000024
:10248000CE000000CE000000CE000000CE00000014
:10249000CE000000CF000000CF000000CF00000001
:1024A000CF000000CF000000CF000000CF000000F0
:1024B000CF000000CF000000CF000000CF000000E0
:1024C000CF000000D0000000D0000000D0000000CD
:1024D000D0000000D0000000D0000000D0000000BC
:1024E000D0000000D0000000D0000000D0000000AC
:1024F000D0000000D0000000D1000000D10000009A
:10250000D1000000D1000000D1000000D100000087
:10251000D1000000D1000000D1000000D100000077
:10252000D1000000D1000000D2000000D200000065
:10253000D2000000D2000000D2000000D200000053
:10254000D2000000D2000000D2000000D200000043
:10255000D2000000D2000000D2000000D300000032
:10256000D3000000D3000000D3000000D30000001F
:10257000D3000000D3000000D3000000D30000000F
:10258000D3000000D3000000D3000000D4000000FE
:10259000D4000000D4000000D4000000D4000000EB
:1025A000D4000000D4000000D4000000D4000000DB
:1025B000D4000000D4000000D4000000D4000000CB
:1025C000D5000000D5000000D5000000D5000000B7
:1025D000D5000000D5000000D5000000D5000000A7
:1025E000D5000000D5000000D5000000D500000097
:1025F000D6000000D6000000D6000000D600000083
:10260000D6000000D6000000D6000000D600000072
:10261000D6000000D6000000D6000000D600000062
:10262000D6000000D7000000D7000000D70000004F
:10263000D7000000D7000000D7000000D70000003E
:10264000D7000000D7000000D7000000D70000002E
:10265000D7000000D8000000D8000000D80000001B
:10266000D8000000D8000000D8000000D80000000A
:10267000D8000000D8000000D8000000D8000000FA
:10268000D8000000D8000000D9000000D9000000E8
:10269000D9000000D9000000D9000000D9000000D6
:1026A000D9000000D9000000D9000000D9000000C6
:1026B000D9000000D9000000DA000000DA000000B4
:1026C000DA000000DA000000DA000000DA000000A2
:1026D000DA000000DA000000DA000000DA00000092
:1026E000DA000000DA000000DA000000DB00000081
:1026F000DB000000DB000000DB000000DB0000006E
:10270000DB000000DB000000DB000000DB0000005D
:10271000DB000000DB000000DB000000DC0000004C
:10272000DC000000DC000000DC000000DC00000039
:10273000DC000000DC000000DC000000DC00000029
:10274000DC000000DC000000DC000000DC00000019
:10275000DD000000DD000000DD000000DD00000005
:10276000DD000000DD000000DD000000DD000000F5
:10277000DD000000DD000000DD000000DD000000E5
:10278000DE000000DE000000DE000000DE000000D1
:10279000DE000000DE000000DE000000DE000000C1
:1027A000DE000000DE000000DE000000DE000000B1
:1027B000DE000000DF000000DF000000DF0000009E
:1027C000DF000000DF000000DF000000DF0000008D
:1027D000DF000000DF000000DF000000DF0000007D
:1027E000DF000000E0000000E0000000E00000006A
:1027F000E0000000E0000000E0000000E000000059
:10280000E0000000E0000000E0000000E000000048
:10281000E0000000E0000000E1000000E100000036
:10282000E1000000E1000000E1000000E100000024
:10283000E1000000E1000000E1000000E100000014
:10284000E1000000E1000000E2000000E200000002
:10285000E2000000E2000000E2000000E2000000F0
:10286000E2000000E2000000E2000000E2000000E0
:10287000E2000000E2000000E2000000E3000000CF
:10288000E3000000E3000000E3000000E3000000BC
:10289000E3000000E3000000E3000000E3000000AC
:1028A000E3000000E3000000E3000000E40000009B
:1028B000E4000000E4000000E4000000E400000088
:1028C000E4000000E4000000E4000000E400000078
:1028D000E4000000E4000000E4000000E400000068
:1028E000E5000000E5000000E5000000E500000054
:1028F000E5000000E5000000E5000000E500000044
:10290000E5000000E5000000E5000000E500000033
:10291000E6000000E6000000E6000000E60000001F
:10292000E6000000E6000000E6000000E60000000F
:10293000E6000000E6000000E6000000E6000000FF
:10294000E6000000E7000000E7000000E7000000EC
:10295000E7000000E7000000E7000000E7000000DB
:10296000E7000000E7000000E7000000E7000000CB
:10297000E7000000E8000000E8000000E8000000B8
:10298000E8000000E8000000E8000000E8000000A7
:10299000E8000000E8000000E8000000E800000097
:1029A000E8000000E8000000E9000000E900000085
:1029B000E9000000E9000000E9000000E900000073
:1029C000E9000000E9000000E9000000E900000063
:1029D000E9000000E9000000EA000000EA00000051
:1029E000EA000000EA000000EA000000EA0000003F
:1029F000EA000000EA000000EA000000EA0000002F
:102A0000EA000000EA000000EA000000EB0000001D
:102A1000EB000000EB000000EB000000EB0000000A
:102A2000EB000000EB000000EB000000EB000000FA
:102A3000EB000000EB000000EB000000EC000000E9
:102A4000EC000000EC000000EC000000EC000000D6
:102A5000EC000000EC000000EC000000EC000000C6
:102A6000EC000000EC000000EC000000EC000000B6
:102A7000ED000000ED000000ED000000ED000000A2
:102A8000ED000000ED000000ED000000ED00000092
:102A9000ED000000ED000000ED000000ED00000082
:102AA000EE000000EE000000EE000000EE0000006E
:102AB000EE000000EE000000EE000000EE0000005E
:102AC000EE000000EE000000EE000000EE0000004E
:102AD000EE000000EF000000EF000000EF0000003B
:102AE000EF000000EF000000EF000000EF0000002A
:102AF000EF000000EF000000EF000000EF0000001A
:102B0000EF000000F0000000F0000000F000000006
:102B1000F0000000F0000000F0000000F0000000F5
:102B2000F0000000F0000000F0000000F0000000E5
:102B3000F0000000F0000000F1000000F1000000D3
:102B4000F1000000F1000000F1000000F1000000C1
:102B5000F1000000F1000000F1000000F1000000B1
:102B6000F1000000F1000000F2000000F20000009F
:102B7000F2000000F2000000F2000000F20000008D
:102B8000F2000000F2000000F2000000F20000007D
:102B9000F2000000F2000000F2000000F30000006C
:102BA000F3000000F3000000F3000000F300000059
:102BB000F3000000F3000000F3000000F300000049
:102BC000F3000000F3000000F3000000F400000038
:102BD000F4000000F4000000F4000000F400000025
:102BE000F4000000F4000000F4000000F400000015
:102BF000F4000000F4000000F4000000F400000005
:102C0000F5000000F5000000F5000000F5000000F0
:102C1000F5000000F5000000F5000000F5000000E0
:102C2000F5000000F5000000F5000000F5000000D0
:102C3000F6000000F6000000F6000000F6000000BC
:102C4000F6000000F6000000F6000000F6000000AC
:102C5000F6000000F6000000F6000000F60000009C
:102C6000F6000000F7000000F7000000F700000089
:102C7000F7000000F7000000F7000000F700000078
:102C8000F7000000F7000000F7000000F700000068
:102C9000F7000000F8000000F8000000F800000055
:102CA000F8000000F8000000F8000000F800000044
:102CB000F8000000F8000000F8000000F800000034
:102CC000F8000000F8000000F9000000F900000022
:102CD000F9000000F9000000F9000000F900000010
:102CE000F9000000F9000000F9000000F900000000
:102CF000F9000000F9000000FA000000FA000000EE
:102D0000FA000000FA000000FA000000FA000000DB
:102D1000FA000000FA000000FA000000FA000000CB
:102D2000FA000000FA000000FA000000FB000000BA
:102D3000FB000000FB000000FB000000FB000000A7
:102D4000FB000000FB000000FB000000FB00000097
:102D5000FB000000FB000000FB000000FC00000086
:102D6000FC000000FC000000FC000000FC00000073
:102D7000FC000000FC000000FC000000FC00000063
:102D8000FC000000FC000000FC000000FC00000053
:102D9000FD000000FD000000FD000000FD0000003F
:102DA000FD000000FD000000FD000000FD0000002F
:102DB000FD000000FD000000FD000000FD0000001F
:102DC000FE000000FE000000FE000000FE0000000B
:102DD000FE000000FE000000FE000000FE000000FB
:102DE000FE000000FE000000FE000000FE000000EB
:102DF000FE000000FF000000FF000000FF000000D8
:102E0000FF000000FF000000FF000000FF000000C6
:102E1000FF000000FF000000FF000000FF000000B6
:102E2000FF000000000100000001000000010000A0
:102E3000000100000001000000010000000100008E
:102E4000000100000001000000010000000100007E
:102E5000000100000001000001010000010100006C
:102E6000010100000101000001010000010100005A
:102E7000010100000101000001010000010100004A
:102E80000101000001010000020100000201000038
:102E90000201000002010000020100000201000026
:102EA0000201000002010000020100000201000016
:102EB0000201000002010000020100000301000005
:102EC00003010000030100000301000003010000F2
:102ED00003010000030100000301000003010000E2
:102EE00003010000030100000301000004010000D1
:102EF00004010000040100000401000004010000BE
:102F000004010000040100000401000004010000AD
:102F1000040100000401000004010000040100009D
:102F20000501000005010000050100000501000089
:102F30000501000005010000050100000501000079
:102F40000501000005010000050100000501000069
:102F50000601000006010000060100000601000055
:102F60000601000006010000060100000601000045
:102F70000601000006010000060100000601000035
:102F80000601000007010000070100000701000022
:102F90000701000007010000070100000701000011
:102FA0000701000007010000070100000701000001
:102FB00007010000080100000801000008010000EE
:102FC00008010000080100000801000008010000DD
:102FD00008010000080100000801000008010000CD
:102FE00008010000080100000901000009010000BB
:102FF00009010000090100000901000009010000A9
:103000000901000009010000090100000901000098
:1030100009010000090100000A0100000A01000086
:103020000A0100000A0100000A0100000A01000074
:103030000A0100000A0100000A0100000A01000064
:103040000A0100000A0100000A0100000B01000053
:103050000B0100000B0100000B0100000B01000040
:103060000B0100000B0100000B0100000B01000030
:103070000B0100000B0100000B0100000C0100001F
:103080000C0100000C0100000C0100000C0100000C
:103090000C0100000C0100000C0100000C010000FC
:1030A0000C0100000C0100000C0100000C010000EC
:1030B0000D0100000D0100000D0100000D010000D8
:1030C0000D0100000D0100000D0100000D010000C8
:1030D0000D0100000D0100000D0100000D010000B8
:1030E0000E0100000E0100000E0100000E010000A4
:1030F0000E0100000E0100000E0100000E01000094
:103100000E0100000E0100000E0100000E01000083
:103110000E0100000F0100000F0100000F01000070
:103120000F0100000F0100000F0100000F0100005F
:103130000F0100000F0100000F0100000F0100004F
:103140000F0100001001000010010000100100003C
:10315000100100001001000010010000100100002B
:10316000100100001001000010010000100100001B
:103170001001000010010000110100001101000009
:1031800011010000110100001101000011010000F7
:1031900011010000110100001101000011010000E7
:1031A00011010000110100001201000012010000D5
:1031B00012010000120100001201000012010000C3
:1031C00012010000120100001201000012010000B3
:1031D00012010000120100001201000013010000A2
:1031E000130100001301000013010000130100008F
:1031F000130100001301000013010000130100007F
:10320000130100001301000013010000140100006D
:10321000140100001401000014010000140100005A
:10322000140100001401000014010000140100004A
:10323000140100001401000014010000140100003A
:103240001501000015010000150100001501000026
:103250001501000015010000150100001501000016
:103260001501000015010000150100001501000006
:1032700016010000160100001601000016010000F2
:1032800016010000160100001601000016010000E2
:1032900016010000160100001601000016010000D2
:1032A00016010000170100001701000017010000BF
:1032B00017010000170100001701000017010000AE
:1032C000170100001701000017010000170100009E
:1032D000170100001801000018010000180100008B
:1032E000180100001801000018010000180100007A
:1032F000180100001801000018010000180100006A
:103300001801000018010000190100001901000057
:103310001901000019010000190100001901000045
:103320001901000019010000190100001901000035
:1033300019010000190100001A0100001A01000023
:103340001A0100001A0100001A0100001A01000011
:103350001A0100001A0100001A0100001A01000001
:103360001A0100001A0100001A0100001B010000F0
:103370001B0100001B0100001B0100001B010000DD
:103380001B0100001B0100001B0100001B010000CD
:103390001B0100001B0100001B0100001C010000BC
:1033A0001C0100001C0100001C0100001C010000A9
:1033B0001C0100001C0100001C0100001C01000099
:1033C0001C0100001C0100001C0100001C01000089
:1033D0001D0100001D0100001D0100001D01000075
:1033E0001D0100001D0100001D0100001D01000065
:1033F0001D0100001D0100001D0100001D01000055
:103400001E0100001E0100001E0100001E01000040
:103410001E0100001E0100001E0100001E01000030
:103420001E0100001E0100001E0100001E01000020
:103430001E0100001F0100001F0100001F0100000D
:103440001F0100001F0100001F0100001F010000FC
:103450001F0100001F0100001F0100001F010000EC
:103460001F010000200100002001000020010000D9
:1034700020010000200100002001000020010000C8
:1034800020010000200100002001000020010000B8
:1034900020010000200100002101000021010000A6
:1034A0002101000021010000210100002101000094
:1034B0002101000021010000210100002101000084
:1034C0002101000021010000220100002201000072
:1034D0002201000022010000220100002201000060
:1034E0002201000022010000220100002201000050
:1034F000220100002201000022010000230100003F
:10350000230100002301000023010000230100002B
:10351000230100002301000023010000230100001B
:10352000230100002301000023010000240100000A
:1035300024010000240100002401000024010000F7
:1035400024010000240100002401000024010000E7
:1035500024010000240100002401000024010000D7
:1035600025010000250100002501000025010000C3
:1035700025010000250100002501000025010000B3
:1035800025010000250100002501000025010000A3
:10359000260100002601000026010000260100008F
:1035A000260100002601000026010000260100007F
:1035B000260100002601000026010000260100006F
:1035C000260100002701000027010000270100005C
:1035D000270100002701000027010000270100004B
:1035E000270100002701000027010000270100003B
:1035F0002701000028010000280100002801000028
:103600002801000028010000280100002801000016
:103610002801000028010000280100002801000006
:1036200028010000280100002901000029010000F4
:1036300029010000290100002901000029010000E2
:1036400029010000290100002901000029010000D2
:1036500029010000290100002A0100002A010000C0
:103660002A0100002A0100002A0100002A010000AE
:103670002A0100002A0100002A0100002A0100009E
:103680002A0100002A0100002A0100002B0100008D
:103690002B0100002B0100002B0100002B0100007A
:1036A0002B0100002B0100002B0100002B0100006A
:1036B0002B0100002B0100002B0100002C01000059
:1036C0002C0100002C0100002C0100002C01000046
:1036D0002C0100002C0100002C0100002C01000036
:1036E0002C0100002C0100002C0100002C01000026
:1036F0002D0100002D0100002D0100002D01000012
:103700002D0100002D0100002D0100002D01000001
:103710002D0100002D0100002D0100002D010000F1
:103720002E0100002E0100002E0100002E010000DD
:103730002E0100002E0100002E0100002E010000CD
:103740002E0100002E0100002E0100002E010000BD
:103750002E0100002F0100002F0100002F010000AA
:103760002F0100002F0100002F0100002F01000099
:103770002F0100002F0100002F0100002F01000089
:103780002F01000030010000300100003001000076
:103790003001000030010000300100003001000065
:1037A0003001000030010000300100003001000055
:1037B0003001000030010000310100003101000043
:1037C0003101000031010000310100003101000031
:1037D0003101000031010000310100003101000021
:1037E000310100003101000032010000320100000F
:1037F00032010000320100003201000032010000FD
:1038000032010000320100003201000032010000EC
:1038100032010000320100003201000033010000DB
:1038200033010000330100003301000033010000C8
:1038300033010000330100003301000033010000B8
:1038400033010000330100003301000034010000A7
:103850003401000034010000340100003401000094
:103860003401000034010000340100003401000084
:103870003401000034010000340100003401000074
:103880003501000035010000350100003501000060
:103890003501000035010000350100003501000050
:1038A0003501000035010000350100003501000040
:1038B000360100003601000036010000360100002C
:1038C000360100003601000036010000360100001C
:1038D000360100003601000036010000360100000C
:1038E00036010000370100003701000037010000F9
:1038F00037010000370100003701000037010000E8
:1039000037010000370100003701000037010000D7
:1039100037010000380100003801000038010000C4
:1039200038010000380100003801000038010000B3
:1039300038010000380100003801000038010000A3
:103940003801000038010000390100003901000091
:10395000390100003901000039010000390100007F
:10396000390100003901000039010000390100006F
:1039700039010000390100003A0100003A0100005D
:103980003A0100003A0100003A0100003A0100004B
:103990003A0100003A0100003A0100003A0100003B
:1039A0003A0100003A0100003A0100003B0100002A
:1039B0003B0100003B0100003B0100003B01000017
:1039C0003B0100003B0100003B0100003B01000007
:1039D0003B0100003B0100003B0100003C010000F6
:1039E0003C0100003C0100003C0100003C010000E3
:1039F0003C0100003C0100003C0100003C010000D3
:103A00003C0100003C0100003C0100003C010000C2
:103A10003D0100003D0100003D0100003D010000AE
:103A20003D0100003D0100003D0100003D0100009E
:103A30003D0100003D0100003D0100003D0100008E
:103A40003E0100003E0100003E0100003E0100007A
:103A50003E0100003E0100003E0100003E0100006A
:103A60003E0100003E0100003E0100003E0100005A
:103A70003E0100003F0100003F0100003F01000047
:103A80003F0100003F0100003F0100003F01000036
:103A90003F0100003F0100003F0100003F01000026
:103AA0003F01000040010000400100004001000013
:103AB0004001000040010000400100004001000002
:103AC00040010000400100004001000040010000F2
:103AD00040010000400100004101000041010000E0
:103AE00041010000410100004101000041010000CE
:103AF00041010000410100004101000041010000BE
:103B000041010000410100004201000042010000AB
:103B10004201000042010000420100004201000099
:103B20004201000042010000420100004201000089
:103B30004201000042010000420100004301000078
:103B40004301000043010000430100004301000065
:103B50004301000043010000430100004301000055
:103B60004301000043010000430100004401000044
:103B70004401000044010000440100004401000031
:103B80004401000044010000440100004401000021
:103B90004401000044010000440100004401000011
:103BA00045010000450100004501000045010000FD
:103BB00045010000450100004501000045010000ED
:103BC00045010000450100004501000045010000DD
:103BD00046010000460100004601000046010000C9
:103BE00046010000460100004601000046010000B9
:103BF00046010000460100004601000046010000A9
:103C00004601000047010000470100004701000095
:103C10004701000047010000470100004701000084
:103C20004701000047010000470100004701000074
:103C30004701000048010000480100004801000061
:103C40004801000048010000480100004801000050
:103C50004801000048010000480100004801000040
:103C6000480100004801000049010000490100002E
:103C7000490100004901000049010000490100001C
:103C8000490100004901000049010000490100000C
:103C900049010000490100004A0100004A010000FA
:103CA0004A0100004A0100004A0100004A010000E8
:103CB0004A0100004A0100004A0100004A010000D8
:103CC0004A0100004A0100004A0100004B010000C7
:103CD0004B0100004B0100004B0100004B010000B4
:103CE0004B0100004B0100004B0100004B010000A4
:103CF0004B0100004B0100004B0100004C01000093
:103D00004C0100004C0100004C0100004C0100007F
:103D10004C0100004C0100004C0100004C0100006F
:103D20004C0100004C0100004C0100004C0100005F
:103D30004D0100004D0100004D0100004D0100004B
:103D40004D0100004D0100004D0100004D0100003B
:103D50004D0100004D0100004D0100004D0100002B
:103D60004E0100004E0100004E0100004E01000017
:103D70004E0100004E0100004E0100004E01000007
:103D80004E0100004E0100004E0100004E010000F7
:103D90004E0100004F0100004F0100004F010000E4
:103DA0004F0100004F0100004F0100004F010000D3
:103DB0004F0100004F0100004F0100004F010000C3
:103DC0004F010000500100005001000050010000B0
:103DD000500100005001000050010000500100009F
:103DE000500100005001000050010000500100008F
:103DF000500100005001000051010000510100007D
:103E0000510100005101000051010000510100006A
:103E1000510100005101000051010000510100005A
:103E20005101000051010000520100005201000048
:103E30005201000052010000520100005201000036
:103E40005201000052010000520100005201000026
:103E50005201000052010000520100005301000015
:103E60005301000053010000530100005301000002
:103E700053010000530100005301000053010000F2
:103E800053010000530100005301000054010000E1
:103E900054010000540100005401000054010000CE
:103EA00054010000540100005401000054010000BE
:103EB00054010000540100005401000054010000AE
:103EC000550100005501000055010000550100009A
:103ED000550100005501000055010000550100008A
:103EE000550100005501000055010000550100007A
:103EF0005601000056010000560100005601000066
:103F00005601000056010000560100005601000055
:103F10005601000056010000560100005601000045
:103F20005601000057010000570100005701000032
:103F30005701000057010000570100005701000021
:103F40005701000057010000570100005701000011
:103F500057010000580100005801000058010000FE
:103F600058010000580100005801000058010000ED
:103F700058010000580100005801000058010000DD
:103F800058010000580100005901000059010000CB
:103F900059010000590100005901000059010000B9
:103FA00059010000590100005901000059010000A9
:103FB00059010000590100005A0100005A01000097
:103FC0005A0100005A0100005A0100005A01000085
:103FD0005A0100005A0100005A0100005A01000075
:103FE0005A0100005A0100005A0100005B01000064
:103FF0005B0100005B0100005B0100005B01000051
:104000005B0100005B0100005B0100005B01000040
:104010005B0100005B0100005B0100005C0100002F
:104020005C0100005C0100005C0100005C0100001C
:104030005C0100005C0100005C0100005C0100000C
:104040005C0100005C0100005C0100005C010000FC
:104050005D0100005D0100005D0100005D010000E8
:104060005D0100005D0100005D0100005D010000D8
:104070005D0100005D0100005D0100005D010000C8
:104080005E0100005E0100005E0100005E010000B4
:104090005E0100005E0100005E0100005E010000A4
:1040A0005E0100005E0100005E0100005E01000094
:1040B0005E0100005F0100005F0100005F01000081
:1040C0005F0100005F0100005F0100005F01000070
:1040D0005F0100005F0100005F0100005F01000060
:1040E0005F0100006001000060010000600100004D
:1040F000600100006001000060010000600100003C
:10410000600100006001000060010000600100002B
:104110006001000060010000610100006101000019
:104120006101000061010000610100006101000007
:1041300061010000610100006101000061010000F7
:1041400061010000610100006201000062010000E5
:1041500062010000620100006201000062010000D3
:1041600062010000620100006201000062010000C3
:1041700062010000620100006201000063010000B2
:10418000630100006301000063010000630100009F
:10419000630100006301000063010000630100008F
:1041A000630100006301000063010000640100007E
:1041B000640100006401000064010000640100006B
:1041C000640100006401000064010000640100005B
:1041D000640100006401000064010000640100004B
:1041E0006501000065010000650100006501000037
:1041F0006501000065010000650100006501000027
:104200006501000065010000650100006501000016
:104210006601000066010000660100006601000002
:1042200066010000660100006601000066010000F2
:1042300066010000660100006601000066010000E2
:1042400066010000670100006701000067010000CF
:1042500067010000670100006701000067010000BE
:1042600067010000670100006701000067010000AE
:10427000670100006801000068010000680100009B
:10428000680100006801000068010000680100008A
:10429000680100006801000068010000680100007A
:1042A0006801000068010000690100006901000068
:1042B0006901000069010000690100006901000056
:1042C0006901000069010000690100006901000046
:1042D00069010000690100006A0100006A01000034
:1042E0006A0100006A0100006A0100006A01000022
:1042F0006A0100006A0100006A0100006A01000012
:104300006A0100006A0100006A0100006B01000000
:104310006B0100006B0100006B0100006B010000ED
:104320006B0100006B0100006B0100006B010000DD
:104330006B0100006B0100006B0100006C010000CC
:104340006C0100006C0100006C0100006C010000B9
:104350006C0100006C0100006C0100006C010000A9
:104360006C0100006C0100006C0100006C01000099
:104370006D0100006D0100006D0100006D01000085
:104380006D0100006D0100006D0100006D01000075
:104390006D0100006D0100006D0100006D01000065
:1043A0006E0100006E0100006E0100006E01000051
:1043B0006E0100006E0100006E0100006E01000041
:1043C0006E0100006E0100006E0100006E01000031
:1043D0006E0100006F0100006F0100006F0100001E
:1043E0006F0100006F0100006F0100006F0100000D
:1043F0006F0100006F0100006F0100006F010000FD
:104400006F010000700100007001000070010000E9
:1044100070010000700100007001000070010000D8
:1044200070010000700100007001000070010000C8
:1044300070010000700100007101000071010000B6
:1044400071010000710100007101000071010000A4
:104450007101000071010000710100007101000094
:104460007101000071010000720100007201000082
:104470007201000072010000720100007201000070
:104480007201000072010000720100007201000060
:10449000720100007201000072010000730100004F
:1044A000730100007301000073010000730100003C
:1044B000730100007301000073010000730100002C
:1044C000730100007301000073010000740100001B
:1044D0007401000074010000740100007401000008
:1044E00074010000740100007401000074010000F8
:1044F00074010000740100007401000074010000E8
:1045000075010000750100007501000075010000D3
:1045100075010000750100007501000075010000C3
:1045200075010000750100007501000075010000B3
:10453000760100007601000076010000760100009F
:10454000760100007601000076010000760100008F
:10455000760100007601000076010000760100007F
:10456000760100007701000077010000770100006C
:10457000770100007701000077010000770100005B
:10458000770100007701000077010000770100004B
:104590007701000078010000780100007801000038
:1045A0007801000078010000780100007801000027
:1045B0007801000078010000780100007801000017
:1045C0007801000078010000790100007901000005
:1045D00079010000790100007901000079010000F3
:1045E00079010000790100007901000079010000E3
:1045F00079010000790100007A0100007A010000D1
:104600007A0100007A0100007A0100007A010000BE
:104610007A0100007A0100007A0100007A010000AE
:104620007A0100007A0100007A0100007B0100009D
:104630007B0100007B0100007B0100007B0100008A
:104640007B0100007B0100007B0100007B0100007A
:104650007B0100007B0100007B0100007C01000069
:104660007C0100007C0100007C0100007C01000056
:104670007C0100007C0100007C0100007C01000046
:104680007C0100007C0100007C0100007C01000036
:104690007D0100007D0100007D0100007D01000022
:1046A0007D0100007D0100007D0100007D01000012
:1046B0007D0100007D0100007D0100007D01000002
:1046C0007E0100007E0100007E0100007E010000EE
:1046D0007E0100007E0100007E0100007E010000DE
:1046E0007E0100007E0100007E0100007E010000CE
:1046F0007E0100007F0100007F0100007F010000BB
:104700007F0100007F0100007F0100007F010000A9
:104710007F0100007F0100007F0100007F01000099
:104720007F01000080010000800100008001000086
:104730008001000080010000800100008001000075
:104740008001000080010000800100008001000065
:104750008001000080010000810100008101000053
:104760008101000081010000810100008101000041
:104770008101000081010000810100008101000031
:10478000810100008101000082010000820100001F
:10479000820100008201000082010000820100000D
:1047A00082010000820100008201000082010000FD
:1047B00082010000820100008201000083010000EC
:1047C00083010000830100008301000083010000D9
:1047D00083010000830100008301000083010000C9
:1047E00083010000830100008301000084010000B8
:1047F00084010000840100008401000084010000A5
:104800008401000084010000840100008401000094
:104810008401000084010000840100008401000084
:104820008501000085010000850100008501000070
:104830008501000085010000850100008501000060
:104840008501000085010000850100008501000050
:10485000860100008601000086010000860100003C
:10486000860100008601000086010000860100002C
:10487000860100008601000086010000860100001C
:104880008601000087010000870100008701000009
:1048900087010000870100008701000087010000F8
:1048A00087010000870100008701000087010000E8
:1048B00087010000880100008801000088010000D5
:1048C00088010000880100008801000088010000C4
:1048D00088010000880100008801000088010000B4
:1048E00088010000880100008901000089010000A2
:1048F0008901000089010000890100008901000090
:10490000890100008901000089010000890100007F
:1049100089010000890100008A0100008A0100006D
:104920008A0100008A0100008A0100008A0100005B
:104930008A0100008A0100008A0100008A0100004B
:104940008A0100008A0100008A0100008B0100003A
:104950008B0100008B0100008B0100008B01000027
:104960008B0100008B0100008B0100008B01000017
:104970008B0100008B0100008B0100008C01000006
:104980008C0100008C0100008C0100008C010000F3
:104990008C0100008C0100008C0100008C010000E3
:1049A0008C0100008C0100008C0100008C010000D3
:1049B0008D0100008D0100008D0100008D010000BF
:1049C0008D0100008D0100008D0100008D010000AF
:1049D0008D0100008D0100008D0100008D0100009F
:1049E0008E0100008E0100008E0100008E0100008B
:1049F0008E0100008E0100008E0100008E0100007B
:104A00008E0100008E0100008E0100008E0100006A
:104A10008E0100008F0100008F0100008F01000057
:104A20008F0100008F0100008F0100008F01000046
:104A30008F0100008F0100008F0100008F01000036
:104A40008F010000900100008F0100008F01000025
:104A50008F0100008F0100008F0100008F01000016
:104A60008F0100008F0100008F0100008F01000006
:104A70008F0100008F0100008E0100008E010000F8
:104A80008E0100008E0100008E0100008E010000EA
:104A90008E0100008E0100008E0100008E010000DA
:104AA0008E0100008E0100008D0100008D010000CC
:104AB0008D0100008D0100008D0100008D010000BE
:104AC0008D0100008D0100008D0100008D010000AE
:104AD0008D0100008D0100008D0100008C0100009F
:104AE0008C0100008C0100008C0100008C01000092
:104AF0008C0100008C0100008C0100008C01000082
:104B00008C0100008C0100008C0100008C01000071
:104B10008B0100008B0100008B0100008B01000065
:104B20008B0100008B0100008B0100008B01000055
:104B30008B0100008B0100008B0100008B01000045
:104B40008A0100008A0100008A0100008A01000039
:104B50008A0100008A0100008A0100008A01000029
:104B60008A0100008A0100008A0100008A01000019
:104B7000890100008901000089010000890100000D
:104B800089010000890100008901000089010000FD
:104B900089010000890100008901000089010000ED
:104BA00089010000880100008801000088010000E0
:104BB00088010000880100008801000088010000D1
:104BC00088010000880100008801000088010000C1
:104BD00088010000880100008701000087010000B3
:104BE00087010000870100008701000087010000A5
:104BF0008701000087010000870100008701000095
:104C00008701000087010000860100008601000086
:104C10008601000086010000860100008601000078
:104C20008601000086010000860100008601000068
:104C3000860100008601000085010000850100005A
:104C4000850100008501000085010000850100004C
:104C5000850100008501000085010000850100003C
:104C6000850100008501000085010000840100002D
:104C70008401000084010000840100008401000020
:104C80008401000084010000840100008401000010
:104C90008401000084010000840100008401000000
:104CA00083010000830100008301000083010000F4
:104CB00083010000830100008301000083010000E4
:104CC00083010000830100008301000083010000D4
:104CD00082010000820100008201000082010000C8
:104CE00082010000820100008201000082010000B8
:104CF00082010000820100008201000082010000A8
:104D0000810100008101000081010000810100009B
:104D1000810100008101000081010000810100008B
:104D2000810100008101000081010000810100007B
:104D3000810100008001000080010000800100006E
:104D4000800100008001000080010000800100005F
:104D5000800100008001000080010000800100004F
:104D600080010000800100007F0100007F01000041
:104D70007F0100007F0100007F0100007F01000033
:104D80007F0100007F0100007F0100007F01000023
:104D90007F0100007F0100007E0100007E01000015
:104DA0007E0100007E0100007E0100007E01000007
:104DB0007E0100007E0100007E0100007E010000F7
:104DC0007E0100007E0100007D0100007D010000E9
:104DD0007D0100007D0100007D0100007D010000DB
:104DE0007D0100007D0100007D0100007D010000CB
:104DF0007D0100007D0100007D0100007C010000BC
:104E00007C0100007C0100007C0100007C010000AE
:104E10007C0100007C0100007C0100007C0100009E
:104E20007C0100007C0100007C0100007C0100008E
:104E30007B0100007B0100007B0100007B01000082
:104E40007B0100007B0100007B0100007B01000072
:104E50007B0100007B0100007B0100007B01000062
:104E60007A0100007A0100007A0100007A01000056
:104E70007A0100007A0100007A0100007A01000046
:104E80007A0100007A0100007A0100007A01000036
:104E9000790100007901000079010000790100002A
:104EA000790100007901000079010000790100001A
:104EB000790100007901000079010000790100000A
:104EC00079010000780100007801000078010000FD
:104ED00078010000780100007801000078010000EE
:104EE00078010000780100007801000078010000DE
:104EF00078010000780100007701000077010000D0
:104F000077010000770100007701000077010000C1
:104F100077010000770100007701000077010000B1
:104F200077010000770100007601000076010000A3
:104F30007601000076010000760100007601000095
:104F40007601000076010000760100007601000085
:104F50007601000076010000760100007501000076
:104F60007501000075010000750100007501000069
:104F70007501000075010000750100007501000059
:104F8000750100007501000075010000740100004A
:104F9000740100007401000074010000740100003D
:104FA000740100007401000074010000740100002D
:104FB000740100007401000074010000740100001D
:104FC0007301000073010000730100007301000011
:104FD0007301000073010000730100007301000001
:104FE00073010000730100007301000073010000F1
:104FF00072010000720100007201000072010000E5
:1050000072010000720100007201000072010000D4
:1050100072010000720100007201000072010000C4
:1050200072010000710100007101000071010000B7
:1050300071010000710100007101000071010000A8
:105040007101000071010000710100007101000098
:10505000710100007001000070010000700100008B
:10506000700100007001000070010000700100007C
:10507000700100007001000070010000700100006C
:1050800070010000700100006F0100006F0100005E
:105090006F0100006F0100006F0100006F01000050
:1050A0006F0100006F0100006F0100006F01000040
:1050B0006F0100006F0100006E0100006E01000032
:1050C0006E0100006E0100006E0100006E01000024
:1050D0006E0100006E0100006E0100006E01000014
:1050E0006E0100006E0100006E0100006D01000005
:1050F0006D0100006D0100006D0100006D010000F8
:105100006D0100006D0100006D0100006D010000E7
:105110006D0100006D0100006D0100006C010000D8
:105120006C0100006C0100006C0100006C010000CB
:105130006C0100006C0100006C0100006C010000BB
:105140006C0100006C0100006C0100006B010000AC
:105150006B0100006B0100006B0100006B0100009F
:105160006B0100006B0100006B0100006B0100008F
:105170006B0100006B0100006B0100006B0100007F
:105180006A0100006A0100006A0100006A01000073
:105190006A0100006A0100006A0100006A01000063
:1051A0006A0100006A0100006A0100006A01000053
:1051B0006A01000069010000690100006901000046
:1051C0006901000069010000690100006901000037
:1051D0006901000069010000690100006901000027
:1051E000690100006801000068010000680100001A
:1051F000680100006801000068010000680100000B
:1052000068010000680100006801000068010000FA
:1052100068010000670100006701000067010000ED
:1052200067010000670100006701000067010000DE
:1052300067010000670100006701000067010000CE
:1052400067010000670100006601000066010000C0
:1052500066010000660100006601000066010000B2
:1052600066010000660100006601000066010000A2
:105270006601000066010000660100006501000093
:105280006501000065010000650100006501000086
:105290006501000065010000650100006501000076
:1052A0006501000065010000650100006401000067
:1052B000640100006401000064010000640100005A
:1052C000640100006401000064010000640100004A
:1052D000640100006401000064010000630100003B
:1052E000630100006301000063010000630100002E
:1052F000630100006301000063010000630100001E
:10530000630100006301000063010000630100000D
:105310006201000062010000620100006201000001
:1053200062010000620100006201000062010000F1
:1053300062010000620100006201000062010000E1
:1053400062010000610100006101000061010000D4
:1053500061010000610100006101000061010000C5
:1053600061010000610100006101000061010000B5
:1053700061010000600100006001000060010000A8
:105380006001000060010000600100006001000099
:105390006001000060010000600100006001000089
:1053A000600100005F0100005F0100005F0100007C
:1053B0005F0100005F0100005F0100005F0100006D
:1053C0005F0100005F0100005F0100005F0100005D
:1053D0005F0100005F0100005E0100005E0100004F
:1053E0005E0100005E0100005E0100005E01000041
:1053F0005E0100005E0100005E0100005E01000031
:105400005E0100005E0100005E0100005D01000021
:105410005D0100005D0100005D0100005D01000014
:105420005D0100005D0100005D0100005D01000004
:105430005D0100005D0100005D0100005C010000F5
:105440005C0100005C0100005C0100005C010000E8
:105450005C0100005C0100005C0100005C010000D8
:105460005C0100005C0100005C0100005B010000C9
:105470005B0100005B0100005B0100005B010000BC
:105480005B0100005B0100005B0100005B010000AC
:105490005B0100005B0100005B0100005B0100009C
:1054A0005A0100005A0100005A0100005A01000090
:1054B0005A0100005A0100005A0100005A01000080
:1054C0005A0100005A0100005A0100005A01000070
:1054D0005A01000059010000590100005901000063
:1054E0005901000059010000590100005901000054
:1054F0005901000059010000590100005901000044
:105500005901000058010000580100005801000036
:105510005801000058010000580100005801000027
:105520005801000058010000580100005801000017
:10553000580100005701000057010000570100000A
:1055400057010000570100005701000057010000FB
:1055500057010000570100005701000057010000EB
:1055600057010000570100005601000056010000DD
:1055700056010000560100005601000056010000CF
:1055800056010000560100005601000056010000BF
:1055900056010000560100005601000055010000B0
:1055A00055010000550100005501000055010000A3
:1055B0005501000055010000550100005501000093
:1055C0005501000055010000550100005401000084
:1055D0005401000054010000540100005401000077
:1055E0005401000054010000540100005401000067
:1055F0005401000054010000540100005301000058
:10560000530100005301000053010000530100004A
:10561000530100005301000053010000530100003A
:10562000530100005301000053010000530100002A
:10563000520100005201000052010000520100001E
:10564000520100005201000052010000520100000E
:1056500052010000520100005201000052010000FE
:1056600052010000510100005101000051010000F1
:1056700051010000510100005101000051010000E2
:1056800051010000510100005101000051010000D2
:1056900051010000500100005001000050010000C5
:1056A00050010000500100005001000050010000B6
:1056B00050010000500100005001000050010000A6
:1056C000500100004F0100004F0100004F01000099
:1056D0004F0100004F0100004F0100004F0100008A
:1056E0004F0100004F0100004F0100004F0100007A
:1056F0004F0100004F0100004E0100004E0100006C
:105700004E0100004E0100004E0100004E0100005D
:105710004E0100004E0100004E0100004E0100004D
:105720004E0100004E0100004E0100004D0100003E
:105730004D0100004D0100004D0100004D01000031
:105740004D0100004D0100004D0100004D01000021
:105750004D0100004D0100004D0100004C01000012
:105760004C0100004C0100004C0100004C01000005
:105770004C0100004C0100004C0100004C010000F5
:105780004C0100004C0100004C0100004B010000E6
:105790004B0100004B0100004B0100004B010000D9
:1057A0004B0100004B0100004B0100004B010000C9
:1057B0004B0100004B0100004B0100004B010000B9
:1057C0004A0100004A0100004A0100004A010000AD
:1057D0004A0100004A0100004A0100004A0100009D
:1057E0004A0100004A0100004A0100004A0100008D
:1057F0004A01000049010000490100004901000080
:105800004901000049010000490100004901000070
:105810004901000049010000490100004901000060
:105820004901000048010000480100004801000053
:105830004801000048010000480100004801000044
:105840004801000048010000480100004801000034
:105850004801000047010000470100004701000027
:105860004701000047010000470100004701000018
:105870004701000047010000470100004701000008
:1058800047010000470100004601000046010000FA
:1058900046010000460100004601000046010000EC
:1058A00046010000460100004601000046010000DC
:1058B00046010000460100004601000045010000CD
:1058C00045010000450100004501000045010000C0
:1058D00045010000450100004501000045010000B0
:1058E00045010000450100004501000044010000A1
:1058F0004401000044010000440100004401000094
:105900004401000044010000440100004401000083
:105910004401000044010000440100004401000073
:105920004301000043010000430100004301000067
:105930004301000043010000430100004301000057
:105940004301000043010000430100004301000047
:10595000420100004201000042010000420100003B
:10596000420100004201000042010000420100002B
:10597000420100004201000042010000420100001B
:10598000420100004101000041010000410100000E
:1059900041010000410100004101000041010000FF
:1059A00041010000410100004101000041010000EF
:1059B00041010000400100004001000040010000E2
:1059C00040010000400100004001000040010000D3
:1059D00040010000400100004001000040010000C3
:1059E00040010000400100003F0100003F010000B5
:1059F0003F0100003F0100003F0100003F010000A7
:105A00003F0100003F0100003F0100003F01000096
:105A10003F0100003F0100003E0100003E01000088
:105A20003E0100003E0100003E0100003E0100007A
:105A30003E0100003E0100003E0100003E0100006A
:105A40003E0100003E0100003E0100003D0100005B
:105A50003D0100003D0100003D0100003D0100004E
:105A60003D0100003D0100003D0100003D0100003E
:105A70003D0100003D0100003D0100003C0100002F
:105A80003C0100003C0100003C0100003C01000022
:105A90003C0100003C0100003C0100003C01000012
:105AA0003C0100003C0100003C0100003C01000002
:105AB0003B0100003B0100003B0100003B010000F6
:105AC0003B0100003B0100003B0100003B010000E6
:105AD0003B0100003B0100003B0100003B010000D6
:105AE0003A0100003A0100003A0100003A010000CA
:105AF0003A0100003A0100003A0100003A010000BA
:105B00003A0100003A0100003A0100003A010000A9
:105B1000390100003901000039010000390100009D
:105B2000390100003901000039010000390100008D
:105B3000390100003901000039010000390100007D
:105B40003901000038010000380100003801000070
:105B50003801000038010000380100003801000061
:105B60003801000038010000380100003801000051
:105B70003801000038010000370100003701000043
:105B80003701000037010000370100003701000035
:105B90003701000037010000370100003701000025
:105BA0003701000037010000360100003601000017
:105BB0003601000036010000360100003601000009
:105BC00036010000360100003601000036010000F9
:105BD00036010000360100003501000035010000EB
:105BE00035010000350100003501000035010000DD
:105BF00035010000350100003501000035010000CD
:105C000035010000350100003501000034010000BD
:105C100034010000340100003401000034010000B0
:105C200034010000340100003401000034010000A0
:105C30003401000034010000340100003401000090
:105C40003301000033010000330100003301000084
:105C50003301000033010000330100003301000074
:105C60003301000033010000330100003301000064
:105C70003201000032010000320100003201000058
:105C80003201000032010000320100003201000048
:105C90003201000032010000320100003201000038
:105CA000310100003101000031010000310100002C
:105CB000310100003101000031010000310100001C
:105CC000310100003101000031010000310100000C
:105CD00031010000300100003001000030010000FF
:105CE00030010000300100003001000030010000F0
:105CF00030010000300100003001000030010000E0
:105D000030010000300100002F0100002F010000D1
:105D10002F0100002F0100002F0100002F010000C3
:105D20002F0100002F0100002F0100002F010000B3
:105D30002F0100002F0100002E0100002E010000A5
:105D40002E0100002E0100002E0100002E01000097
:105D50002E0100002E0100002E0100002E01000087
:105D60002E0100002E0100002D0100002D01000079
:105D70002D0100002D0100002D0100002D0100006B
:105D80002D0100002D0100002D0100002D0100005B
:105D90002D0100002D0100002D0100002C0100004C
:105DA0002C0100002C0100002C0100002C0100003F
:105DB0002C0100002C0100002C0100002C0100002F
:105DC0002C0100002C0100002C0100002C0100001F
:105DD0002B0100002B0100002B0100002B01000013
:105DE0002B0100002B0100002B0100002B01000003
:105DF0002B0100002B0100002B0100002B010000F3
:105E00002A0100002A0100002A0100002A010000E6
:105E10002A0100002A0100002A0100002A010000D6
:105E20002A0100002A0100002A0100002A010000C6
:105E300029010000290100002901000029010000BA
:105E400029010000290100002901000029010000AA
:105E5000290100002901000029010000290100009A
:105E6000290100002801000028010000280100008D
:105E7000280100002801000028010000280100007E
:105E8000280100002801000028010000280100006E
:105E90002801000028010000270100002701000060
:105EA0002701000027010000270100002701000052
:105EB0002701000027010000270100002701000042
:105EC0002701000027010000260100002601000034
:105ED0002601000026010000260100002601000026
:105EE0002601000026010000260100002601000016
:105EF0002601000026010000250100002501000008
:105F000025010000250100002501000025010000F9
:105F100025010000250100002501000025010000E9
:105F200025010000250100002501000024010000DA
:105F300024010000240100002401000024010000CD
:105F400024010000240100002401000024010000BD
:105F500024010000240100002401000024010000AD
:105F600023010000230100002301000023010000A1
:105F70002301000023010000230100002301000091
:105F80002301000023010000230100002301000081
:105F90002201000022010000220100002201000075
:105FA0002201000022010000220100002201000065
:105FB0002201000022010000220100002201000055
:105FC0002101000021010000210100002101000049
:105FD0002101000021010000210100002101000039
:105FE0002101000021010000210100002101000029
:105FF000210100002001000020010000200100001C
:10600000200100002001000020010000200100000C
:1060100020010000200100002001000020010000FC
:1060200020010000200100001F0100001F010000EE
:106030001F0100001F0100001F0100001F010000E0
:106040001F0100001F0100001F0100001F010000D0
:106050001F0100001F0100001E0100001E010000C2
:106060001E0100001E0100001E0100001E010000B4
:106070001E0100001E0100001E0100001E010000A4
:106080001E0100001E0100001D0100001D01000096
:106090001D0100001D0100001D0100001D01000088
:1060A0001D0100001D0100001D0100001D01000078
:1060B0001D0100001D0100001D0100001C01000069
:1060C0001C0100001C0100001C0100001C0100005C
:1060D0001C0100001C0100001C0100001C0100004C
:1060E0001C0100001C0100001C0100001C0100003C
:1060F0001B0100001B0100001B0100001B01000030
:106100001B0100001B0100001B0100001B0100001F
:106110001B0100001B0100001B0100001B0100000F
:106120001A0100001A0100001A0100001A01000003
:106130001A0100001A0100001A0100001A010000F3
:106140001A0100001A0100001A0100001A010000E3
:1061500019010000190100001901000019010000D7
:1061600019010000190100001901000019010000C7
:1061700019010000190100001901000019010000B7
:1061800019010000180100001801000018010000AA
:10619000180100001801000018010000180100009B
:1061A000180100001801000018010000180100008B
:1061B000180100001801000017010000170100007D
:1061C000170100001701000017010000170100006F
:1061D000170100001701000017010000170100005F
:1061E0001701000017010000160100001601000051
:1061F0001601000016010000160100001601000043
:106200001601000016010000160100001601000032
:106210001601000016010000150100001501000024
:106220001501000015010000150100001501000016
:106230001501000015010000150100001501000006
:1062400015010000150100001501000014010000F7
:1062500014010000140100001401000014010000EA
:1062600014010000140100001401000014010000DA
:1062700014010000140100001401000014010000CA
:1062800013010000130100001301000013010000BE
:1062900013010000130100001301000013010000AE
:1062A000130100001301000013010000130100009E
:1062B0001201000012010000120100001201000092
:1062C0001201000012010000120100001201000082
:1062D0001201000012010000120100001201000072
:1062E0001101000011010000110100001101000066
:1062F0001101000011010000110100001101000056
:106300001101000011010000110100001101000045
:106310001101000010010000100100001001000038
:106320001001000010010000100100001001000029
:106330001001000010010000100100001001000019
:1063400010010000100100000F0100000F0100000B
:106350000F0100000F0100000F0100000F010000FD
:106360000F0100000F0100000F0100000F010000ED
:106370000F0100000F0100000E0100000E010000DF
:106380000E0100000E0100000E0100000E010000D1
:106390000E0100000E0100000E0100000E010000C1
:1063A0000E0100000E0100000E0100000D010000B2
:1063B0000D0100000D0100000D0100000D010000A5
:1063C0000D0100000D0100000D0100000D01000095
:1063D0000D0100000D0100000D0100000C01000086
:1063E0000C0100000C0100000C0100000C01000079
:1063F0000C0100000C0100000C0100000C01000069
:106400000C0100000C0100000C0100000C01000058
:106410000B0100000B0100000B0100000B0100004C
:106420000B0100000B0100000B0100000B0100003C
:106430000B0100000B0100000B0100000B0100002C
:106440000A0100000A0100000A0100000A01000020
:106450000A0100000A0100000A0100000A01000010
:106460000A0100000A0100000A0100000A01000000
:106470000A010000090100000901000009010000F3
:1064800009010000090100000901000009010000E4
:1064900009010000090100000901000009010000D4
:1064A00009010000080100000801000008010000C7
:1064B00008010000080100000801000008010000B8
:1064C00008010000080100000801000008010000A8
:1064D000080100000701000007010000070100009B
:1064E000070100000701000007010000070100008C
:1064F000070100000701000007010000070100007C
:10650000070100000701000006010000060100006D
:10651000060100000601000006010000060100005F
:10652000060100000601000006010000060100004F
:106530000601000006010000060100000501000040
:106540000501000005010000050100000501000033
:106550000501000005010000050100000501000023
:106560000501000005010000050100000401000014
:106570000401000004010000040100000401000007
:1065800004010000040100000401000004010000F7
:1065900004010000040100000401000003010000E8
:1065A00003010000030100000301000003010000DB
:1065B00003010000030100000301000003010000CB
:1065C00003010000030100000301000003010000BB
:1065D00002010000020100000201000002010000AF
:1065E000020100000201000002010000020100009F
:1065F000020100000201000002010000020100008F
:106600000201000001010000010100000101000081
:106610000101000001010000010100000101000072
:106620000101000001010000010100000101000062
:106630000101000000010000000100000001000055
:106640000001000000010000000100000001000046
:106650000001000000010000000100000001000036
:1066600000010000FF000000FF000000FF0000002C
:10667000FF000000FF000000FF000000FF0000001E
:10668000FF000000FF000000FF000000FF0000000E
:10669000FF000000FF000000FE000000FE00000000
:1066A000FE000000FE000000FE000000FE000000F2
:1066B000FE000000FE000000FE000000FE000000E2
:1066C000FE000000FE000000FE000000FD000000D3
:1066D000FD000000FD000000FD000000FD000000C6
:1066E000FD000000FD000000FD000000FD000000B6
:1066F000FD000000FD000000FD000000FC000000A7
:10670000FC000000FC000000FC000000FC00000099
:10671000FC000000FC000000FC000000FC00000089
:10672000FC000000FC000000FC000000FB0000007A
:10673000FB000000FB000000FB000000FB0000006D
:10674000FB000000FB000000FB000000FB0000005D
:10675000FB000000FB000000FB000000FB0000004D
:10676000FA000000FA000000FA000000FA00000041
:10677000FA000000FA000000FA000000FA00000031
:10678000FA000000FA000000FA000000FA00000021
:10679000FA000000F9000000F9000000F900000014
:1067A000F9000000F9000000F9000000F900000005
:1067B000F9000000F9000000F9000000F9000000F5
:1067C000F9000000F8000000F8000000F8000000E8
:1067D000F8000000F8000000F8000000F8000000D9
:1067E000F8000000F8000000F8000000F8000000C9
:1067F000F8000000F7000000F7000000F7000000BC
:10680000F7000000F7000000F7000000F7000000AC
:10681000F7000000F7000000F7000000F70000009C
:10682000F7000000F7000000F6000000F60000008E
:10683000F6000000F6000000F6000000F600000080
:10684000F6000000F6000000F6000000F600000070
:10685000F6000000F6000000F6000000F500000061
:10686000F5000000F5000000F5000000F500000054
:10687000F5000000F5000000F5000000F500000044
:10688000F5000000F5000000F5000000F400000035
:10689000F4000000F4000000F4000000F400000028
:1068A000F4000000F4000000F4000000F400000018
:1068B000F4000000F4000000F4000000F300000009
:1068C000F3000000F3000000F3000000F3000000FC
:1068D000F3000000F3000000F3000000F3000000EC
:1068E000F3000000F3000000F3000000F3000000DC
:1068F000F2000000F2000000F2000000F2000000D0
:10690000F2000000F2000000F2000000F2000000BF
:10691000F2000000F2000000F2000000F2000000AF
:10692000F2000000F1000000F1000000F1000000A2
:10693000F1000000F1000000F1000000F100000093
:10694000F1000000F1000000F1000000F100000083
:10695000F1000000F0000000F0000000F000000076
:10696000F0000000F0000000F0000000F000000067
:10697000F0000000F0000000F0000000F000000057
:10698000F0000000EF000000EF000000EF0000004A
:10699000EF000000EF000000EF000000EF0000003B
:1069A000EF000000EF000000EF000000EF0000002B
:1069B000EF000000EF000000EE000000EE0000001D
:1069C000EE000000EE000000EE000000EE0000000F
:1069D000EE000000EE000000EE000000EE000000FF
:1069E000EE000000EE000000EE000000ED000000F0
:1069F000ED000000ED000000ED000000ED000000E3
:106A0000ED000000ED000000ED000000ED000000D2
:106A1000ED000000ED000000ED000000EC000000C3
:106A2000EC000000EC000000EC000000EC000000B6
:106A3000EC000000EC000000EC000000EC000000A6
:106A4000EC000000EC000000EC000000EB00000097
:106A5000EB000000EB000000EB000000EB0000008A
:106A6000EB000000EB000000EB000000EB0000007A
:106A7000EB000000EB000000EB000000EB0000006A
:106A8000EA000000EA000000EA000000EA0000005E
:106A9000EA000000EA000000EA000000EA0000004E
:106AA000EA000000EA000000EA000000EA0000003E
:106AB000EA000000E9000000E9000000E900000031
:106AC000E9000000E9000000E9000000E900000022
:106AD000E9000000E9000000E9000000E900000012
:106AE000E9000000E8000000E8000000E800000005
:106AF000E8000000E8000000E8000000E8000000F6
:106B0000E8000000E8000000E8000000E8000000E5
:106B1000E8000000E7000000E7000000E7000000D8
:106B2000E7000000E7000000E7000000E7000000C9
:106B3000E7000000E7000000E7000000E7000000B9
:106B4000E7000000E7000000E6000000E6000000AB
:106B5000E6000000E6000000E6000000E60000009D
:106B6000E6000000E6000000E6000000E60000008D
:106B7000E6000000E6000000E5000000E50000007F
:106B8000E5000000E5000000E5000000E500000071
:106B9000E5000000E5000000E5000000E500000061
:106BA000E5000000E5000000E5000000E400000052
:106BB000E4000000E4000000E4000000E400000045
:106BC000E4000000E4000000E4000000E400000035
:106BD000E4000000E4000000E4000000E300000026
:106BE000E3000000E3000000E3000000E300000019
:106BF000E3000000E3000000E3000000E300000009
:106C0000E3000000E3000000E3000000E3000000F8
:106C1000E2000000E2000000E2000000E2000000EC
:106C2000E2000000E2000000E2000000E2000000DC
:106C3000E2000000E2000000E2000000E2000000CC
:106C4000E1000000E1000000E1000000E1000000C0
:106C5000E1000000E1000000E1000000E1000000B0
:106C6000E1000000E1000000E1000000E1000000A0
:106C7000E1000000E0000000E0000000E000000093
:106C8000E0000000E0000000E0000000E000000084
:106C9000E0000000E0000000E0000000E000000074
:106CA000E0000000DF000000DF000000DF00000067
:106CB000DF000000DF000000DF000000DF00000058
:106CC000DF000000DF000000DF000000DF00000048
:106CD000DF000000DF000000DE000000DE0000003A
:106CE000DE000000DE000000DE000000DE0000002C
:106CF000DE000000DE000000DE000000DE0000001C
:106D0000DE000000DE000000DD000000DD0000000D
:106D1000DD000000DD000000DD000000DD000000FF
:106D2000DD000000DD000000DD000000DD000000EF
:106D3000DD000000DD000000DD000000DC000000E0
:106D4000DC000000DC000000DC000000DC000000D3
:106D5000DC000000DC000000DC000000DC000000C3
:106D6000DC000000DC000000DC000000DB000000B4
:106D7000DB000000DB000000DB000000DB000000A7
:106D8000DB000000DB000000DB000000DB00000097
:106D9000DB000000DB000000DB000000DB00000087
:106DA000DA000000DA000000DA000000DA0000007B
:106DB000DA000000DA000000DA000000DA0000006B
:106DC000DA000000DA000000DA000000DA0000005B
:106DD000D9000000D9000000D9000000D90000004F
:106DE000D9000000D9000000D9000000D90000003F
:106DF000D9000000D9000000D9000000D90000002F
:106E0000D9000000D8000000D8000000D800000021
:106E1000D8000000D8000000D8000000D800000012
:106E2000D8000000D8000000D8000000D800000002
:106E3000D8000000D8000000D7000000D7000000F4
:106E4000D7000000D7000000D7000000D7000000E6
:106E5000D7000000D7000000D7000000D7000000D6
:106E6000D7000000D7000000D6000000D6000000C8
:106E7000D6000000D6000000D6000000D6000000BA
:106E8000D6000000D6000000D6000000D6000000AA
:106E9000D6000000D6000000D5000000D50000009C
:106EA000D5000000D5000000D5000000D50000008E
:106EB000D5000000D5000000D5000000D50000007E
:106EC000D5000000D5000000D5000000D40000006F
:106ED000D4000000D4000000D4000000D400000062
:106EE000D4000000D4000000D4000000D400000052
:106EF000D4000000D4000000D4000000D400000042
:106F0000D3000000D3000000D3000000D300000035
:106F1000D3000000D3000000D3000000D300000025
:106F2000D3000000D3000000D3000000D300000015
:106F3000D2000000D2000000D2000000D200000009
:106F4000D2000000D2000000D2000000D2000000F9
:106F5000D2000000D2000000D2000000D2000000E9
:106F6000D1000000D1000000D1000000D1000000DD
:106F7000D1000000D1000000D1000000D1000000CD
:106F8000D1000000D1000000D1000000D1000000BD
:106F9000D1000000D0000000D0000000D0000000B0
:106FA000D0000000D0000000D0000000D0000000A1
:106FB000D0000000D0000000D0000000D000000091
:106FC000D0000000D0000000CF000000CF00000083
:106FD000CF000000CF000000CF000000CF00000075
:106FE000CF000000CF000000CF000000CF00000065
:106FF000CF000000CF000000CE000000CE00000057
:10700000CE000000CE000000CE000000CE00000048
:10701000CE000000CE000000CE000000CE00000038
:10702000CE000000CE000000CD000000CD0000002A
:10703000CD000000CD000000CD000000CD0000001C
:10704000CD000000CD000000CD000000CD0000000C
:10705000CD000000CD000000CD000000CC000000FD
:10706000CC000000CC000000CC000000CC000000F0
:10707000CC000000CC000000CC000000CC000000E0
:10708000CC000000CC000000CC000000CC000000D0
:10709000CB000000CB000000CB000000CB000000C4
:1070A000CB000000CB000000CB000000CB000000B4
:1070B000CB000000CB000000CB000000CB000000A4
:1070C000CA000000CA000000CA000000CA00000098
:1070D000CA000000CA000000CA000000CA00000088
:1070E000CA000000CA000000CA000000CA00000078
:1070F000C9000000C9000000C9000000C90000006C
:10710000C9000000C9000000C9000000C90000005B
:10711000C9000000C9000000C9000000C90000004B
:10712000C9000000C8000000C8000000C80000003E
:10713000C8000000C8000000C8000000C80000002F
:10714000C8000000C8000000C8000000C80000001F
:10715000C8000000C8000000C7000000C700000011
:10716000C7000000C7000000C7000000C700000003
:10717000C7000000C7000000C7000000C7000000F3
:10718000C7000000C7000000C6000000C6000000E5
:10719000C6000000C6000000C6000000C6000000D7
:1071A000C6000000C6000000C6000000C6000000C7
:1071B000C6000000C6000000C5000000C5000000B9
:1071C000C5000000C5000000C5000000C5000000AB
:1071D000C5000000C5000000C5000000C50000009B
:1071E000C5000000C5000000C5000000C40000008C
:1071F000C4000000C4000000C4000000C40000007F
:10720000C4000000C4000000C4000000C40000006E
:10721000C4000000C4000000C4000000C40000005E
:10722000C3000000C3000000C3000000C300000052
:10723000C3000000C3000000C3000000C300000042
:10724000C3000000C3000000C3000000C300000032
:10725000C2000000C2000000C2000000C200000026
:10726000C2000000C2000000C2000000C200000016
:10727000C2000000C2000000C2000000C200000006
:10728000C1000000C1000000C1000000C1000000FA
:10729000C1000000C1000000C1000000C1000000EA
:1072A000C1000000C1000000C1000000C1000000DA
:1072B000C1000000C0000000C0000000C0000000CD
:1072C000C0000000C0000000C0000000C0000000BE
:1072D000C0000000C0000000C0000000C0000000AE
:1072E000C0000000C0000000BF000000BF000000A0
:1072F000BF000000BF000000BF000000BF00000092
:10730000BF000000BF000000BF000000BF00000081
:10731000BF000000BF000000BE000000BE00000073
:10732000BE000000BE000000BE000000BE00000065
:10733000BE000000BE000000BE000000BE00000055
:10734000BE000000BE000000BD000000BD00000047
:10735000BD000000BD000000BD000000BD00000039
:10736000BD000000BD000000BD000000BD00000029
:10737000BD000000BD000000BD000000BC0000001A
:10738000BC000000BC000000BC000000BC0000000D
:10739000BC000000BC000000BC000000BC000000FD
:1073A000BC000000BC000000BC000000BC000000ED
:1073B000BB000000BB000000BB000000BB000000E1
:1073C000BB000000BB000000BB000000BB000000D1
:1073D000BB000000BB000000BB000000BB000000C1
:1073E000BA000000BA000000BA000000BA000000B5
:1073F000BA000000BA000000BA000000BA000000A5
:10740000BA000000BA000000BA000000BA00000094
:10741000B9000000B9000000B9000000B900000088
:10742000B9000000B9000000B9000000B900000078
:10743000B9000000B9000000B9000000B900000068
:10744000B9000000B8000000B8000000B80000005B
:10745000B8000000B8000000B8000000B80000004C
:10746000B8000000B8000000B8000000B80000003C
:10747000B8000000B8000000B7000000B70000002E
:10748000B7000000B7000000B7000000B700000020
:10749000B7000000B7000000B7000000B700000010
:1074A000B7000000B7000000B6000000B600000002
:1074B000B6000000B6000000B6000000B6000000F4
:1074C000B6000000B6000000B6000000B6000000E4
:1074D000B6000000B6000000B5000000B5000000D6
:1074E000B5000000B5000000B5000000B5000000C8
:1074F000B5000000B5000000B5000000B5000000B8
:10750000B5000000B5000000B5000000B4000000A8
:10751000B4000000B4000000B4000000B40000009B
:10752000B4000000B4000000B4000000B40000008B
:10753000B4000000B4000000B4000000B30000007C
:10754000B3000000B3000000B3000000B30000006F
:10755000B3000000B3000000B3000000B30000005F
:10756000B3000000B3000000B3000000B30000004F
:10757000B2000000B2000000B2000000B200000043
:10758000B2000000B2000000B2000000B200000033
:10759000B2000000B2000000B2000000B200000023
:1075A000B1000000B1000000B1000000B100000017
:1075B000B1000000B1000000B1000000B100000007
:1075C000B1000000B1000000B1000000B1000000F7
:1075D000B1000000B0000000B0000000B0000000EA
:1075E000B0000000B0000000B0000000B0000000DB
:1075F000B0000000B0000000B0000000B0000000CB
:10760000B0000000AF000000AF000000AF000000BD
:10761000AF000000AF000000AF000000AF000000AE
:10762000AF000000AF000000AF000000AF0000009E
:10763000AF000000AF000000AE000000AE00000090
:10764000AE000000AE000000AE000000AE00000082
:10765000AE000000AE000000AE000000AE00000072
:10766000AE000000AE000000AD000000AD00000064
:10767000AD000000AD000000AD000000AD00000056
:10768000AD000000AD000000AD000000AD00000046
:10769000AD000000AD000000AD000000AC00000037
:1076A000AC000000AC000000AC000000AC0000002A
:1076B000AC000000AC000000AC000000AC0000001A
:1076C000AC000000AC000000AC000000AB0000000B
:1076D000AB000000AB000000AB000000AB000000FE
:1076E000AB000000AB000000AB000000AB000000EE
:1076F000AB000000AB000000AB000000AB000000DE
:10770000AA000000AA000000AA000000AA000000D1
:10771000AA000000AA000000AA000000AA000000C1
:10772000AA000000AA000000AA000000AA000000B1
:10773000A9000000A9000000A9000000A9000000A5
:10774000A9000000A9000000A9000000A900000095
:10775000A9000000A9000000A9000000A900000085
:10776000A9000000A8000000A8000000A800000078
:10777000A8000000A8000000A8000000A800000069
:10778000A8000000A8000000A8000000A800000059
:10779000A8000000A7000000A7000000A70000004C
:1077A000A7000000A7000000A7000000A70000003D
:1077B000A7000000A7000000A7000000A70000002D
:1077C000A7000000A7000000A6000000A60000001F
:1077D000A6000000A6000000A6000000A600000011
:1077E000A6000000A6000000A6000000A600000001
:1077F000A6000000A6000000A5000000A5000000F3
:10780000A5000000A5000000A5000000A5000000E4
:10781000A5000000A5000000A5000000A5000000D4
:10782000A5000000A5000000A5000000A4000000C5
:10783000A4000000A4000000A4000000A4000000B8
:10784000A4000000A4000000A4000000A4000000A8
:10785000A4000000A4000000A4000000A300000099
:10786000A3000000A3000000A3000000A30000008C
:10787000A3000000A3000000A3000000A30000007C
:10788000A3000000A3000000A3000000A30000006C
:10789000A2000000A2000000A2000000A200000060
:1078A000A2000000A2000000A2000000A200000050
:1078B000A2000000A2000000A2000000A200000040
:1078C000A2000000A1000000A1000000A100000033
:1078D000A1000000A1000000A1000000A100000024
:1078E000A1000000A1000000A1000000A100000014
:1078F000A1000000A0000000A0000000A000000007
:10790000A0000000A0000000A0000000A0000000F7
:10791000A0000000A0000000A0000000A0000000E7
:10792000A00000009F0000009F0000009F000000DA
:107930009F0000009F0000009F0000009F000000CB
:107940009F0000009F0000009F0000009F000000BB
:107950009F0000009F0000009E0000009E000000AD
:107960009E0000009E0000009E0000009E0000009F
:107970009E0000009E0000009E0000009E0000008F
:107980009E0000009E0000009E0000009D00000080
:107990009D0000009D0000009D0000009D00000073
:1079A0009D0000009D0000009D0000009D00000063
:1079B0009D0000009D0000009D0000009C00000054
:1079C0009C0000009C0000009C0000009C00000047
:1079D0009C0000009C0000009C0000009C00000037
:1079E0009C0000009C0000009C0000009B00000028
:1079F0009B0000009B0000009B0000009B0000001B
:107A00009B0000009B0000009B0000009B0000000A
:107A10009B0000009B0000009B0000009B000000FA
:107A20009A0000009A0000009A0000009A000000EE
:107A30009A0000009A0000009A0000009A000000DE
:107A40009A0000009A0000009A0000009A000000CE
:107A50009A000000990000009900000099000000C1
:107A600099000000990000009900000099000000B2
:107A700099000000990000009900000099000000A2
:107A80009900000098000000980000009800000095
:107A90009800000098000000980000009800000086
:107AA0009800000098000000980000009800000076
:107AB0009800000097000000970000009700000069
:107AC000970000009700000097000000970000005A
:107AD000970000009700000097000000970000004A
:107AE000970000009700000096000000960000003C
:107AF000960000009600000096000000960000002E
:107B0000960000009600000096000000960000001D
:107B1000960000009600000096000000950000000E
:107B20009500000095000000950000009500000001
:107B300095000000950000009500000095000000F1
:107B400095000000950000009500000094000000E2
:107B500094000000940000009400000094000000D5
:107B600094000000940000009400000094000000C5
:107B700094000000940000009400000093000000B6
:107B800093000000930000009300000093000000A9
:107B90009300000093000000930000009300000099
:107BA0009300000093000000930000009300000089
:107BB000920000009200000092000000920000007D
:107BC000920000009200000092000000920000006D
:107BD000920000009200000092000000920000005D
:107BE0009200000091000000910000009100000050
:107BF0009100000091000000910000009100000041
:107C00009100000091000000910000009100000030
:107C10009100000090000000900000009000000023
:107C20009000000090000000900000009000000014
:107C30009000000090000000900000009000000004
:107C4000900000008F0000008F0000008F000000F7
:107C50008F0000008F0000008F0000008F000000E8
:107C60008F0000008F0000008F0000008F000000D8
:107C70008F0000008F0000008E0000008E000000CA
:107C80008E0000008E0000008E0000008E000000BC
:107C90008E0000008E0000008E0000008E000000AC
:107CA0008E0000008E0000008E0000008D0000009D
:107CB0008D0000008D0000008D0000008D00000090
:107CC0008D0000008D0000008D0000008D00000080
:107CD0008D0000008D0000008D0000008C00000071
:107CE0008C0000008C0000008C0000008C00000064
:107CF0008C0000008C0000008C0000008C00000054
:107D00008C0000008C0000008C0000008B00000044
:107D10008B0000008B0000008B0000008B00000037
:107D20008B0000008B0000008B0000008B00000027
:107D30008B0000008B0000008B0000008B00000017
:107D40008A0000008A0000008A0000008A0000000B
:107D50008A0000008A0000008A0000008A000000FB
:107D60008A0000008A0000008A0000008A000000EB
:107D70008A000000890000008900000089000000DE
:107D800089000000890000008900000089000000CF
:107D900089000000890000008900000089000000BF
:107DA00089000000880000008800000088000000B2
:107DB00088000000880000008800000088000000A3
:107DC0008800000088000000880000008800000093
:107DD0008800000087000000870000008700000086
:107DE0008700000087000000870000008700000077
:107DF0008700000087000000870000008700000067
:107E00008700000087000000860000008600000058
:107E1000860000008600000086000000860000004A
:107E2000860000008600000086000000860000003A
:107E3000860000008600000086000000850000002B
:107E4000850000008500000085000000850000001E
:107E5000850000008500000085000000850000000E
:107E600085000000850000008500000084000000FF
:107E700084000000840000008400000084000000F2
:107E800084000000840000008400000084000000E2
:107E900084000000840000008400000083000000D3
:107EA00083000000830000008300000083000000C6
:107EB00083000000830000008300000083000000B6
:107EC00083000000830000008300000083000000A6
:107ED000820000008200000082000000820000009A
:107EE000820000008200000082000000820000008A
:107EF000820000008200000082000000820000007A
:107F0000810000008100000081000000810000006D
:107F1000810000008100000081000000810000005D
:107F2000810000008100000081000000810000004D
:107F30008100000080000000800000008000000040
:107F40008000000080000000800000008000000031
:107F50008000000080000000800000008000000021
:107F6000800000007F0000007F0000007F00000014
:107F70007F0000007F0000007F0000007F00000005
:107F80007F0000007F0000007F0000007F000000F5
:107F90007F0000007F0000007E0000007E000000E7
:107FA0007E0000007E0000007E0000007E000000D9
:107FB0007E0000007E0000007E0000007E000000C9
:107FC0007E0000007E0000007D0000007D000000BB
:107FD0007D0000007D0000007D0000007D000000AD
:107FE0007D0000007D0000007D0000007D0000009D
:107FF0007D0000007D0000007D0000007C0000008E
:108000007C0000007C0000007C0000007C00000080
:108010007C0000007C0000007C0000007C00000070
:108020007C0000007C0000007C0000007B00000061
:108030007B0000007B0000007B0000007B00000054
:108040007B0000007B0000007B0000007B00000044
:108050007B0000007B0000007B0000007B00000034
:108060007A0000007A0000007A0000007A00000028
:108070007A0000007A0000007A0000007A00000018
:108080007A0000007A0000007A0000007A00000008
:1080900079000000790000007900000079000000FC
:1080A00079000000790000007900000079000000EC
:1080B00079000000790000007900000079000000DC
:1080C00079000000780000007800000078000000CF
:1080D00078000000780000007800000078000000C0
:1080E00078000000780000007800000078000000B0
:1080F00078000000770000007700000077000000A3
:108100007700000077000000770000007700000093
:108110007700000077000000770000007700000083
:108120007700000077000000760000007600000075
:108130007600000076000000760000007600000067
:108140007600000076000000760000007600000057
:108150007600000076000000750000007500000049
:10816000750000007500000075000000750000003B
:10817000750000007500000075000000750000002B
:10818000750000007500000075000000740000001C
:10819000740000007400000074000000740000000F
:1081A00074000000740000007400000074000000FF
:1081B00074000000740000007400000073000000F0
:1081C00073000000730000007300000073000000E3
:1081D00073000000730000007300000073000000D3
:1081E00073000000730000007300000073000000C3
:1081F00072000000720000007200000072000000B7
:1082000072000000720000007200000072000000A6
:108210007200000072000000720000007200000096
:10822000710000007100000071000000710000008A
:10823000710000007100000071000000710000007A
:10824000710000007100000071000000710000006A
:10825000710000007000000070000000700000005D
:10826000700000007000000070000000700000004E
:10827000700000007000000070000000700000003E
:1082800070000000700000006F0000006F00000030
:108290006F0000006F0000006F0000006F00000022
:1082A0006F0000006F0000006F0000006F00000012
:1082B0006F0000006F0000006E0000006E00000004
:1082C0006E0000006E0000006E0000006E000000F6
:1082D0006E0000006E0000006E0000006E000000E6
:1082E0006E0000006E0000006D0000006D000000D8
:1082F0006D0000006D0000006D0000006D000000CA
:108300006D0000006D0000006D0000006D000000B9
:108310006D0000006D0000006D0000006C000000AA
:108320006C0000006C0000006C0000006C0000009D
:108330006C0000006C0000006C0000006C0000008D
:108340006C0000006C0000006C0000006C0000007D
:108350006B0000006B0000006B0000006B00000071
:108360006B0000006B0000006B0000006B00000061
:108370006B0000006B0000006B0000006B00000051
:108380006A0000006A0000006A0000006A00000045
:108390006A0000006A0000006A0000006A00000035
:1083A0006A0000006A0000006A0000006A00000025
:1083B0006900000069000000690000006900000019
:1083C0006900000069000000690000006900000009
:1083D00069000000690000006900000069000000F9
:1083E00069000000680000006800000068000000EC
:1083F00068000000680000006800000068000000DD
:1084000068000000680000006800000068000000CC
:1084100068000000680000006700000067000000BE
:1084200067000000670000006700000067000000B0
:1084300067000000670000006700000067000000A0
:108440006700000067000000660000006600000092
:108450006600000066000000660000006600000084
:108460006600000066000000660000006600000074
:108470006600000066000000650000006500000066
:108480006500000065000000650000006500000058
:108490006500000065000000650000006500000048
:1084A0006500000065000000650000006400000039
:1084B000640000006400000064000000640000002C
:1084C000640000006400000064000000640000001C
:1084D000640000006400000064000000640000000C
:1084E0006300000063000000630000006300000000
:1084F00063000000630000006300000063000000F0
:1085000063000000630000006300000063000000DF
:1085100062000000620000006200000062000000D3
:1085200062000000620000006200000062000000C3
:1085300062000000620000006200000062000000B3
:1085400061000000610000006100000061000000A7
:108550006100000061000000610000006100000097
:108560006100000061000000610000006100000087
:10857000610000006000000060000000600000007A
:10858000600000006000000060000000600000006B
:10859000600000006000000060000000600000005B
:1085A00060000000600000005F0000005F0000004D
:1085B0005F0000005F0000005F0000005F0000003F
:1085C0005F0000005F0000005F0000005F0000002F
:1085D0005F0000005F0000005E0000005E00000021
:1085E0005E0000005E0000005E0000005E00000013
:1085F0005E0000005E0000005E0000005E00000003
:108600005E0000005E0000005D0000005D000000F4
:108610005D0000005D0000005D0000005D000000E6
:108620005D0000005D0000005D0000005D000000D6
:108630005D0000005D0000005D0000005C000000C7
:108640005C0000005C0000005C0000005C000000BA
:108650005C0000005C0000005C0000005C000000AA
:108660005C0000005C0000005C0000005C0000009A
:108670005B0000005B0000005B0000005B0000008E
:108680005B0000005B0000005B0000005B0000007E
:108690005B0000005B0000005B0000005B0000006E
:1086A0005A0000005A0000005A0000005A00000062
:1086B0005A0000005A0000005A0000005A00000052
:1086C0005A0000005A0000005A0000005A00000042
:1086D0005900000059000000590000005900000036
:1086E0005900000059000000590000005900000026
:1086F0005900000059000000590000005900000016
:108700005900000058000000580000005800000008
:1087100058000000580000005800000058000000F9
:1087200058000000580000005800000058000000E9
:1087300058000000570000005700000057000000DC
:1087400057000000570000005700000057000000CD
:1087500057000000570000005700000057000000BD
:1087600057000000570000005600000056000000AF
:1087700056000000560000005600000056000000A1
:108780005600000056000000560000005600000091
:108790005600000056000000550000005500000083
:1087A0005500000055000000550000005500000075
:1087B0005500000055000000550000005500000065
:1087C0005500000055000000550000005400000056
:1087D0005400000054000000540000005400000049
:1087E0005400000054000000540000005400000039
:1087F000540000005400000054000000530000002A
:10880000530000005300000053000000530000001C
:10881000530000005300000053000000530000000C
:1088200053000000530000005300000053000000FC
:1088300052000000520000005200000052000000F0
:1088400052000000520000005200000052000000E0
:1088500052000000520000005200000052000000D0
:1088600051000000510000005100000051000000C4
:1088700051000000510000005100000051000000B4
:1088800051000000510000005100000051000000A4
:108890005100000050000000500000005000000097
:1088A0005000000050000000500000005000000088
:1088B0005000000050000000500000005000000078
:1088C000500000004F0000004F0000004F0000006B
:1088D0004F0000004F0000004F0000004F0000005C
:1088E0004F0000004F0000004F0000004F0000004C
:1088F0004F0000004F0000004E0000004E0000003E
:108900004E0000004E0000004E0000004E0000002F
:108910004E0000004E0000004E0000004E0000001F
:108920004E0000004E0000004D0000004D00000011
:108930004D0000004D0000004D0000004D00000003
:108940004D0000004D0000004D0000004D000000F3
:108950004D0000004D0000004D0000004C000000E4
:108960004C0000004C0000004C0000004C000000D7
:108970004C0000004C0000004C0000004C000000C7
:108980004C0000004C0000004C0000004B000000B8
:108990004B0000004B0000004B0000004B000000AB
:1089A0004B0000004B0000004B0000004B0000009B
:1089B0004B0000004B0000004B0000004B0000008B
:1089C0004A0000004A0000004A0000004A0000007F
:1089D0004A0000004A0000004A0000004A0000006F
:1089E0004A0000004A0000004A0000004A0000005F
:1089F0004900000049000000490000004900000053
:108A00004900000049000000490000004900000042
:108A10004900000049000000490000004900000032
:108A20004900000048000000480000004800000025
:108A30004800000048000000480000004800000016
:108A40004800000048000000480000004800000006
:108A500048000000470000004700000047000000F9
:108A600047000000470000004700000047000000EA
:108A700047000000470000004700000047000000DA
:108A800047000000470000004600000046000000CC
:108A900046000000460000004600000046000000BE
:108AA00046000000460000004600000046000000AE
:108AB00046000000460000004500000045000000A0
:108AC0004500000045000000450000004500000092
:108AD0004500000045000000450000004500000082
:108AE0004500000045000000450000004400000073
:108AF0004400000044000000440000004400000066
:108B00004400000044000000440000004400000055
:108B10004400000044000000440000004300000046
:108B20004300000043000000430000004300000039
:108B30004300000043000000430000004300000029
:108B40004300000043000000430000004300000019
:108B5000420000004200000042000000420000000D
:108B600042000000420000004200000042000000FD
:108B700042000000420000004200000042000000ED
:108B800041000000410000004100000041000000E1
:108B900041000000410000004100000041000000D1
:108BA00041000000410000004100000041000000C1
:108BB00041000000400000004000000040000000B4
:108BC00040000000400000004000000040000000A5
:108BD0004000000040000000400000004000000095
:108BE000400000003F0000003F0000003F00000088
:108BF0003F0000003F0000003F0000003F00000079
:108C00003F0000003F0000003F0000003F00000068
:108C10003F0000003F0000003E0000003E0000005A
:108C20003E0000003E0000003E0000003E0000004C
:108C30003E0000003E0000003E0000003E0000003C
:108C40003E0000003E0000003D0000003D0000002E
:108C50003D0000003D0000003D0000003D00000020
:108C60003D0000003D0000003D0000003D00000010
:108C70003D0000003D0000003D0000003C00000001
:108C80003C0000003C0000003C0000003C000000F4
:108C90003C0000003C0000003C0000003C000000E4
:108CA0003C0000003C0000003C0000003B000000D5
:108CB0003B0000003B0000003B0000003B000000C8
:108CC0003B0000003B0000003B0000003B000000B8
:108CD0003B0000003B0000003B0000003B000000A8
:108CE0003A0000003A0000003A0000003A0000009C
:108CF0003A0000003A0000003A0000003A0000008C
:108D00003A0000003A0000003A0000003A0000007B
:108D10003A0000003900000039000000390000006E
:108D2000390000003900000039000000390000005F
:108D3000390000003900000039000000390000004F
:108D40003900000038000000380000003800000042
:108D50003800000038000000380000003800000033
:108D60003800000038000000380000003800000023
:108D70003800000037000000370000003700000016
:108D80003700000037000000370000003700000007
:108D900037000000370000003700000037000000F7
:108DA00037000000370000003600000036000000E9
:108DB00036000000360000003600000036000000DB
:108DC00036000000360000003600000036000000CB
:108DD00036000000360000003600000035000000BC
:108DE00035000000350000003500000035000000AF
:108DF000350000003500000035000000350000009F
:108E0000350000003500000035000000340000008F
:108E10003400000034000000340000003400000082
:108E20003400000034000000340000003400000072
:108E30003400000034000000340000003300000063
:108E40003300000033000000330000003300000056
:108E50003300000033000000330000003300000046
:108E60003300000033000000330000003300000036
:108E7000320000003200000032000000320000002A
:108E8000320000003200000032000000320000001A
:108E9000320000003200000032000000320000000A
:108EA00032000000310000003100000031000000FD
:108EB00031000000310000003100000031000000EE
:108EC00031000000310000003100000031000000DE
:108ED00031000000300000003000000030000000D1
:108EE00030000000300000003000000030000000C2
:108EF00030000000300000003000000030000000B2
:108F0000300000002F0000002F0000002F000000A4
:108F10002F0000002F0000002F0000002F00000095
:108F20002F0000002F0000002F0000002F00000085
:108F30002F0000002F0000002E0000002E00000077
:108F40002E0000002E0000002E0000002E00000069
:108F50002E0000002E0000002E0000002E00000059
:108F60002E0000002E0000002E0000002D0000004A
:108F70002D0000002D0000002D0000002D0000003D
:108F80002D0000002D0000002D0000002D0000002D
:108F90002D0000002D0000002D0000002C0000001E
:108FA0002C0000002C0000002C0000002C00000011
:108FB0002C0000002C0000002C0000002C00000001
:108FC0002C0000002C0000002C0000002B000000F2
:108FD0002B0000002B0000002B0000002B000000E5
:108FE0002B0000002B0000002B0000002B000000D5
:108FF0002B0000002B0000002B0000002B000000C5
:109000002A0000002A0000002A0000002A000000B8
:109010002A0000002A0000002A0000002A000000A8
:109020002A0000002A0000002A0000002A00000098
:10903000290000002900000029000000290000008C
:10904000290000002900000029000000290000007C
:10905000290000002900000029000000290000006C
:10906000290000002800000028000000280000005F
:109070002800000028000000280000002800000050
:109080002800000028000000280000002800000040
:109090002800000027000000270000002700000033
:1090A0002700000027000000270000002700000024
:1090B0002700000027000000270000002700000014
:1090C0002700000027000000260000002600000006
:1090D00026000000260000002600000026000000F8
:1090E00026000000260000002600000026000000E8
:1090F00026000000260000002500000025000000DA
:1091000025000000250000002500000025000000CB
:1091100025000000250000002500000025000000BB
:1091200025000000250000002500000024000000AC
:10913000240000002400000024000000240000009F
:10914000240000002400000024000000240000008F
:109150002400000024000000240000002300000080
:109160002300000023000000230000002300000073
:109170002300000023000000230000002300000063
:109180002300000023000000230000002300000053
:109190002200000022000000220000002200000047
:1091A0002200000022000000220000002200000037
:1091B0002200000022000000220000002200000027
:1091C000210000002100000021000000210000001B
:1091D000210000002100000021000000210000000B
:1091E00021000000210000002100000021000000FB
:1091F00021000000200000002000000020000000EE
:1092000020000000200000002000000020000000DE
:1092100020000000200000002000000020000000CE
:10922000200000001F0000001F0000001F000000C1
:109230001F0000001F0000001F0000001F000000B2
:109240001F0000001F0000001F0000001F000000A2
:109250001F0000001F0000001E0000001E00000094
:109260001E0000001E0000001E0000001E00000086
:109270001E0000001E0000001E0000001E00000076
:109280001E0000001E0000001D0000001D00000068
:109290001D0000001D0000001D0000001D0000005A
:1092A0001D0000001D0000001D0000001D0000004A
:1092B0001D0000001D0000001D0000001C0000003B
:1092C0001C0000001C0000001C0000001C0000002E
:1092D0001C0000001C0000001C0000001C0000001E
:1092E0001C0000001C0000001C0000001B0000000F
:1092F0001B0000001B0000001B0000001B00000002
:109300001B0000001B0000001B0000001B000000F1
:109310001B0000001B0000001B0000001B000000E1
:109320001A0000001A0000001A0000001A000000D5
:109330001A0000001A0000001A0000001A000000C5
:109340001A0000001A0000001A0000001A000000B5
:1093500019000000190000001900000019000000A9
:109360001900000019000000190000001900000099
:109370001900000019000000190000001900000089
:10938000190000001800000018000000180000007C
:10939000180000001800000018000000180000006D
:1093A000180000001800000018000000180000005D
:1093B0001800000017000000170000001700000050
:1093C0001700000017000000170000001700000041
:1093D0001700000017000000170000001700000031
:1093E0001700000017000000160000001600000023
:1093F0001600000016000000160000001600000015
:109400001600000016000000160000001600000004
:1094100016000000160000001500000015000000F6
:1094200015000000150000001500000015000000E8
:1094300015000000150000001500000015000000D8
:1094400015000000150000001500000014000000C9
:1094500014000000140000001400000014000000BC
:1094600014000000140000001400000014000000AC
:10947000140000001400000014000000130000009D
:109480001300000013000000130000001300000090
:109490001300000013000000130000001300000080
:1094A0001300000013000000130000001300000070
:1094B0001200000012000000120000001200000064
:1094C0001200000012000000120000001200000054
:1094D0001200000012000000120000001200000044
:1094E0001100000011000000110000001100000038
:1094F0001100000011000000110000001100000028
:109500001100000011000000110000001100000017
:10951000110000001000000010000000100000000A
:1095200010000000100000001000000010000000FB
:1095300010000000100000001000000010000000EB
:10954000100000000F0000000F0000000F000000DE
:109550000F0000000F0000000F0000000F000000CF
:109560000F0000000F0000000F0000000F000000BF
:109570000F0000000F0000000E0000000E000000B1
:109580000E0000000E0000000E0000000E000000A3
:109590000E0000000E0000000E0000000E00000093
:1095A0000E0000000E0000000D0000000D00000085
:1095B0000D0000000D0000000D0000000D00000077
:1095C0000D0000000D0000000D0000000D00000067
:1095D0000D0000000D0000000D0000000C00000058
:1095E0000C0000000C0000000C0000000C0000004B
:1095F0000C0000000C0000000C0000000C0000003B
:109600000C0000000C0000000C0000000B0000002B
:109610000B0000000B0000000B0000000B0000001E
:109620000B0000000B0000000B0000000B0000000E
:109630000B0000000B0000000B0000000B000000FE
:109640000A0000000A0000000A0000000A000000F2
:109650000A0000000A0000000A0000000A000000E2
:109660000A0000000A0000000A0000000A000000D2
:1096700009000000090000000900000009000000C6
:1096800009000000090000000900000009000000B6
:1096900009000000090000000900000009000000A6
:1096A0000900000008000000080000000800000099
:1096B000080000000800000008000000080000008A
:1096C000080000000800000008000000080000007A
:1096D000080000000700000007000000070000006D
:1096E000070000000700000007000000070000005E
:1096F000070000000700000007000000070000004E
:10970000070000000700000006000000060000003F
:109710000600000006000000060000000600000031
:109720000600000006000000060000000600000021
:109730000600000006000000050000000500000013
:109740000500000005000000050000000500000005
:1097500005000000050000000500000005000000F5
:1097600005000000050000000500000004000000E6
:1097700004000000040000000400000004000000D9
:1097800004000000040000000400000004000000C9
:1097900004000000040000000400000004000000B9
:1097A00003000000030000000300000003000000AD
:1097B000030000000300000003000000030000009D
:1097C000030000000300000003000000030000008D
:1097D0000200000002000000020000000200000081
:1097E0000200000002000000020000000200000071
:1097F0000200000002000000020000000200000061
:109800000100000001000000010000000100000054
:109810000100000001000000010000000100000044
:109820000100000001000000010000000100000034
:109830000100000000000000000000000000000027
:109840000000000000000000000000000000000018
:109850000000000000000000000000000000000008
:1098600000000000000000000000000000000000F8
:1098700000000000000000000000000000000000E8
:1098800000000000000000000000000000000000D8
:1098900000000000000000000000000000000000C8
:1098A00000000000000000000000000000000000B8
:1098B00000000000000000000000000000000000A8
:1098C0000000000000000000010000000100000096
:1098D0000100000001000000010000000100000084
:1098E0000100000001000000010000000100000074
:1098F0000100000001000000010000000100000064
:109900000100000001000000010000000100000053
:109910000100000001000000010000000100000043
:109920000100000001000000010000000200000032
:10993000020000000200000002000000020000001F
:10994000020000000200000002000000020000000F
:1099500002000000020000000200000002000000FF
:1099600002000000020000000200000002000000EF
:1099700002000000020000000200000002000000DF
:1099800002000000020000000200000002000000CF
:1099900003000000030000000300000003000000BB
:1099A00003000000030000000300000003000000AB
:1099B000030000000300000003000000030000009B
:1099C000030000000300000003000000030000008B
:1099D000030000000300000003000000030000007B
:1099E000030000000300000003000000030000006B
:1099F0000300000004000000040000000400000058
:109A00000400000004000000040000000400000046
:109A10000400000004000000040000000400000036
:109A20000400000004000000040000000400000026
:109A30000400000004000000040000000400000016
:109A40000400000004000000040000000400000006
:109A500004000000040000000500000005000000F4
:109A600005000000050000000500000005000000E2
:109A700005000000050000000500000005000000D2
:109A800005000000050000000500000005000000C2
:109A900005000000050000000500000005000000B2
:109AA00005000000050000000500000005000000A2
:109AB0000500000005000000050000000600000091
:109AC000060000000600000006000000060000007E
:109AD000060000000600000006000000060000006E
:109AE000060000000600000006000000060000005E
:109AF000060000000600000006000000060000004E
:109B0000060000000600000006000000060000003D
:109B1000060000000600000006000000060000002D
:109B20000700000007000000070000000700000019
:109B30000700000007000000070000000700000009
:109B400007000000070000000700000007000000F9
:109B500007000000070000000700000007000000E9
:109B600007000000070000000700000007000000D9
:109B700007000000070000000700000007000000C9
:109B800007000000080000000800000008000000B6
:109B900008000000080000000800000008000000A5
:109BA0000800000008000000080000000800000095
:109BB0000800000008000000080000000800000085
:109BC0000800000008000000080000000800000075
:109BD0000800000008000000080000000800000065
:109BE0000800000008000000090000000900000053
:109BF0000900000009000000090000000900000041
:109C00000900000009000000090000000900000030
:109C10000900000009000000090000000900000020
:109C20000900000009000000090000000900000010
:109C30000900000009000000090000000900000000
:109C40000900000009000000090000000A000000EF
:109C50000A0000000A0000000A0000000A000000DC
:109C60000A0000000A0000000A0000000A000000CC
:109C70000A0000000A0000000A0000000A000000BC
:109C80000A0000000A0000000A0000000A000000AC
:109C90000A0000000A0000000A0000000A0000009C
:109CA0000A0000000A0000000A0000000A0000008C
:109CB0000B0000000B0000000B0000000B00000078
:109CC0000B0000000B0000000B0000000B00000068
:109CD0000B0000000B0000000B0000000B00000058
:109CE0000B0000000B0000000B0000000B00000048
:109CF0000B0000000B0000000B0000000B00000038
:109D00000B0000000B0000000B0000000B00000027
:109D10000B0000000C0000000C0000000C00000014
:109D20000C0000000C0000000C0000000C00000003
:109D30000C0000000C0000000C0000000C000000F3
:109D40000C0000000C0000000C0000000C000000E3
:109D50000C0000000C0000000C0000000C000000D3
:109D60000C0000000C0000000C0000000C000000C3
:109D70000C0000000C0000000D0000000D000000B1
:109D80000D0000000D0000000D0000000D0000009F
:109D90000D0000000D0000000D0000000D0000008F
:109DA0000D0000000D0000000D0000000D0000007F
:109DB0000D0000000D0000000D0000000D0000006F
:109DC0000D0000000D0000000D0000000D0000005F
:109DD0000D0000000D0000000D0000000E0000004E
:109DE0000E0000000E0000000E0000000E0000003B
:109DF0000E0000000E0000000E0000000E0000002B
:109E00000E0000000E0000000E0000000E0000001A
:109E10000E0000000E0000000E0000000E0000000A
:109E20000E0000000E0000000E0000000E000000FA
:109E30000E0000000E0000000E0000000E000000EA
:109E40000F0000000F0000000F0000000F000000D6
:109E50000F0000000F0000000F0000000F000000C6
:109E60000F0000000F0000000F0000000F000000B6
:109E70000F0000000F0000000F0000000F000000A6
:109E80000F0000000F0000000F0000000F00000096
:109E90000F0000000F0000000F0000000F00000086
:109EA0000F00000010000000100000001000000073
:109EB0001000000010000000100000001000000062
:109EC0001000000010000000100000001000000052
:109ED0001000000010000000100000001000000042
:109EE0001000000010000000100000001000000032
:109EF0001000000010000000100000001000000022
:109F0000100000001000000011000000110000000F
:109F100011000000110000001100000011000000FD
:109F200011000000110000001100000011000000ED
:109F300011000000110000001100000011000000DD
:109F400011000000110000001100000011000000CD
:109F500011000000110000001100000011000000BD
:109F600011000000110000001100000012000000AC
:109F70001200000012000000120000001200000099
:109F80001200000012000000120000001200000089
:109F90001200000012000000120000001200000079
:109FA0001200000012000000120000001200000069
:109FB0001200000012000000120000001200000059
:109FC0001200000012000000120000001200000049
:109FD0001300000013000000130000001300000035
:109FE0001300000013000000130000001300000025
:109FF0001300000013000000130000001300000015
:10A000001300000013000000130000001300000004
:10A0100013000000130000001300000013000000F4
:10A0200013000000130000001300000013000000E4
:10A0300013000000140000001400000014000000D1
:10A0400014000000140000001400000014000000C0
:10A0500014000000140000001400000014000000B0
:10A0600014000000140000001400000014000000A0
:10A070001400000014000000140000001400000090
:10A080001400000014000000140000001400000080
:10A09000140000001400000015000000150000006E
:10A0A000150000001500000015000000150000005C
:10A0B000150000001500000015000000150000004C
:10A0C000150000001500000015000000150000003C
:10A0D000150000001500000015000000150000002C
:10A0E000150000001500000015000000150000001C
:10A0F000150000001500000015000000160000000B
:10A1000016000000160000001600000016000000F7
:10A1100016000000160000001600000016000000E7
:10A1200016000000160000001600000016000000D7
:10A1300016000000160000001600000016000000C7
:10A1400016000000160000001600000016000000B7
:10A1500016000000160000001600000016000000A7
:10A160001700000017000000170000001700000093
:10A170001700000017000000170000001700000083
:10A180001700000017000000170000001700000073
:10A190001700000017000000170000001700000063
:10A1A0001700000017000000170000001700000053
:10A1B0001700000017000000170000001700000043
:10A1C0001700000018000000180000001800000030
:10A1D000180000001800000018000000180000001F
:10A1E000180000001800000018000000180000000F
:10A1F00018000000180000001800000018000000FF
:10A2000018000000180000001800000018000000EE
:10A2100018000000180000001800000018000000DE
:10A2200018000000180000001900000019000000CC
:10A2300019000000190000001900000019000000BA
:10A2400019000000190000001900000019000000AA
:10A25000190000001900000019000000190000009A
:10A26000190000001900000019000000190000008A
:10A27000190000001900000019000000190000007A
:10A280001900000019000000190000001A00000069
:10A290001A0000001A0000001A0000001A00000056
:10A2A0001A0000001A0000001A0000001A00000046
:10A2B0001A0000001A0000001A0000001A00000036
:10A2C0001A0000001A0000001A0000001A00000026
:10A2D0001A0000001A0000001A0000001A00000016
:10A2E0001A0000001A0000001A0000001A00000006
:10A2F0001B0000001B0000001B0000001B000000F2
:10A300001B0000001B0000001B0000001B000000E1
:10A310001B0000001B0000001B0000001B000000D1
:10A320001B0000001B0000001B0000001B000000C1
:10A330001B0000001B0000001B0000001B000000B1
:10A340001B0000001B0000001B0000001B000000A1
:10A350001B0000001C0000001C0000001C0000008E
:10A360001C0000001C0000001C0000001C0000007D
:10A370001C0000001C0000001C0000001C0000006D
:10A380001C0000001C0000001C0000001C0000005D
:10A390001C0000001C0000001C0000001C0000004D
:10A3A0001C0000001C0000001C0000001C0000003D
:10A3B0001C0000001C0000001D0000001D0000002B
:10A3C0001D0000001D0000001D0000001D00000019
:10A3D0001D0000001D0000001D0000001D00000009
:10A3E0001D0000001D0000001D0000001D000000F9
:10A3F0001D0000001D0000001D0000001D000000E9
:10A400001D0000001D0000001D0000001D000000D8
:10A410001D0000001D0000001D0000001E000000C7
:10A420001E0000001E0000001E0000001E000000B4
:10A430001E0000001E0000001E0000001E000000A4
:10A440001E0000001E0000001E0000001E00000094
:10A450001E0000001E0000001E0000001E00000084
:10A460001E0000001E0000001E0000001E00000074
:10A470001E0000001E0000001E0000001E00000064
:10A480001F0000001F0000001F0000001F00000050
:10A490001F0000001F0000001F0000001F00000040
:10A4A0001F0000001F0000001F0000001F00000030
:10A4B0001F0000001F0000001F0000001F00000020
:10A4C0001F0000001F0000001F0000001F00000010
:10A4D0001F0000001F0000001F0000001F00000000
:10A4E0001F000000200000002000000020000000ED
:10A4F00020000000200000002000000020000000DC
:10A5000020000000200000002000000020000000CB
:10A5100020000000200000002000000020000000BB
:10A5200020000000200000002000000020000000AB
:10A53000200000002000000020000000200000009B
:10A540002000000020000000210000002100000089
:10A550002100000021000000210000002100000077
:10A560002100000021000000210000002100000067
:10A570002100000021000000210000002100000057
:10A580002100000021000000210000002100000047
:10A590002100000021000000210000002100000037
:10A5A0002100000021000000210000002200000026
:10A5B0002200000022000000220000002200000013
:10A5C0002200000022000000220000002200000003
:10A5D00022000000220000002200000022000000F3
:10A5E00022000000220000002200000022000000E3
:10A5F00022000000220000002200000022000000D3
:10A6000022000000220000002200000022000000C2
:10A6100023000000230000002300000023000000AE
:10A62000230000002300000023000000230000009E
:10A63000230000002300000023000000230000008E
:10A64000230000002300000023000000230000007E
:10A65000230000002300000023000000230000006E
:10A66000230000002300000023000000230000005E
:10A67000230000002400000024000000240000004B
:10A68000240000002400000024000000240000003A
:10A69000240000002400000024000000240000002A
:10A6A000240000002400000024000000240000001A
:10A6B000240000002400000024000000240000000A
:10A6C00024000000240000002400000024000000FA
:10A6D00024000000240000002500000025000000E8
:10A6E00025000000250000002500000025000000D6
:10A6F00025000000250000002500000025000000C6
:10A7000025000000250000002500000025000000B5
:10A7100025000000250000002500000025000000A5
:10A720002500000025000000250000002500000095
:10A730002500000025000000250000002600000084
:10A740002600000026000000260000002600000071
:10A750002600000026000000260000002600000061
:10A760002600000026000000260000002600000051
:10A770002600000026000000260000002600000041
:10A780002600000026000000260000002600000031
:10A790002600000026000000260000002600000021
:10A7A000270000002700000027000000270000000D
:10A7B00027000000270000002700000027000000FD
:10A7C00027000000270000002700000027000000ED
:10A7D00027000000270000002700000027000000DD
:10A7E00027000000270000002700000027000000CD
:10A7F00027000000270000002700000027000000BD
:10A8000027000000280000002800000028000000A9
:10A810002800000028000000280000002800000098
:10A820002800000028000000280000002800000088
:10A830002800000028000000280000002800000078
:10A840002800000028000000280000002800000068
:10A850002800000028000000280000002800000058
:10A860002800000028000000290000002900000046
:10A870002900000029000000290000002900000034
:10A880002900000029000000290000002900000024
:10A890002900000029000000290000002900000014
:10A8A0002900000029000000290000002900000004
:10A8B00029000000290000002900000029000000F4
:10A8C0002900000029000000290000002A000000E3
:10A8D0002A0000002A0000002A0000002A000000D0
:10A8E0002A0000002A0000002A0000002A000000C0
:10A8F0002A0000002A0000002A0000002A000000B0
:10A900002A0000002A0000002A0000002A0000009F
:10A910002A0000002A0000002A0000002A0000008F
:10A920002A0000002A0000002A0000002A0000007F
:10A930002B0000002B0000002B0000002B0000006B
:10A940002B0000002B0000002B0000002B0000005B
:10A950002B0000002B0000002B0000002B0000004B
:10A960002B0000002B0000002B0000002B0000003B
:10A970002B0000002B0000002B0000002B0000002B
:10A980002B0000002B0000002B0000002B0000001B
:10A990002B0000002C0000002C0000002C00000008
:10A9A0002C0000002C0000002C0000002C000000F7
:10A9B0002C0000002C0000002C0000002C000000E7
:10A9C0002C0000002C0000002C0000002C000000D7
:10A9D0002C0000002C0000002C0000002C000000C7
:10A9E0002C0000002C0000002C0000002C000000B7
:10A9F0002C0000002C0000002D0000002D000000A5
:10AA00002D0000002D0000002D0000002D00000092
:10AA10002D0000002D0000002D0000002D00000082
:10AA20002D0000002D0000002D0000002D00000072
:10AA30002D0000002D0000002D0000002D00000062
:10AA40002D0000002D0000002D0000002D00000052
:10AA50002D0000002D0000002D0000002E00000041
:10AA60002E0000002E0000002E0000002E0000002E
:10AA70002E0000002E0000002E0000002E0000001E
:10AA80002E0000002E0000002E0000002E0000000E
:10AA90002E0000002E0000002E0000002E000000FE
:10AAA0002E0000002E0000002E0000002E000000EE
:10AAB0002E0000002E0000002E0000002E000000DE
:10AAC0002F0000002F0000002F0000002F000000CA
:10AAD0002F0000002F0000002F0000002F000000BA
:10AAE0002F0000002F0000002F0000002F000000AA
:10AAF0002F0000002F0000002F0000002F0000009A
:10AB00002F0000002F0000002F0000002F00000089
:10AB10002F0000002F0000002F0000002F00000079
:10AB20002F00000030000000300000003000000066
:10AB30003000000030000000300000003000000055
:10AB40003000000030000000300000003000000045
:10AB50003000000030000000300000003000000035
:10AB60003000000030000000300000003000000025
:10AB70003000000030000000300000003000000015
:10AB80003000000030000000310000003100000003
:10AB900031000000310000003100000031000000F1
:10ABA00031000000310000003100000031000000E1
:10ABB00031000000310000003100000031000000D1
:10ABC00031000000310000003100000031000000C1
:10ABD00031000000310000003100000031000000B1
:10ABE00031000000310000003100000032000000A0
:10ABF000320000003200000032000000320000008D
:10AC0000320000003200000032000000320000007C
:10AC1000320000003200000032000000320000006C
:10AC2000320000003200000032000000320000005C
:10AC3000320000003200000032000000320000004C
:10AC4000320000003200000032000000320000003C
:10AC50003300000033000000330000003300000028
:10AC60003300000033000000330000003300000018
:10AC70003300000033000000330000003300000008
:10AC800033000000330000003300000033000000F8
:10AC900033000000330000003300000033000000E8
:10ACA00033000000330000003300000033000000D8
:10ACB00033000000340000003400000034000000C5
:10ACC00034000000340000003400000034000000B4
:10ACD00034000000340000003400000034000000A4
:10ACE0003400000034000000340000003400000094
:10ACF0003400000034000000340000003400000084
:10AD00003400000034000000340000003400000073
:10AD10003400000034000000350000003500000061
:10AD2000350000003500000035000000350000004F
:10AD3000350000003500000035000000350000003F
:10AD4000350000003500000035000000350000002F
:10AD5000350000003500000035000000350000001F
:10AD6000350000003500000035000000350000000F
:10AD700035000000350000003500000036000000FE
:10AD800036000000360000003600000036000000EB
:10AD900036000000360000003600000036000000DB
:10ADA00036000000360000003600000036000000CB
:10ADB00036000000360000003600000036000000BB
:10ADC00036000000360000003600000036000000AB
:10ADD000360000003600000036000000360000009B
:10ADE0003700000037000000370000003700000087
:10ADF0003700000037000000370000003700000077
:10AE00003700000037000000370000003700000066
:10AE10003700000037000000370000003700000056
:10AE20003700000037000000370000003700000046
:10AE30003700000037000000370000003700000036
:10AE40003700000038000000380000003800000023
:10AE50003800000038000000380000003800000012
:10AE60003800000038000000380000003800000002
:10AE700038000000380000003800000038000000F2
:10AE800038000000380000003800000038000000E2
:10AE900038000000380000003800000038000000D2
:10AEA00038000000380000003900000039000000C0
:10AEB00039000000390000003900000039000000AE
:10AEC000390000003900000039000000390000009E
:10AED000390000003900000039000000390000008E
:10AEE000390000003900000039000000390000007E
:10AEF000390000003900000039000000390000006E
:10AF00003900000039000000390000003A0000005C
:10AF10003A0000003A0000003A0000003A00000049
:10AF20003A0000003A0000003A0000003A00000039
:10AF30003A0000003A0000003A0000003A00000029
:10AF40003A0000003A0000003A0000003A00000019
:10AF50003A0000003A0000003A0000003A00000009
:10AF60003A0000003A0000003A0000003A000000F9
:10AF70003B0000003B0000003B0000003B000000E5
:10AF80003B0000003B0000003B0000003B000000D5
:10AF90003B0000003B0000003B0000003B000000C5
:10AFA0003B0000003B0000003B0000003B000000B5
:10AFB0003B0000003B0000003B0000003B000000A5
:10AFC0003B0000003B0000003B0000003B00000095
:10AFD0003B0000003C0000003C0000003C00000082
:10AFE0003C0000003C0000003C0000003C00000071
:10AFF0003C0000003C0000003C0000003C00000061
:10B000003C0000003C0000003C0000003C00000050
:10B010003C0000003C0000003C0000003C00000040
:10B020003C0000003C0000003C0000003C00000030
:10B030003C0000003C0000003D0000003D0000001E
:10B040003D0000003D0000003D0000003D0000000C
:10B050003D0000003D0000003D0000003D000000FC
:10B060003D0000003D0000003D0000003D000000EC
:10B070003D0000003D0000003D0000003D000000DC
:10B080003D0000003D0000003D0000003D000000CC
:10B090003D0000003D0000003D0000003E000000BB
:10B0A0003E0000003E0000003E0000003E000000A8
:10B0B0003E0000003E0000003E0000003E00000098
:10B0C0003E0000003E0000003E0000003E00000088
:10B0D0003E0000003E0000003E0000003E00000078
:10B0E0003E0000003E0000003E0000003E00000068
:10B0F0003E0000003E0000003E0000003E00000058
:10B100003F0000003F0000003F0000003F00000043
:10B110003F0000003F0000003F0000003F00000033
:10B120003F0000003F0000003F0000003F00000023
:10B130003F0000003F0000003F0000003F00000013
:10B140003F0000003F0000003F0000003F00000003
:10B150003F0000003F0000003F0000003F000000F3
:10B160003F000000400000004000000040000000E0
:10B1700040000000400000004000000040000000CF
:10B1800040000000400000004000000040000000BF
:10B1900040000000400000004000000040000000AF
:10B1A000400000004000000040000000400000009F
:10B1B000400000004000000040000000400000008F
:10B1C000400000004000000041000000410000007D
:10B1D000410000004100000041000000410000006B
:10B1E000410000004100000041000000410000005B
:10B1F000410000004100000041000000410000004B
:10B20000410000004100000041000000410000003A
:10B21000410000004100000041000000410000002A
:10B220004100000041000000410000004200000019
:10B230004200000042000000420000004200000006
:10B2400042000000420000004200000042000000F6
:10B2500042000000420000004200000042000000E6
:10B2600042000000420000004200000042000000D6
:10B2700042000000420000004200000042000000C6
:10B2800042000000420000004200000042000000B6
:10B2900043000000430000004300000043000000A2
:10B2A0004300000043000000430000004300000092
:10B2B0004300000043000000430000004300000082
:10B2C0004300000043000000430000004300000072
:10B2D0004300000043000000430000004300000062
:10B2E0004300000043000000430000004300000052
:10B2F000430000004400000044000000440000003F
:10B30000440000004400000044000000440000002D
:10B31000440000004400000044000000440000001D
:10B32000440000004400000044000000440000000D
:10B3300044000000440000004400000044000000FD
:10B3400044000000440000004400000044000000ED
:10B3500044000000440000004500000045000000DB
:10B3600045000000450000004500000045000000C9
:10B3700045000000450000004500000045000000B9
:10B3800045000000450000004500000045000000A9
:10B390004500000045000000450000004500000099
:10B3A0004500000045000000450000004500000089
:10B3B0004500000045000000450000004600000078
:10B3C0004600000046000000460000004600000065
:10B3D0004600000046000000460000004600000055
:10B3E0004600000046000000460000004600000045
:10B3F0004600000046000000460000004600000035
:10B400004600000046000000460000004600000024
:10B410004600000046000000460000004600000014
:10B420004700000047000000470000004700000000
:10B4300047000000470000004700000047000000F0
:10B4400047000000470000004700000047000000E0
:10B4500047000000470000004700000047000000D0
:10B4600047000000470000004700000047000000C0
:10B4700047000000470000004700000047000000B0
:10B48000470000004800000048000000480000009D
:10B49000480000004800000048000000480000008C
:10B4A000480000004800000048000000480000007C
:10B4B000480000004800000048000000480000006C
:10B4C000480000004800000048000000480000005C
:10B4D000480000004800000048000000480000004C
:10B4E000480000004800000049000000490000003A
:10B4F0004900000049000000490000004900000028
:10B500004900000049000000490000004900000017
:10B510004900000049000000490000004900000007
:10B5200049000000490000004900000049000000F7
:10B5300049000000490000004900000049000000E7
:10B540004900000049000000490000004A000000D6
:10B550004A0000004A0000004A0000004A000000C3
:10B560004A0000004A0000004A0000004A000000B3
:10B570004A0000004A0000004A0000004A000000A3
:10B580004A0000004A0000004A0000004A00000093
:10B590004A0000004A0000004A0000004A00000083
:10B5A0004A0000004A0000004A0000004A00000073
:10B5B0004B0000004B0000004B0000004B0000005F
:10B5C0004B0000004B0000004B0000004B0000004F
:10B5D0004B0000004B0000004B0000004B0000003F
:10B5E0004B0000004B0000004B0000004B0000002F
:10B5F0004B0000004B0000004B0000004B0000001F
:10B600004B0000004B0000004B0000004B0000000E
:10B610004B0000004C0000004C0000004C000000FB
:10B620004C0000004C0000004C0000004C000000EA
:10B630004C0000004C0000004C0000004C000000DA
:10B640004C0000004C0000004C0000004C000000CA
:10B650004C0000004C0000004C0000004C000000BA
:10B660004C0000004C0000004C0000004C000000AA
:10B670004C0000004C0000004D0000004D00000098
:10B680004D0000004D0000004D0000004D00000086
:10B690004D0000004D0000004D0000004D00000076
:10B6A0004D0000004D0000004D0000004D00000066
:10B6B0004D0000004D0000004D0000004D00000056
:10B6C0004D0000004D0000004D0000004D00000046
:10B6D0004D0000004D0000004D0000004E00000035
:10B6E0004E0000004E0000004E0000004E00000022
:10B6F0004E0000004E0000004E0000004E00000012
:10B700004E0000004E0000004E0000004E00000001
:10B710004E0000004E0000004E0000004E000000F1
:10B720004E0000004E0000004E0000004E000000E1
:10B730004E0000004E0000004E0000004E000000D1
:10B740004F0000004F0000004F0000004F000000BD
:10B750004F0000004F0000004F0000004F000000AD
:10B760004F0000004F0000004F0000004F0000009D
:10B770004F0000004F0000004F0000004F0000008D
:10B780004F0000004F0000004F0000004F0000007D
:10B790004F0000004F0000004F0000004F0000006D
:10B7A0004F0000005000000050000000500000005A
:10B7B0005000000050000000500000005000000049
:10B7C0005000000050000000500000005000000039
:10B7D0005000000050000000500000005000000029
:10B7E0005000000050000000500000005000000019
:10B7F0005000000050000000500000005000000009
:10B8000050000000500000005100000051000000F6
:10B8100051000000510000005100000051000000E4
:10B8200051000000510000005100000051000000D4
:10B8300051000000510000005100000051000000C4
:10B8400051000000510000005100000051000000B4
:10B8500051000000510000005100000051000000A4
:10B860005100000051000000510000005200000093
:10B870005200000052000000520000005200000080
:10B880005200000052000000520000005200000070
:10B890005200000052000000520000005200000060
:10B8A0005200000052000000520000005200000050
:10B8B0005200000052000000520000005200000040
:10B8C0005200000052000000520000005200000030
:10B8D000530000005300000053000000530000001C
:10B8E000530000005300000053000000530000000C
:10B8F00053000000530000005300000053000000FC
:10B9000053000000530000005300000053000000EB
:10B9100053000000530000005300000053000000DB
:10B9200053000000530000005300000053000000CB
:10B9300053000000540000005400000054000000B8
:10B9400054000000540000005400000054000000A7
:10B950005400000054000000540000005400000097
:10B960005400000054000000540000005400000087
:10B970005400000054000000540000005400000077
:10B980005400000054000000540000005400000067
:10B990005400000054000000550000005500000055
:10B9A0005500000055000000550000005500000043
:10B9B0005500000055000000550000005500000033
:10B9C0005500000055000000550000005500000023
:10B9D0005500000055000000550000005500000013
:10B9E0005500000055000000550000005500000003
:10B9F00055000000550000005500000056000000F2
:10BA000056000000560000005600000056000000DE
:10BA100056000000560000005600000056000000CE
:10BA200056000000560000005600000056000000BE
:10BA300056000000560000005600000056000000AE
:10BA4000560000005600000056000000560000009E
:10BA5000560000005600000056000000560000008E
:10BA6000570000005700000057000000570000007A
:10BA7000570000005700000057000000570000006A
:10BA8000570000005700000057000000570000005A
:10BA9000570000005700000057000000570000004A
:10BAA000570000005700000057000000570000003A
:10BAB000570000005700000057000000570000002A
:10BAC0005700000058000000580000005800000017
:10BAD0005800000058000000580000005800000006
:10BAE00058000000580000005800000058000000F6
:10BAF00058000000580000005800000058000000E6
:10BB000058000000580000005800000058000000D5
:10BB100058000000580000005800000058000000C5
:10BB200058000000580000005900000059000000B3
:10BB300059000000590000005900000059000000A1
:10BB40005900000059000000590000005900000091
:10BB50005900000059000000590000005900000081
:10BB60005900000059000000590000005900000071
:10BB70005900000059000000590000005900000061
:10BB80005900000059000000590000005A00000050
:10BB90005A0000005A0000005A0000005A0000003D
:10BBA0005A0000005A0000005A0000005A0000002D
:10BBB0005A0000005A0000005A0000005A0000001D
:10BBC0005A0000005A0000005A0000005A0000000D
:10BBD0005A0000005A0000005A0000005A000000FD
:10BBE0005A0000005A0000005A0000005A000000ED
:10BBF0005B0000005B0000005B0000005B000000D9
:10BC00005B0000005B0000005B0000005B000000C8
:10BC10005B0000005B0000005B0000005B000000B8
:10BC20005B0000005B0000005B0000005B000000A8
:10BC30005B0000005B0000005B0000005B00000098
:10BC40005B0000005B0000005B0000005B00000088
:10BC50005B0000005C0000005C0000005C00000075
:10BC60005C0000005C0000005C0000005C00000064
:10BC70005C0000005C0000005C0000005C00000054
:10BC80005C0000005C0000005C0000005C00000044
:10BC90005C0000005C0000005C0000005C00000034
:10BCA0005C0000005C0000005C0000005C00000024
:10BCB0005C0000005C0000005D0000005D00000012
:10BCC0005D0000005D0000005D0000005D00000000
:10BCD0005D0000005D0000005D0000005D000000F0
:10BCE0005D0000005D0000005D0000005D000000E0
:10BCF0005D0000005D0000005D0000005D000000D0
:10BD00005D0000005D0000005D0000005D000000BF
:10BD10005D0000005D0000005D0000005E000000AE
:10BD20005E0000005E0000005E0000005E0000009B
:10BD30005E0000005E0000005E0000005E0000008B
:10BD40005E0000005E0000005E0000005E0000007B
:10BD50005E0000005E0000005E0000005E0000006B
:10BD60005E0000005E0000005E0000005E0000005B
:10BD70005E0000005E0000005E0000005E0000004B
:10BD80005F0000005F0000005F0000005F00000037
:10BD90005F0000005F0000005F0000005F00000027
:10BDA0005F0000005F0000005F0000005F00000017
:10BDB0005F0000005F0000005F0000005F00000007
:10BDC0005F0000005F0000005F0000005F000000F7
:10BDD0005F0000005F0000005F0000005F000000E7
:10BDE0005F000000600000006000000060000000D4
:10BDF00060000000600000006000000060000000C3
:10BE000060000000600000006000000060000000B2
:10BE100060000000600000006000000060000000A2
:10BE20006000000060000000600000006000000092
:10BE30006000000060000000600000006000000082
:10BE40006000000060000000610000006100000070
:10BE5000610000006100000061000000610000005E
:10BE6000610000006100000061000000610000004E
:10BE7000610000006100000061000000610000003E
:10BE8000610000006100000061000000610000002E
:10BE9000610000006100000061000000610000001E
:10BEA000610000006100000061000000620000000D
:10BEB00062000000620000006200000062000000FA
:10BEC00062000000620000006200000062000000EA
:10BED00062000000620000006200000062000000DA
:10BEE00062000000620000006200000062000000CA
:10BEF00062000000620000006200000062000000BA
:10BF000062000000620000006200000062000000A9
:10BF10006300000063000000630000006300000095
:10BF20006300000063000000630000006300000085
:10BF30006300000063000000630000006300000075
:10BF40006300000063000000630000006300000065
:10BF50006300000063000000630000006300000055
:10BF60006300000063000000630000006300000045
:10BF70006300000064000000640000006400000032
:10BF80006400000064000000640000006400000021
:10BF90006400000064000000640000006400000011
:10BFA0006400000064000000640000006400000001
:10BFB00064000000640000006400000064000000F1
:10BFC00064000000640000006400000064000000E1
:10BFD00064000000640000006500000065000000CF
:10BFE00065000000650000006500000065000000BD
:10BFF00065000000650000006500000065000000AD
:10C00000650000006500000065000000650000009C
:10C01000650000006500000065000000650000008C
:10C02000650000006500000065000000650000007C
:10C03000650000006500000065000000660000006B
:10C040006600000066000000660000006600000058
:10C050006600000066000000660000006600000048
:10C060006600000066000000660000006600000038
:10C070006600000066000000660000006600000028
:10C080006600000066000000660000006600000018
:10C090006600000066000000660000006600000008
:10C0A00067000000670000006700000067000000F4
:10C0B00067000000670000006700000067000000E4
:10C0C00067000000670000006700000067000000D4
:10C0D00067000000670000006700000067000000C4
:10C0E00067000000670000006700000067000000B4
:10C0F00067000000670000006700000067000000A4
:10C100006700000068000000680000006800000090
:10C11000680000006800000068000000680000007F
:10C12000680000006800000068000000680000006F
:10C13000680000006800000068000000680000005F
:10C14000680000006800000068000000680000004F
:10C15000680000006800000068000000680000003F
:10C16000680000006800000069000000690000002D
:10C17000690000006900000069000000690000001B
:10C18000690000006900000069000000690000000B
:10C1900069000000690000006900000069000000FB
:10C1A00069000000690000006900000069000000EB
:10C1B00069000000690000006900000069000000DB
:10C1C0006900000069000000690000006A000000CA
:10C1D0006A0000006A0000006A0000006A000000B7
:10C1E0006A0000006A0000006A0000006A000000A7
:10C1F0006A0000006A0000006A0000006A00000097
:10C200006A0000006A0000006A0000006A00000086
:10C210006A0000006A0000006A0000006A00000076
:10C220006A0000006A0000006A0000006A00000066
:10C230006B0000006B0000006B0000006B00000052
:10C240006B0000006B0000006B0000006B00000042
:10C250006B0000006B0000006B0000006B00000032
:10C260006B0000006B0000006B0000006B00000022
:10C270006B0000006B0000006B0000006B00000012
:10C280006B0000006B0000006B0000006B00000002
:10C290006B0000006C0000006C0000006C000000EF
:10C2A0006C0000006C0000006C0000006C000000DE
:10C2B0006C0000006C0000006C0000006C000000CE
:10C2C0006C0000006C0000006C0000006C000000BE
:10C2D0006C0000006C0000006C0000006C000000AE
:10C2E0006C0000006C0000006C0000006C0000009E
:10C2F0006C0000006C0000006D0000006D0000008C
:10C300006D0000006D0000006D0000006D00000079
:10C310006D0000006D0000006D0000006D00000069
:10C320006D0000006D0000006D0000006D00000059
:10C330006D0000006D0000006D0000006D00000049
:10C340006D0000006D0000006D0000006D00000039
:10C350006D0000006D0000006D0000006E00000028
:10C360006E0000006E0000006E0000006E00000015
:10C370006E0000006E0000006E0000006E00000005
:10C380006E0000006E0000006E0000006E000000F5
:10C390006E0000006E0000006E0000006E000000E5
:10C3A0006E0000006E0000006E0000006E000000D5
:10C3B0006E0000006E0000006E0000006E000000C5
:10C3C0006F0000006F0000006F0000006F000000B1
:10C3D0006F0000006F0000006F0000006F000000A1
:10C3E0006F0000006F0000006F0000006F00000091
:10C3F0006F0000006F0000006F0000006F00000081
:10C400006F0000006F0000006F0000006F00000070
:10C410006F0000006F0000006F0000006F00000060
:10C420006F0000007000000070000000700000004D
:10C43000700000007000000070000000700000003C
:10C44000700000007000000070000000700000002C
:10C45000700000007000000070000000700000001C
:10C46000700000007000000070000000700000000C
:10C4700070000000700000007000000070000000FC
:10C4800070000000700000007100000071000000EA
:10C4900071000000710000007100000071000000D8
:10C4A00071000000710000007100000071000000C8
:10C4B00071000000710000007100000071000000B8
:10C4C00071000000710000007100000071000000A8
:10C4D0007100000071000000710000007100000098
:10C4E0007100000071000000710000007200000087
:10C4F0007200000072000000720000007200000074
:10C500007200000072000000720000007200000063
:10C510007200000072000000720000007200000053
:10C520007200000072000000720000007200000043
:10C530007200000072000000720000007200000033
:10C540007200000072000000720000007200000023
:10C55000730000007300000073000000730000000F
:10C5600073000000730000007300000073000000FF
:10C5700073000000730000007300000073000000EF
:10C5800073000000730000007300000073000000DF
:10C5900073000000730000007300000073000000CF
:10C5A00073000000730000007300000073000000BF
:10C5B00073000000740000007400000074000000AC
:10C5C000740000007400000074000000740000009B
:10C5D000740000007400000074000000740000008B
:10C5E000740000007400000074000000740000007B
:10C5F000740000007400000074000000740000006B
:10C60000740000007400000074000000740000005A
:10C610007400000074000000750000007500000048
:10C620007500000075000000750000007500000036
:10C630007500000075000000750000007500000026
:10C640007500000075000000750000007500000016
:10C650007500000075000000750000007500000006
:10C6600075000000750000007500000075000000F6
:10C6700075000000750000007500000076000000E5
:10C6800076000000760000007600000076000000D2
:10C6900076000000760000007600000076000000C2
:10C6A00076000000760000007600000076000000B2
:10C6B00076000000760000007600000076000000A2
:10C6C0007600000076000000760000007600000092
:10C6D0007600000076000000760000007600000082
:10C6E000770000007700000077000000770000006E
:10C6F000770000007700000077000000770000005E
:10C70000770000007700000077000000770000004D
:10C71000770000007700000077000000770000003D
:10C72000770000007700000077000000770000002D
:10C73000770000007700000077000000770000001D
:10C74000770000007800000078000000780000000A
:10C7500078000000780000007800000078000000F9
:10C7600078000000780000007800000078000000E9
:10C7700078000000780000007800000078000000D9
:10C7800078000000780000007800000078000000C9
:10C7900078000000780000007800000078000000B9
:10C7A00078000000780000007900000079000000A7
:10C7B0007900000079000000790000007900000095
:10C7C0007900000079000000790000007900000085
:10C7D0007900000079000000790000007900000075
:10C7E0007900000079000000790000007900000065
:10C7F0007900000079000000790000007900000055
:10C800007900000079000000790000007A00000043
:10C810007A0000007A0000007A0000007A00000030
:10C820007A0000007A0000007A0000007A00000020
:10C830007A0000007A0000007A0000007A00000010
:10C840007A0000007A0000007A0000007A00000000
:10C850007A0000007A0000007A0000007A000000F0
:10C860007A0000007A0000007A0000007A000000E0
:10C870007B0000007B0000007B0000007B000000CC
:10C880007B0000007B0000007B0000007B000000BC
:10C890007B0000007B0000007B0000007B000000AC
:10C8A0007B0000007B0000007B0000007B0000009C
:10C8B0007B0000007B0000007B0000007B0000008C
:10C8C0007B0000007B0000007B0000007B0000007C
:10C8D0007B0000007C0000007C0000007C00000069
:10C8E0007C0000007C0000007C0000007C00000058
:10C8F0007C0000007C0000007C0000007C00000048
:10C900007C0000007C0000007C0000007C00000037
:10C910007C0000007C0000007C0000007C00000027
:10C920007C0000007C0000007C0000007C00000017
:10C930007C0000007C0000007D0000007D00000005
:10C940007D0000007D0000007D0000007D000000F3
:10C950007D0000007D0000007D0000007D000000E3
:10C960007D0000007D0000007D0000007D000000D3
:10C970007D0000007D0000007D0000007D000000C3
:10C980007D0000007D0000007D0000007D000000B3
:10C990007D0000007D0000007D0000007E000000A2
:10C9A0007E0000007E0000007E0000007E0000008F
:10C9B0007E0000007E0000007E0000007E0000007F
:10C9C0007E0000007E0000007E0000007E0000006F
:10C9D0007E0000007E0000007E0000007E0000005F
:10C9E0007E0000007E0000007E0000007E0000004F
:10C9F0007E0000007E0000007E0000007E0000003F
:10CA00007F0000007F0000007F0000007F0000002A
:10CA10007F0000007F0000007F0000007F0000001A
:10CA20007F0000007F0000007F0000007F0000000A
:10CA30007F0000007F0000007F0000007F000000FA
:10CA40007F0000007F0000007F0000007F000000EA
:10CA50007F0000007F0000007F0000007F000000DA
:10CA60007F000000800000008000000080000000C7
:10CA700080000000800000008000000080000000B6
:10CA800080000000800000008000000080000000A6
:10CA90008000000080000000800000008000000096
:10CAA0008000000080000000800000008000000086
:10CAB0008000000080000000800000008000000076
:10CAC0008000000080000000810000008100000064
:10CAD0008100000081000000810000008100000052
:10CAE0008100000081000000810000008100000042
:10CAF0008100000081000000810000008100000032
:10CB00008100000081000000810000008100000021
:10CB10008100000081000000810000008100000011
:10CB20008100000081000000810000008200000000
:10CB300082000000820000008200000082000000ED
:10CB400082000000820000008200000082000000DD
:10CB500082000000820000008200000082000000CD
:10CB600082000000820000008200000082000000BD
:10CB700082000000820000008200000082000000AD
:10CB8000820000008200000082000000820000009D
:10CB90008300000083000000830000008300000089
:10CBA0008300000083000000830000008300000079
:10CBB0008300000083000000830000008300000069
:10CBC0008300000083000000830000008300000059
:10CBD0008300000083000000830000008300000049
:10CBE0008300000083000000830000008300000039
:10CBF0008300000084000000840000008400000026
:10CC00008400000084000000840000008400000014
:10CC10008400000084000000840000008400000004
:10CC200084000000840000008400000084000000F4
:10CC300084000000840000008400000084000000E4
:10CC400084000000840000008400000084000000D4
:10CC500084000000840000008500000085000000C2
:10CC600085000000850000008500000085000000B0
:10CC700085000000850000008500000085000000A0
:10CC80008500000085000000850000008500000090
:10CC90008500000085000000850000008500000080
:10CCA0008500000085000000850000008500000070
:10CCB000850000008500000085000000860000005F
:10CCC000860000008600000086000000860000004C
:10CCD000860000008600000086000000860000003C
:10CCE000860000008600000086000000860000002C
:10CCF000860000008600000086000000860000001C
:10CD0000860000008600000086000000860000000B
:10CD100086000000860000008600000086000000FB
:10CD200087000000870000008700000087000000E7
:10CD300087000000870000008700000087000000D7
:10CD400087000000870000008700000087000000C7
:10CD500087000000870000008700000087000000B7
:10CD600087000000870000008700000087000000A7
:10CD70008700000087000000870000008700000097
:10CD80008700000088000000880000008800000084
:10CD90008800000088000000880000008800000073
:10CDA0008800000088000000880000008800000063
:10CDB0008800000088000000880000008800000053
:10CDC0008800000088000000880000008800000043
:10CDD0008800000088000000880000008800000033
:10CDE0008800000088000000890000008900000021
:10CDF000890000008900000089000000890000000F
:10CE000089000000890000008900000089000000FE
:10CE100089000000890000008900000089000000EE
:10CE200089000000890000008900000089000000DE
:10CE300089000000890000008900000089000000CE
:10CE40008900000089000000890000008A000000BD
:10CE50008A0000008A0000008A0000008A000000AA
:10CE60008A0000008A0000008A0000008A0000009A
:10CE70008A0000008A0000008A0000008A0000008A
:10CE80008A0000008A0000008A0000008A0000007A
:10CE90008A0000008A0000008A0000008A0000006A
:10CEA0008A0000008A0000008A0000008A0000005A
:10CEB0008B0000008B0000008B0000008B00000046
:10CEC0008B0000008B0000008B0000008B00000036
:10CED0008B0000008B0000008B0000008B00000026
:10CEE0008B0000008B0000008B0000008B00000016
:10CEF0008B0000008B0000008B0000008B00000006
:10CF00008B0000008B0000008B0000008B000000F5
:10CF10008B0000008C0000008C0000008C000000E2
:10CF20008C0000008C0000008C0000008C000000D1
:10CF30008C0000008C0000008C0000008C000000C1
:10CF40008C0000008C0000008C0000008C000000B1
:10CF50008C0000008C0000008C0000008C000000A1
:10CF60008C0000008C0000008C0000008C00000091
:10CF70008C0000008C0000008D0000008D0000007F
:10CF80008D0000008D0000008D0000008D0000006D
:10CF90008D0000008D0000008D0000008D0000005D
:10CFA0008D0000008D0000008D0000008D0000004D
:10CFB0008D0000008D0000008D0000008D0000003D
:10CFC0008D0000008D0000008D0000008D0000002D
:10CFD0008D0000008D0000008D0000008E0000001C
:10CFE0008E0000008E0000008E0000008E00000009
:10CFF0008E0000008E0000008E0000008E000000F9
:10D000008E0000008E0000008E0000008E000000E8
:10D010008E0000008E0000008E0000008E000000D8
:10D020008E0000008E0000008E0000008E000000C8
:10D030008E0000008E0000008E0000008E000000B8
:10D040008F0000008F0000008F0000008F000000A4
:10D050008F0000008F0000008F0000008F00000094
:10D060008F0000008F0000008F0000008F00000084
:10D070008F0000008F0000008F0000008F00000074
:10D080008F0000008F0000008F0000008F00000064
:10D090008F0000008F0000008F0000008F00000054
:10D0A0008F00000090000000900000009000000041
:10D0B0009000000090000000900000009000000030
:10D0C0009000000090000000900000009000000020
:10D0D0009000000090000000900000009000000010
:10D0E0009000000090000000900000009000000000
:10D0F00090000000900000009000000090000000F0
:10D1000090000000900000009100000091000000DD
:10D1100091000000910000009100000091000000CB
:10D1200091000000910000009100000091000000BB
:10D1300091000000910000009100000091000000AB
:10D14000910000009100000091000000910000009B
:10D15000910000009100000091000000910000008B
:10D16000910000009100000091000000920000007A
:10D170009200000092000000920000009200000067
:10D180009200000092000000920000009200000057
:10D190009200000092000000920000009200000047
:10D1A0009200000092000000920000009200000037
:10D1B0009200000092000000920000009200000027
:10D1C0009200000092000000920000009200000017
:10D1D0009300000093000000930000009300000003
:10D1E00093000000930000009300000093000000F3
:10D1F00093000000930000009300000093000000E3
:10D2000093000000930000009300000093000000D2
:10D2100093000000930000009300000093000000C2
:10D2200093000000930000009300000093000000B2
:10D23000930000009400000094000000940000009F
:10D24000940000009400000094000000940000008E
:10D25000940000009400000094000000940000007E
:10D26000940000009400000094000000940000006E
:10D27000940000009400000094000000940000005E
:10D28000940000009400000094000000940000004E
:10D29000940000009400000095000000950000003C
:10D2A000950000009500000095000000950000002A
:10D2B000950000009500000095000000950000001A
:10D2C000950000009500000095000000950000000A
:10D2D00095000000950000009500000095000000FA
:10D2E00095000000950000009500000095000000EA
:10D2F00095000000950000009500000096000000D9
:10D3000096000000960000009600000096000000C5
:10D3100096000000960000009600000096000000B5
:10D3200096000000960000009600000096000000A5
:10D330009600000096000000960000009600000095
:10D340009600000096000000960000009600000085
:10D350009600000096000000960000009600000075
:10D360009700000097000000970000009700000061
:10D370009700000097000000970000009700000051
:10D380009700000097000000970000009700000041
:10D390009700000097000000970000009700000031
:10D3A0009700000097000000970000009700000021
:10D3B0009700000097000000970000009700000011
:10D3C00097000000980000009800000098000000FE
:10D3D00098000000980000009800000098000000ED
:10D3E00098000000980000009800000098000000DD
:10D3F00098000000980000009800000098000000CD
:10D4000098000000980000009800000098000000BC
:10D4100098000000980000009800000098000000AC
:10D42000980000009800000099000000990000009A
:10D430009900000099000000990000009900000088
:10D440009900000099000000990000009900000078
:10D450009900000099000000990000009900000068
:10D460009900000099000000990000009900000058
:10D470009900000099000000990000009900000048
:10D480009900000099000000990000009A00000037
:10D490009A0000009A0000009A0000009A00000024
:10D4A0009A0000009A0000009A0000009A00000014
:10D4B0009A0000009A0000009A0000009A00000004
:10D4C0009A0000009A0000009A0000009A000000F4
:10D4D0009A0000009A0000009A0000009A000000E4
:10D4E0009A0000009A0000009A0000009A000000D4
:10D4F0009B0000009B0000009B0000009B000000C0
:10D500009B0000009B0000009B0000009B000000AF
:10D510009B0000009B0000009B0000009B0000009F
:10D520009B0000009B0000009B0000009B0000008F
:10D530009B0000009B0000009B0000009B0000007F
:10D540009B0000009B0000009B0000009B0000006F
:10D550009B0000009C0000009C0000009C0000005C
:10D560009C0000009C0000009C0000009C0000004B
:10D570009C0000009C0000009C0000009C0000003B
:10D580009C0000009C0000009C0000009C0000002B
:10D590009C0000009C0000009C0000009C0000001B
:10D5A0009C0000009C0000009C0000009C0000000B
:10D5B0009C0000009C0000009D0000009D000000F9
:10D5C0009D0000009D0000009D0000009D000000E7
:10D5D0009D0000009D0000009D0000009D000000D7
:10D5E0009D0000009D0000009D0000009D000000C7
:10D5F0009D0000009D0000009D0000009D000000B7
:10D600009D0000009D0000009D0000009D000000A6
:10D610009D0000009D0000009D0000009E00000095
:10D620009E0000009E0000009E0000009E00000082
:10D630009E0000009E0000009E0000009E00000072
:10D640009E0000009E0000009E0000009E00000062
:10D650009E0000009E0000009E0000009E00000052
:10D660009E0000009E0000009E0000009E00000042
:10D670009E0000009E0000009E0000009E00000032
:10D680009F0000009F0000009F0000009F0000001E
:10D690009F0000009F0000009F0000009F0000000E
:10D6A0009F0000009F0000009F0000009F000000FE
:10D6B0009F0000009F0000009F0000009F000000EE
:10D6C0009F0000009F0000009F0000009F000000DE
:10D6D0009F0000009F0000009F0000009F000000CE
:10D6E0009F000000A0000000A0000000A0000000BB
:10D6F000A0000000A0000000A0000000A0000000AA
:10D70000A0000000A0000000A0000000A000000099
:10D71000A0000000A0000000A0000000A000000089
:10D72000A0000000A0000000A0000000A000000079
:10D73000A0000000A0000000A0000000A000000069
:10D74000A0000000A0000000A1000000A100000057
:10D75000A1000000A1000000A1000000A100000045
:10D76000A1000000A1000000A1000000A100000035
:10D77000A1000000A1000000A1000000A100000025
:10D78000A1000000A1000000A1000000A100000015
:10D79000A1000000A1000000A1000000A100000005
:10D7A000A1000000A1000000A1000000A2000000F4
:10D7B000A2000000A2000000A2000000A2000000E1
:10D7C000A2000000A2000000A2000000A2000000D1
:10D7D000A2000000A2000000A2000000A2000000C1
:10D7E000A2000000A2000000A2000000A2000000B1
:10D7F000A2000000A2000000A2000000A2000000A1
:10D80000A2000000A2000000A2000000A200000090
:10D81000A3000000A3000000A3000000A30000007C
:10D82000A3000000A3000000A3000000A30000006C
:10D83000A3000000A3000000A3000000A30000005C
:10D84000A3000000A3000000A3000000A30000004C
:10D85000A3000000A3000000A3000000A30000003C
:10D86000A3000000A3000000A3000000A30000002C
:10D87000A3000000A4000000A4000000A400000019
:10D88000A4000000A4000000A4000000A400000008
:10D89000A4000000A4000000A4000000A4000000F8
:10D8A000A4000000A4000000A4000000A4000000E8
:10D8B000A4000000A4000000A4000000A4000000D8
:10D8C000A4000000A4000000A4000000A4000000C8
:10D8D000A4000000A4000000A5000000A5000000B6
:10D8E000A5000000A5000000A5000000A5000000A4
:10D8F000A5000000A5000000A5000000A500000094
:10D90000A5000000A5000000A5000000A500000083
:10D91000A5000000A5000000A5000000A500000073
:10D92000A5000000A5000000A5000000A500000063
:10D93000A5000000A5000000A5000000A600000052
:10D94000A6000000A6000000A6000000A60000003F
:10D95000A6000000A6000000A6000000A60000002F
:10D96000A6000000A6000000A6000000A60000001F
:10D97000A6000000A6000000A6000000A60000000F
:10D98000A6000000A6000000A6000000A6000000FF
:10D99000A6000000A6000000A6000000A6000000EF
:10D9A000A7000000A7000000A7000000A7000000DB
:10D9B000A7000000A7000000A7000000A7000000CB
:10D9C000A7000000A7000000A7000000A7000000BB
:10D9D000A7000000A7000000A7000000A7000000AB
:10D9E000A7000000A7000000A7000000A70000009B
:10D9F000A7000000A7000000A7000000A70000008B
:10DA0000A7000000A8000000A8000000A800000077
:10DA1000A8000000A8000000A8000000A800000066
:10DA2000A8000000A8000000A8000000A800000056
:10DA3000A8000000A8000000A8000000A800000046
:10DA4000A8000000A8000000A8000000A800000036
:10DA5000A8000000A8000000A8000000A800000026
:10DA6000A8000000A8000000A9000000A900000014
:10DA7000A9000000A9000000A9000000A900000002
:10DA8000A9000000A9000000A9000000A9000000F2
:10DA9000A9000000A9000000A9000000A9000000E2
:10DAA000A9000000A9000000A9000000A9000000D2
:10DAB000A9000000A9000000A9000000A9000000C2
:10DAC000A9000000A9000000A9000000AA000000B1
:10DAD000AA000000AA000000AA000000AA0000009E
:10DAE000AA000000AA000000AA000000AA0000008E
:10DAF000AA000000AA000000AA000000AA0000007E
:10DB0000AA000000AA000000AA000000AA0000006D
:10DB1000AA000000AA000000AA000000AA0000005D
:10DB2000AA000000AA000000AA000000AA0000004D
:10DB3000AB000000AB000000AB000000AB00000039
:10DB4000AB000000AB000000AB000000AB00000029
:10DB5000AB000000AB000000AB000000AB00000019
:10DB6000AB000000AB000000AB000000AB00000009
:10DB7000AB000000AB000000AB000000AB000000F9
:10DB8000AB000000AB000000AB000000AB000000E9
:10DB9000AB000000AC000000AC000000AC000000D6
:10DBA000AC000000AC000000AC000000AC000000C5
:10DBB000AC000000AC000000AC000000AC000000B5
:10DBC000AC000000AC000000AC000000AC000000A5
:10DBD000AC000000AC000000AC000000AC00000095
:10DBE000AC000000AC000000AC000000AC00000085
:10DBF000AC000000AC000000AD000000AD00000073
:10DC0000AD000000AD000000AD000000AD00000060
:10DC1000AD000000AD000000AD000000AD00000050
:10DC2000AD000000AD000000AD000000AD00000040
:10DC3000AD000000AD000000AD000000AD00000030
:10DC4000AD000000AD000000AD000000AD00000020
:10DC5000AD000000AD000000AD000000AE0000000F
:10DC6000AE000000AE000000AE000000AE000000FC
:10DC7000AE000000AE000000AE000000AE000000EC
:10DC8000AE000000AE000000AE000000AE000000DC
:10DC9000AE000000AE000000AE000000AE000000CC
:10DCA000AE000000AE000000AE000000AE000000BC
:10DCB000AE000000AE000000AE000000AE000000AC
:10DCC000AF000000AF000000AF000000AF00000098
:10DCD000AF000000AF000000AF000000AF00000088
:10DCE000AF000000AF000000AF000000AF00000078
:10DCF000AF000000AF000000AF000000AF00000068
:10DD0000AF000000AF000000AF000000AF00000057
:10DD1000AF000000AF000000AF000000AF00000047
:10DD2000AF000000B0000000B0000000B000000034
:10DD3000B0000000B0000000B0000000B000000023
:10DD4000B0000000B0000000B0000000B000000013
:10DD5000B0000000B0000000B0000000B000000003
:10DD6000B0000000B0000000B0000000B0000000F3
:10DD7000B0000000B0000000B0000000B0000000E3
:10DD8000B0000000B0000000B1000000B1000000D1
:10DD9000B1000000B1000000B1000000B1000000BF
:10DDA000B1000000B1000000B1000000B1000000AF
:10DDB000B1000000B1000000B1000000B10000009F
:10DDC000B1000000B1000000B1000000B10000008F
:10DDD000B1000000B1000000B1000000B10000007F
:10DDE000B1000000B1000000B1000000B20000006E
:10DDF000B2000000B2000000B2000000B20000005B
:10DE0000B2000000B2000000B2000000B20000004A
:10DE1000B2000000B2000000B2000000B20000003A
:10DE2000B2000000B2000000B2000000B20000002A
:10DE3000B2000000B2000000B2000000B20000001A
:10DE4000B2000000B2000000B2000000B20000000A
:10DE5000B3000000B3000000B3000000B3000000F6
:10DE6000B3000000B3000000B3000000B3000000E6
:10DE7000B3000000B3000000B3000000B3000000D6
:10DE8000B3000000B3000000B3000000B3000000C6
:10DE9000B3000000B3000000B3000000B3000000B6
:10DEA000B3000000B3000000B3000000B3000000A6
:10DEB000B3000000B4000000B4000000B400000093
:10DEC000B4000000B4000000B4000000B400000082
:10DED000B4000000B4000000B4000000B400000072
:10DEE000B4000000B4000000B4000000B400000062
:10DEF000B4000000B4000000B4000000B400000052
:10DF0000B4000000B4000000B4000000B400000041
:10DF1000B4000000B4000000B5000000B50000002F
:10DF2000B5000000B5000000B5000000B50000001D
:10DF3000B5000000B5000000B5000000B50000000D
:10DF4000B5000000B5000000B5000000B5000000FD
:10DF5000B5000000B5000000B5000000B5000000ED
:10DF6000B5000000B5000000B5000000B5000000DD
:10DF7000B5000000B5000000B5000000B6000000CC
:10DF8000B6000000B6000000B6000000B6000000B9
:10DF9000B6000000B6000000B6000000B6000000A9
:10DFA000B6000000B6000000B6000000B600000099
:10DFB000B6000000B6000000B6000000B600000089
:10DFC000B6000000B6000000B6000000B600000079
:10DFD000B6000000B6000000B6000000B600000069
:10DFE000B7000000B7000000B7000000B700000055
:10DFF000B7000000B7000000B7000000B700000045
:10E00000B7000000B7000000B7000000B700000034
:10E01000B7000000B7000000B7000000B700000024
:10E02000B7000000B7000000B7000000B700000014
:10E03000B7000000B7000000B7000000B700000004
:10E04000B7000000B8000000B8000000B8000000F1
:10E05000B8000000B8000000B8000000B8000000E0
:10E06000B8000000B8000000B8000000B8000000D0
:10E07000B8000000B8000000B8000000B8000000C0
:10E08000B8000000B8000000B8000000B8000000B0
:10E09000B8000000B8000000B8000000B8000000A0
:10E0A000B8000000B8000000B9000000B90000008E
:10E0B000B9000000B9000000B9000000B90000007C
:10E0C000B9000000B9000000B9000000B90000006C
:10E0D000B9000000B9000000B9000000B90000005C
:10E0E000B9000000B9000000B9000000B90000004C
:10E0F000B9000000B9000000B9000000B90000003C
:10E10000B9000000B9000000B9000000BA0000002A
:10E11000BA000000BA000000BA000000BA00000017
:10E12000BA000000BA000000BA000000BA00000007
:10E13000BA000000BA000000BA000000BA000000F7
:10E14000BA000000BA000000BA000000BA000000E7
:10E15000BA000000BA000000BA000000BA000000D7
:10E16000BA000000BA000000BA000000BA000000C7
:10E17000BB000000BB000000BB000000BB000000B3
:10E18000BB000000BB000000BB000000BB000000A3
:10E19000BB000000BB000000BB000000BB00000093
:10E1A000BB000000BB000000BB000000BB00000083
:10E1B000BB000000BB000000BB000000BB00000073
:10E1C000BB000000BB000000BB000000BB00000063
:10E1D000BB000000BC000000BC000000BC00000050
:10E1E000BC000000BC000000BC000000BC0000003F
:10E1F000BC000000BC000000BC000000BC0000002F
:10E20000BC000000BC000000BC000000BC0000001E
:10E21000BC000000BC000000BC000000BC0000000E
:10E22000BC000000BC000000BC000000BC000000FE
:10E23000BC000000BC000000BD000000BD000000EC
:10E24000BD000000BD000000BD000000BD000000DA
:10E25000BD000000BD000000BD000000BD000000CA
:10E26000BD000000BD000000BD000000BD000000BA
:10E27000BD000000BD000000BD000000BD000000AA
:10E28000BD000000BD000000BD000000BD0000009A
:10E29000BD000000BD000000BD000000BE00000089
:10E2A000BE000000BE000000BE000000BE00000076
:10E2B000BE000000BE000000BE000000BE00000066
:10E2C000BE000000BE000000BE000000BE00000056
:10E2D000BE000000BE000000BE000000BE00000046
:10E2E000BE000000BE000000BE000000BE00000036
:10E2F000BE000000BE000000BE000000BE00000026
:10E30000BF000000BF000000BF000000BF00000011
:10E31000BF000000BF000000BF000000BF00000001
:10E32000BF000000BF000000BF000000BF000000F1
:10E33000BF000000BF000000BF000000BF000000E1
:10E34000BF000000BF000000BF000000BF000000D1
:10E35000BF000000BF000000BF000000BF000000C1
:10E36000BF000000C0000000C0000000C0000000AE
:10E37000C0000000C0000000C0000000C00000009D
:10E38000C0000000C0000000C0000000C00000008D
:10E39000C0000000C0000000C0000000C00000007D
:10E3A000C0000000C0000000C0000000C00000006D
:10E3B000C0000000C0000000C0000000C00000005D
:10E3C000C0000000C0000000C1000000C10000004B
:10E3D000C1000000C1000000C1000000C100000039
:10E3E000C1000000C1000000C1000000C100000029
:10E3F000C1000000C1000000C1000000C100000019
:10E40000C1000000C1000000C1000000C100000008
:10E41000C1000000C1000000C1000000C1000000F8
:10E42000C1000000C1000000C1000000C2000000E7
:10E43000C2000000C2000000C2000000C2000000D4
:10E44000C2000000C2000000C2000000C2000000C4
:10E45000C2000000C2000000C2000000C2000000B4
:10E46000C2000000C2000000C2000000C2000000A4
:10E47000C2000000C2000000C2000000C200000094
:10E48000C2000000C2000000C2000000C200000084
:10E49000C3000000C3000000C3000000C300000070
:10E4A000C3000000C3000000C3000000C300000060
:10E4B000C3000000C3000000C3000000C300000050
:10E4C000C3000000C3000000C3000000C300000040
:10E4D000C3000000C3000000C3000000C300000030
:10E4E000C3000000C3000000C3000000C300000020
:10E4F000C3000000C4000000C4000000C40000000D
:10E50000C4000000C4000000C4000000C4000000FB
:10E51000C4000000C4000000C4000000C4000000EB
:10E52000C4000000C4000000C4000000C4000000DB
:10E53000C4000000C4000000C4000000C4000000CB
:10E54000C4000000C4000000C4000000C4000000BB
:10E55000C4000000C4000000C5000000C5000000A9
:10E56000C5000000C5000000C5000000C500000097
:10E57000C5000000C5000000C5000000C500000087
:10E58000C5000000C5000000C5000000C500000077
:10E59000C5000000C5000000C5000000C500000067
:10E5A000C5000000C5000000C5000000C500000057
:10E5B000C5000000C5000000C5000000C600000046
:10E5C000C6000000C6000000C6000000C600000033
:10E5D000C6000000C6000000C6000000C600000023
:10E5E000C6000000C6000000C6000000C600000013
:10E5F000C6000000C6000000C6000000C600000003
:10E60000C6000000C6000000C6000000C6000000F2
:10E61000C6000000C6000000C6000000C6000000E2
:10E62000C7000000C7000000C7000000C7000000CE
:10E63000C7000000C7000000C7000000C7000000BE
:10E64000C7000000C7000000C7000000C7000000AE
:10E65000C7000000C7000000C7000000C70000009E
:10E66000C7000000C7000000C7000000C70000008E
:10E67000C7000000C7000000C7000000C70000007E
:10E68000C7000000C8000000C8000000C80000006B
:10E69000C8000000C8000000C8000000C80000005A
:10E6A000C8000000C8000000C8000000C80000004A
:10E6B000C8000000C8000000C8000000C80000003A
:10E6C000C8000000C8000000C8000000C80000002A
:10E6D000C8000000C8000000C8000000C80000001A
:10E6E000C8000000C8000000C9000000C900000008
:10E6F000C9000000C9000000C9000000C9000000F6
:10E70000C9000000C9000000C9000000C9000000E5
:10E71000C9000000C9000000C9000000C9000000D5
:10E72000C9000000C9000000C9000000C9000000C5
:10E73000C9000000C9000000C9000000C9000000B5
:10E74000C9000000C9000000C9000000CA000000A4
:10E75000CA000000CA000000CA000000CA00000091
:10E76000CA000000CA000000CA000000CA00000081
:10E77000CA000000CA000000CA000000CA00000071
:10E78000CA000000CA000000CA000000CA00000061
:10E79000CA000000CA000000CA000000CA00000051
:10E7A000CA000000CA000000CA000000CA00000041
:10E7B000CB000000CB000000CB000000CB0000002D
:10E7C000CB000000CB000000CB000000CB0000001D
:10E7D000CB000000CB000000CB000000CB0000000D
:10E7E000CB000000CB000000CB000000CB000000FD
:10E7F000CB000000CB000000CB000000CB000000ED
:10E80000CB000000CB000000CB000000CB000000DC
:10E81000CB000000CC000000CC000000CC000000C9
:10E82000CC000000CC000000CC000000CC000000B8
:10E83000CC000000CC000000CC000000CC000000A8
:10E84000CC000000CC000000CC000000CC00000098
:10E85000CC000000CC000000CC000000CC00000088
:10E86000CC000000CC000000CC000000CC00000078
:10E87000CC000000CC000000CD000000CD00000066
:10E88000CD000000CD000000CD000000CD00000054
:10E89000CD000000CD000000CD000000CD00000044
:10E8A000CD000000CD000000CD000000CD00000034
:10E8B000CD000000CD000000CD000000CD00000024
:10E8C000CD000000CD000000CD000000CD00000014
:10E8D000CD000000CD000000CD000000CE00000003
:10E8E000CE000000CE000000CE000000CE000000F0
:10E8F000CE000000CE000000CE000000CE000000E0
:10E90000CE000000CE000000CE000000CE000000CF
:10E91000CE000000CE000000CE000000CE000000BF
:10E92000CE000000CE000000CE000000CE000000AF
:10E93000CE000000CE000000CE000000CE0000009F
:10E94000CF000000CF000000CF000000CF0000008B
:10E95000CF000000CF000000CF000000CF0000007B
:10E96000CF000000CF000000CF000000CF0000006B
:10E97000CF000000CF000000CF000000CF0000005B
:10E98000CF000000CF000000CF000000CF0000004B
:10E99000CF000000CF000000CF000000CF0000003B
:10E9A000CF000000D0000000D0000000D000000028
:10E9B000D0000000D0000000D0000000D000000017
:10E9C000D0000000D0000000D0000000D000000007
:10E9D000D0000000D0000000D0000000D0000000F7
:10E9E000D0000000D0000000D0000000D0000000E7
:10E9F000D0000000D0000000D0000000D0000000D7
:10EA0000D0000000D0000000D1000000D1000000C4
:10EA1000D1000000D1000000D1000000D1000000B2
:10EA2000D1000000D1000000D1000000D1000000A2
:10EA3000D1000000D1000000D1000000D100000092
:10EA4000D1000000D1000000D1000000D100000082
:10EA5000D1000000D1000000D1000000D100000072
:10EA6000D1000000D1000000D1000000D200000061
:10EA7000D2000000D2000000D2000000D20000004E
:10EA8000D2000000D2000000D2000000D20000003E
:10EA9000D2000000D2000000D2000000D20000002E
:10EAA000D2000000D2000000D2000000D20000001E
:10EAB000D2000000D2000000D2000000D20000000E
:10EAC000D2000000D2000000D2000000D2000000FE
:10EAD000D3000000D3000000D3000000D3000000EA
:10EAE000D3000000D3000000D3000000D3000000DA
:10EAF000D3000000D3000000D3000000D3000000CA
:10EB0000D3000000D3000000D3000000D3000000B9
:10EB1000D3000000D3000000D3000000D3000000A9
:10EB2000D3000000D3000000D3000000D300000099
:10EB3000D3000000D4000000D4000000D400000086
:10EB4000D4000000D4000000D4000000D400000075
:10EB5000D4000000D4000000D4000000D400000065
:10EB6000D4000000D4000000D4000000D400000055
:10EB7000D4000000D4000000D4000000D400000045
:10EB8000D4000000D4000000D4000000D400000035
:10EB9000D4000000D4000000D5000000D500000023
:10EBA000D5000000D5000000D5000000D500000011
:10EBB000D5000000D5000000D5000000D500000001
:10EBC000D5000000D5000000D5000000D5000000F1
:10EBD000D5000000D5000000D5000000D5000000E1
:10EBE000D5000000D5000000D5000000D5000000D1
:10EBF000D5000000D5000000D5000000D6000000C0
:10EC0000D6000000D6000000D6000000D6000000AC
:10EC1000D6000000D6000000D6000000D60000009C
:10EC2000D6000000D6000000D6000000D60000008C
:10EC3000D6000000D6000000D6000000D60000007C
:10EC4000D6000000D6000000D6000000D60000006C
:10EC5000D6000000D6000000D6000000D60000005C
:10EC6000D7000000D7000000D7000000D700000048
:10EC7000D7000000D7000000D7000000D700000038
:10EC8000D7000000D7000000D7000000D700000028
:10EC9000D7000000D7000000D7000000D700000018
:10ECA000D7000000D7000000D7000000D700000008
:10ECB000D7000000D7000000D7000000D7000000F8
:10ECC000D7000000D8000000D8000000D8000000E5
:10ECD000D8000000D8000000D8000000D8000000D4
:10ECE000D8000000D8000000D8000000D8000000C4
:10ECF000D8000000D8000000D8000000D8000000B4
:10ED0000D8000000D8000000D8000000D8000000A3
:10ED1000D8000000D8000000D8000000D800000093
:10ED2000D8000000D8000000D9000000D900000081
:10ED3000D9000000D9000000D9000000D90000006F
:10ED4000D9000000D9000000D9000000D90000005F
:10ED5000D9000000D9000000D9000000D90000004F
:10ED6000D9000000D9000000D9000000D90000003F
:10ED7000D9000000D9000000D9000000D90000002F
:10ED8000D9000000D9000000D9000000DA0000001E
:10ED9000DA000000DA000000DA000000DA0000000B
:10EDA000DA000000DA000000DA000000DA000000FB
:10EDB000DA000000DA000000DA000000DA000000EB
:10EDC000DA000000DA000000DA000000DA000000DB
:10EDD000DA000000DA000000DA000000DA000000CB
:10EDE000DA000000DA000000DA000000DA000000BB
:10EDF000DB000000DB000000DB000000DB000000A7
:10EE0000DB000000DB000000DB000000DB00000096
:10EE1000DB000000DB000000DB000000DB00000086
:10EE2000DB000000DB000000DB000000DB00000076
:10EE3000DB000000DB000000DB000000DB00000066
:10EE4000DB000000DB000000DB000000DB00000056
:10EE5000DB000000DC000000DC000000DC00000043
:10EE6000DC000000DC000000DC000000DC00000032
:10EE7000DC000000DC000000DC000000DC00000022
:10EE8000DC000000DC000000DC000000DC00000012
:10EE9000DC000000DC000000DC000000DC00000002
:10EEA000DC000000DC000000DC000000DC000000F2
:10EEB000DC000000DC000000DD000000DD000000E0
:10EEC000DD000000DD000000DD000000DD000000CE
:10EED000DD000000DD000000DD000000DD000000BE
:10EEE000DD000000DD000000DD000000DD000000AE
:10EEF000DD000000DD000000DD000000DD0000009E
:10EF0000DD000000DD000000DD000000DD0000008D
:10EF1000DD000000DD000000DD000000DE0000007C
:10EF2000DE000000DE000000DE000000DE00000069
:10EF3000DE000000DE000000DE000000DE00000059
:10EF4000DE000000DE000000DE000000DE00000049
:10EF5000DE000000DE000000DE000000DE00000039
:10EF6000DE000000DE000000DE000000DE00000029
:10EF7000DE000000DE000000DE000000DE00000019
:10EF8000DF000000DF000000DF000000DF00000005
:10EF9000DF000000DF000000DF000000DF000000F5
:10EFA000DF000000DF000000DF000000DF000000E5
:10EFB000DF000000DF000000DF000000DF000000D5
:10EFC000DF000000DF000000DF000000DF000000C5
:10EFD000DF000000DF000000DF000000DF000000B5
:10EFE000DF000000E0000000E0000000E0000000A2
:10EFF000E0000000E0000000E0000000E000000091
:10F00000E0000000E0000000E0000000E000000080
:10F01000E0000000E0000000E0000000E000000070
:10F02000E0000000E0000000E0000000E000000060
:10F03000E0000000E0000000E0000000E000000050
:10F04000E0000000E0000000E1000000E10000003E
:10F05000E1000000E1000000E1000000E10000002C
:10F06000E1000000E1000000E1000000E10000001C
:10F07000E1000000E1000000E1000000E10000000C
:10F08000E1000000E1000000E1000000E1000000FC
:10F09000E1000000E1000000E1000000E1000000EC
:10F0A000E1000000E1000000E1000000E2000000DB
:10F0B000E2000000E2000000E2000000E2000000C8
:10F0C000E2000000E2000000E2000000E2000000B8
:10F0D000E2000000E2000000E2000000E2000000A8
:10F0E000E2000000E2000000E2000000E200000098
:10F0F000E2000000E2000000E2000000E200000088
:10F10000E2000000E2000000E2000000E200000077
:10F11000E3000000E3000000E3000000E300000063
:10F12000E3000000E3000000E3000000E300000053
:10F13000E3000000E3000000E3000000E300000043
:10F14000E3000000E3000000E3000000E300000033
:10F15000E3000000E3000000E3000000E300000023
:10F16000E3000000E3000000E3000000E300000013
:10F17000E3000000E4000000E4000000E400000000
:10F18000E4000000E4000000E4000000E4000000EF
:10F19000E4000000E4000000E4000000E4000000DF
:10F1A000E4000000E4000000E4000000E4000000CF
:10F1B000E4000000E4000000E4000000E4000000BF
:10F1C000E4000000E4000000E4000000E4000000AF
:10F1D000E4000000E4000000E5000000E50000009D
:10F1E000E5000000E5000000E5000000E50000008B
:10F1F000E5000000E5000000E5000000E50000007B
:10F20000E5000000E5000000E5000000E50000006A
:10F21000E5000000E5000000E5000000E50000005A
:10F22000E5000000E5000000E5000000E50000004A
:10F23000E5000000E5000000E5000000E600000039
:10F24000E6000000E6000000E6000000E600000026
:10F25000E6000000E6000000E6000000E600000016
:10F26000E6000000E6000000E6000000E600000006
:10F27000E6000000E6000000E6000000E6000000F6
:10F28000E6000000E6000000E6000000E6000000E6
:10F29000E6000000E6000000E6000000E6000000D6
:10F2A000E7000000E7000000E7000000E7000000C2
:10F2B000E7000000E7000000E7000000E7000000B2
:10F2C000E7000000E7000000E7000000E7000000A2
:10F2D000E7000000E7000000E7000000E700000092
:10F2E000E7000000E7000000E7000000E700000082
:10F2F000E7000000E7000000E7000000E700000072
:10F30000E7000000E8000000E8000000E80000005E
:10F31000E8000000E8000000E8000000E80000004D
:10F32000E8000000E8000000E8000000E80000003D
:10F33000E8000000E8000000E8000000E80000002D
:10F34000E8000000E8000000E8000000E80000001D
:10F35000E8000000E8000000E8000000E80000000D
:10F36000E8000000E8000000E9000000E9000000FB
:10F37000E9000000E9000000E9000000E9000000E9
:10F38000E9000000E9000000E9000000E9000000D9
:10F39000E9000000E9000000E9000000E9000000C9
:10F3A000E9000000E9000000E9000000E9000000B9
:10F3B000E9000000E9000000E9000000E9000000A9
:10F3C000E9000000E9000000E9000000EA00000098
:10F3D000EA000000EA000000EA000000EA00000085
:10F3E000EA000000EA000000EA000000EA00000075
:10F3F000EA000000EA000000EA000000EA00000065
:10F40000EA000000EA000000EA000000EA00000054
:10F41000EA000000EA000000EA000000EA00000044
:10F42000EA000000EA000000EA000000EA00000034
:10F43000EB000000EB000000EB000000EB00000020
:10F44000EB000000EB000000EB000000EB00000010
:10F45000EB000000EB000000EB000000EB00000000
:10F46000EB000000EB000000EB000000EB000000F0
:10F47000EB000000EB000000EB000000EB000000E0
:10F48000EB000000EB000000EB000000EB000000D0
:10F49000EB000000EC000000EC000000EC000000BD
:10F4A000EC000000EC000000EC000000EC000000AC
:10F4B000EC000000EC000000EC000000EC0000009C
:10F4C000EC000000EC000000EC000000EC0000008C
:10F4D000EC000000EC000000EC000000EC0000007C
:10F4E000EC000000EC000000EC000000EC0000006C
:10F4F000EC000000EC000000ED000000ED0000005A
:10F50000ED000000ED000000ED000000ED00000047
:10F51000ED000000ED000000ED000000ED00000037
:10F52000ED000000ED000000ED000000ED00000027
:10F53000ED000000ED000000ED000000ED00000017
:10F54000ED000000ED000000ED000000ED00000007
:10F55000ED000000ED000000ED000000EE000000F6
:10F56000EE000000EE000000EE000000EE000000E3
:10F57000EE000000EE000000EE000000EE000000D3
:10F58000EE000000EE000000EE000000EE000000C3
:10F59000EE000000EE000000EE000000EE000000B3
:10F5A000EE000000EE000000EE000000EE000000A3
:10F5B000EE000000EE000000EE000000EE00000093
:10F5C000EF000000EF000000EF000000EF0000007F
:10F5D000EF000000EF000000EF000000EF0000006F
:10F5E000EF000000EF000000EF000000EF0000005F
:10F5F000EF000000EF000000EF000000EF0000004F
:10F60000EF000000EF000000EF000000EF0000003E
:10F61000EF000000EF000000EF000000EF0000002E
:10F62000EF000000F0000000F0000000F00000001B
:10F63000F0000000F0000000F0000000F00000000A
:10F64000F0000000F0000000F0000000F0000000FA
:10F65000F0000000F0000000F0000000F0000000EA
:10F66000F0000000F0000000F0000000F0000000DA
:10F67000F0000000F0000000F0000000F0000000CA
:10F68000F0000000F0000000F1000000F1000000B8
:10F69000F1000000F1000000F1000000F1000000A6
:10F6A000F1000000F1000000F1000000F100000096
:10F6B000F1000000F1000000F1000000F100000086
:10F6C000F1000000F1000000F1000000F100000076
:10F6D000F1000000F1000000F1000000F100000066
:10F6E000F1000000F1000000F1000000F200000055
:10F6F000F2000000F2000000F2000000F200000042
:10F70000F2000000F2000000F2000000F200000031
:10F71000F2000000F2000000F2000000F200000021
:10F72000F2000000F2000000F2000000F200000011
:10F73000F2000000F2000000F2000000F200000001
:10F74000F2000000F2000000F2000000F2000000F1
:10F75000F3000000F3000000F3000000F3000000DD
:10F76000F3000000F3000000F3000000F3000000CD
:10F77000F3000000F3000000F3000000F3000000BD
:10F78000F3000000F3000000F3000000F3000000AD
:10F79000F3000000F3000000F3000000F30000009D
:10F7A000F3000000F3000000F3000000F30000008D
:10F7B000F3000000F4000000F4000000F40000007A
:10F7C000F4000000F4000000F4000000F400000069
:10F7D000F4000000F4000000F4000000F400000059
:10F7E000F4000000F4000000F4000000F400000049
:10F7F000F4000000F4000000F4000000F400000039
:10F80000F4000000F4000000F4000000F400000028
:10F81000F4000000F4000000F5000000F500000016
:10F82000F5000000F5000000F5000000F500000004
:10F83000F5000000F5000000F5000000F5000000F4
:10F84000F5000000F5000000F5000000F5000000E4
:10F85000F5000000F5000000F5000000F5000000D4
:10F86000F5000000F5000000F5000000F5000000C4
:10F87000F5000000F5000000F5000000F6000000B3
:10F88000F6000000F6000000F6000000F6000000A0
:10F89000F6000000F6000000F6000000F600000090
:10F8A000F6000000F6000000F6000000F600000080
:10F8B000F6000000F6000000F6000000F600000070
:10F8C000F6000000F6000000F6000000F600000060
:10F8D000F6000000F6000000F6000000F600000050
:10F8E000F7000000F7000000F7000000F70000003C
:10F8F000F7000000F7000000F7000000F70000002C
:10F90000F7000000F7000000F7000000F70000001B
:10F91000F7000000F7000000F7000000F70000000B
:10F92000F7000000F7000000F7000000F7000000FB
:10F93000F7000000F7000000F7000000F7000000EB
:10F94000F7000000F8000000F8000000F8000000D8
:10F95000F8000000F8000000F8000000F8000000C7
:10F96000F8000000F8000000F8000000F8000000B7
:10F97000F8000000F8000000F8000000F8000000A7
:10F98000F8000000F8000000F8000000F800000097
:10F99000F8000000F8000000F8000000F800000087
:10F9A000F8000000F8000000F9000000F900000075
:10F9B000F9000000F9000000F9000000F900000063
:10F9C000F9000000F9000000F9000000F900000053
:10F9D000F9000000F9000000F9000000F900000043
:10F9E000F9000000F9000000F9000000F900000033
:10F9F000F9000000F9000000F9000000F900000023
:10FA0000F9000000F9000000F9000000FA00000011
:10FA1000FA000000FA000000FA000000FA000000FE
:10FA2000FA000000FA000000FA000000FA000000EE
:10FA3000FA000000FA000000FA000000FA000000DE
:10FA4000FA000000FA000000FA000000FA000000CE
:10FA5000FA000000FA000000FA000000FA000000BE
:10FA6000FA000000FA000000FA000000FA000000AE
:10FA7000FB000000FB000000FB000000FB0000009A
:10FA8000FB000000FB000000FB000000FB0000008A
:10FA9000FB000000FB000000FB000000FB0000007A
:10FAA000FB000000FB000000FB000000FB0000006A
:10FAB000FB000000FB000000FB000000FB0000005A
:10FAC000FB000000FB000000FB000000FB0000004A
:10FAD000FB000000FC000000FC000000FC00000037
:10FAE000FC000000FC000000FC000000FC00000026
:10FAF000FC000000FC000000FC000000FC00000016
:10FB0000FC000000FC000000FC000000FC00000005
:10FB1000FC000000FC000000FC000000FC000000F5
:10FB2000FC000000FC000000FC000000FC000000E5
:10FB3000FC000000FC000000FD000000FD000000D3
:10FB4000FD000000FD000000FD000000FD000000C1
:10FB5000FD000000FD000000FD000000FD000000B1
:10FB6000FD000000FD000000FD000000FD000000A1
:10FB7000FD000000FD000000FD000000FD00000091
:10FB8000FD000000FD000000FD000000FD00000081
:10FB9000FD000000FD000000FD000000FE00000070
:10FBA000FE000000FE000000FE000000FE0000005D
:10FBB000FE000000FE000000FE000000FE0000004D
:10FBC000FE000000FE000000FE000000FE0000003D
:10FBD000FE000000FE000000FE000000FE0000002D
:10FBE000FE000000FE000000FE000000FE0000001D
:10FBF000FE000000FE000000FE000000FE0000000D
:10FC0000FF000000FF000000FF000000FF000000F8
:10FC1000FF000000FF000000FF000000FF000000E8
:10FC2000FF000000FF000000FF000000FF000000D8
:10FC3000FF000000FF000000FF000000FF000000C8
:10FC4000FF000000FF000000FF000000FF000000B8
:10FC5000FF000000FF000000FF000000FF000000A8
:10FC6000FF00000000010000000100000001000092
:10FC70000001000000010000000100000001000080
:10FC80000001000000010000000100000001000070
:10FC90000001000000010000000100000001000060
:10FCA0000001000000010000000100000001000050
:10FCB0000001000000010000000100000001000040
:10FCC000000100000001000001010000010100002E
:10FCD000010100000101000001010000010100001C
:10FCE000010100000101000001010000010100000C
:10FCF00001010000010100000101000001010000FC
:10FD000001010000010100000101000001010000EB
:10FD100001010000010100000101000001010000DB
:10FD200001010000010100000101000002010000CA
:10FD300002010000020100000201000002010000B7
:10FD400002010000020100000201000002010000A7
:10FD50000201000002010000020100000201000097
:10FD60000201000002010000020100000201000087
:10FD70000201000002010000020100000201000077
:10FD80000201000002010000020100000201000067
:10FD90000301000003010000030100000301000053
:10FDA0000301000003010000030100000301000043
:10FDB0000301000003010000030100000301000033
:10FDC0000301000003010000030100000301000023
:10FDD0000301000003010000030100000301000013
:10FDE0000301000003010000030100000301000003
:10FDF00003010000040100000401000004010000F0
:10FE000004010000040100000401000004010000DE
:10FE100004010000040100000401000004010000CE
:10FE200004010000040100000401000004010000BE
:10FE300004010000040100000401000004010000AE
:10FE4000040100000401000004010000040100009E
:10FE5000040100000401000005010000050100008C
:10FE6000050100000501000005010000050100007A
:10FE7000050100000501000005010000050100006A
:10FE8000050100000501000005010000050100005A
:10FE9000050100000501000005010000050100004A
:10FEA000050100000501000005010000050100003A
:10FEB0000501000005010000050100000601000029
:10FEC0000601000006010000060100000601000016
:10FED0000601000006010000060100000601000006
:10FEE00006010000060100000601000006010000F6
:10FEF00006010000060100000601000006010000E6
:10FF000006010000060100000601000006010000D5
:10FF100006010000060100000601000006010000C5
:10FF200007010000070100000701000007010000B1
:10FF300007010000070100000701000007010000A1
:10FF40000701000007010000070100000701000091
:10FF50000701000007010000070100000701000081
:10FF60000701000007010000070100000701000071
:10FF70000701000007010000070100000701000061
:10FF8000070100000801000008010000080100004E
:10FF9000080100000801000008010000080100003D
:10FFA000080100000801000008010000080100002D
:10FFB000080100000801000008010000080100001D
:10FFC000080100000801000008010000080100000D
:10FFD00008010000080100000801000008010000FD
:10FFE00008010000080100000901000009010000EB
:10FFF00009010000090100000901000009010000D9
:020000040803EF
:1000000009010000090100000901000009010000C8
:1000100009010000090100000901000009010000B8
:1000200009010000090100000901000009010000A8
:100030000901000009010000090100000901000098
:100040000901000009010000090100000A01000087
:100050000A0100000A0100000A0100000A01000074
:100060000A0100000A0100000A0100000A01000064
:100070000A0100000A0100000A0100000A01000054
:100080000A0100000A0100000A0100000A01000044
:100090000A0100000A0100000A0100000A01000034
:1000A0000A0100000A0100000A0100000A01000024
:1000B0000B0100000B0100000B0100000B01000010
:1000C0000B0100000B0100000B0100000B01000000
:1000D0000B0100000B0100000B0100000B010000F0
:1000E0000B0100000B0100000B0100000B010000E0
:1000F0000B0100000B0100000B0100000B010000D0
:100100000B0100000B0100000B0100000B010000BF
:100110000B0100000C0100000C0100000C010000AC
:100120000C0100000C0100000C0100000C0100009B
:100130000C0100000C0100000C0100000C0100008B
:100140000C0100000C0100000C0100000C0100007B
:100150000C0100000C0100000C0100000C0100006B
:100160000C0100000C0100000C0100000C0100005B
:100170000C0100000C0100000D0100000D01000049
:100180000D0100000D0100000D0100000D01000037
:100190000D0100000D0100000D0100000D01000027
:1001A0000D0100000D0100000D0100000D01000017
:1001B0000D0100000D0100000D0100000D01000007
:1001C0000D0100000D0100000D0100000D010000F7
:1001D0000D0100000D0100000D0100000E010000E6
:1001E0000E0100000E0100000E0100000E010000D3
:1001F0000E0100000E0100000E0100000E010000C3
:100200000E0100000E0100000E0100000E010000B2
:100210000E0100000E0100000E0100000E010000A2
:100220000E0100000E0100000E0100000E01000092
:100230000E0100000E0100000E0100000E01000082
:100240000F0100000F0100000F0100000F0100006E
:100250000F0100000F0100000F0100000F0100005E
:100260000F0100000F0100000F0100000F0100004E
:100270000F0100000F0100000F0100000F0100003E
:100280000F0100000F0100000F0100000F0100002E
:100290000F0100000F0100000F0100000F0100001E
:1002A0000F0100001001000010010000100100000B
:1002B00010010000100100001001000010010000FA
:1002C00010010000100100001001000010010000EA
:1002D00010010000100100001001000010010000DA
:1002E00010010000100100001001000010010000CA
:1002F00010010000100100001001000010010000BA
:1003000010010000100100001101000011010000A7
:100310001101000011010000110100001101000095
:100320001101000011010000110100001101000085
:100330001101000011010000110100001101000075
:100340001101000011010000110100001101000065
:100350001101000011010000110100001101000055
:100360001101000011010000110100001201000044
:100370001201000012010000120100001201000031
:100380001201000012010000120100001201000021
:100390001201000012010000120100001201000011
:1003A0001201000012010000120100001201000001
:1003B00012010000120100001201000012010000F1
:1003C00012010000120100001201000012010000E1
:1003D00013010000130100001301000013010000CD
:1003E00013010000130100001301000013010000BD
:1003F00013010000130100001301000013010000AD
:10040000130100001301000013010000130100009C
:10041000130100001301000013010000130100008C
:10042000130100001301000013010000130100007C
:100430001301000014010000140100001401000069
:100440001401000014010000140100001401000058
:100450001401000014010000140100001401000048
:100460001401000014010000140100001401000038
:100470001401000014010000140100001401000028
:100480001401000014010000140100001401000018
:100490001401000014010000150100001501000006
:1004A00015010000150100001501000015010000F4
:1004B00015010000150100001501000015010000E4
:1004C00015010000150100001501000015010000D4
:1004D00015010000150100001501000015010000C4
:1004E00015010000150100001501000015010000B4
:1004F00015010000150100001501000016010000A3
:10050000160100001601000016010000160100008F
:10051000160100001601000016010000160100007F
:10052000160100001601000016010000160100006F
:10053000160100001601000016010000160100005F
:10054000160100001601000016010000160100004F
:10055000160100001601000016010000160100003F
:10056000170100001701000017010000170100002B
:10057000170100001701000017010000170100001B
:10058000170100001701000017010000170100000B
:1005900017010000170100001701000017010000FB
:1005A00017010000170100001701000017010000EB
:1005B00017010000170100001701000017010000DB
:1005C00017010000180100001801000018010000C8
:1005D00018010000180100001801000018010000B7
:1005E00018010000180100001801000018010000A7
:1005F0001801000018010000180100001801000097
:100600001801000018010000180100001801000086
:100610001801000018010000180100001801000076
:100620001801000018010000190100001901000064
:100630001901000019010000190100001901000052
:100640001901000019010000190100001901000042
:100650001901000019010000190100001901000032
:100660001901000019010000190100001901000022
:100670001901000019010000190100001901000012
:100680001901000019010000190100001A01000001
:100690001A0100001A0100001A0100001A010000EE
:1006A0001A0100001A0100001A0100001A010000DE
:1006B0001A0100001A0100001A0100001A010000CE
:1006C0001A0100001A0100001A0100001A010000BE
:1006D0001A0100001A0100001A0100001A010000AE
:1006E0001A0100001A0100001A0100001A0100009E
:1006F0001B0100001B0100001B0100001B0100008A
:100700001B0100001B0100001B0100001B01000079
:100710001B0100001B0100001B0100001B01000069
:100720001B0100001B0100001B0100001B01000059
:100730001B0100001B0100001B0100001B01000049
:100740001B0100001B0100001B0100001B01000039
:100750001B0100001C0100001C0100001C01000026
:100760001C0100001C0100001C0100001C01000015
:100770001C0100001C0100001C0100001C01000005
:100780001C0100001C0100001C0100001C010000F5
:100790001C0100001C0100001C0100001C010000E5
:1007A0001C0100001C0100001C0100001C010000D5
:1007B0001C0100001C0100001D0100001D010000C3
:1007C0001D0100001D0100001D0100001D010000B1
:1007D0001D0100001D0100001D0100001D010000A1
:1007E0001D0100001D0100001D0100001D01000091
:1007F0001D0100001D0100001D0100001D01000081
:100800001D0100001D0100001D0100001D01000070
:100810001D0100001D0100001D0100001E0100005F
:100820001E0100001E0100001E0100001E0100004C
:100830001E0100001E0100001E0100001E0100003C
:100840001E0100001E0100001E0100001E0100002C
:100850001E0100001E0100001E0100001E0100001C
:100860001E0100001E0100001E0100001E0100000C
:100870001E0100001E0100001E0100001E010000FC
:100880001F0100001F0100001F0100001F010000E8
:100890001F0100001F0100001F0100001F010000D8
:1008A0001F0100001F0100001F0100001F010000C8
:1008B0001F0100001F0100001F0100001F010000B8
:1008C0001F0100001F0100001F0100001F010000A8
:1008D0001F0100001F0100001F0100001F01000098
:1008E0001F01000020010000200100002001000085
:1008F0002001000020010000200100002001000074
:100900002001000020010000200100002001000063
:100910002001000020010000200100002001000053
:100920002001000020010000200100002001000043
:100930002001000020010000200100002001000033
:100940002001000020010000210100002101000021
:10095000210100002101000021010000210100000F
:1009600021010000210100002101000021010000FF
:1009700021010000210100002101000021010000EF
:1009800021010000210100002101000021010000DF
:1009900021010000210100002101000021010000CF
:1009A00021010000210100002101000022010000BE
:1009B00022010000220100002201000022010000AB
:1009C000220100002201000022010000220100009B
:1009D000220100002201000022010000220100008B
:1009E000220100002201000022010000220100007B
:1009F000220100002201000022010000220100006B
:100A0000220100002201000022010000220100005A
:100A10002301000023010000230100002301000046
:100A20002301000023010000230100002301000036
:100A30002301000023010000230100002301000026
:100A40002301000023010000230100002301000016
:100A50002301000023010000230100002301000006
:100A600023010000230100002301000023010000F6
:100A700023010000240100002401000024010000E3
:100A800024010000240100002401000024010000D2
:100A900024010000240100002401000024010000C2
:100AA00024010000240100002401000024010000B2
:100AB00024010000240100002401000024010000A2
:100AC0002401000024010000240100002401000092
:100AD0002401000024010000250100002501000080
:100AE000250100002501000025010000250100006E
:100AF000250100002501000025010000250100005E
:100B0000250100002501000025010000250100004D
:100B1000250100002501000025010000250100003D
:100B2000250100002501000025010000250100002D
:100B3000250100002501000025010000260100001C
:100B40002601000026010000260100002601000009
:100B500026010000260100002601000026010000F9
:100B600026010000260100002601000026010000E9
:100B700026010000260100002601000026010000D9
:100B800026010000260100002601000026010000C9
:100B900026010000260100002601000026010000B9
:100BA00027010000270100002701000027010000A5
:100BB0002701000027010000270100002701000095
:100BC0002701000027010000270100002701000085
:100BD0002701000027010000270100002701000075
:100BE0002701000027010000270100002701000065
:100BF0002701000027010000270100002701000055
:100C00002701000028010000280100002801000041
:100C10002801000028010000280100002801000030
:100C20002801000028010000280100002801000020
:100C30002801000028010000280100002801000010
:100C40002801000028010000280100002801000000
:100C500028010000280100002801000028010000F0
:100C600028010000280100002901000029010000DE
:100C700029010000290100002901000029010000CC
:100C800029010000290100002901000029010000BC
:100C900029010000290100002901000029010000AC
:100CA000290100002901000029010000290100009C
:100CB000290100002901000029010000290100008C
:100CC0002901000029010000290100002A0100007B
:100CD0002A0100002A0100002A0100002A01000068
:100CE0002A0100002A0100002A0100002A01000058
:100CF0002A0100002A0100002A0100002A01000048
:100D00002A0100002A0100002A0100002A01000037
:100D10002A0100002A0100002A0100002A01000027
:100D20002A0100002A0100002A0100002A01000017
:100D30002B0100002B0100002B0100002B01000003
:100D40002B0100002B0100002B0100002B010000F3
:100D50002B0100002B0100002B0100002B010000E3
:100D60002B0100002B0100002B0100002B010000D3
:100D70002B0100002B0100002B0100002B010000C3
:100D80002B0100002B0100002B0100002B010000B3
:100D90002B0100002C0100002C0100002C010000A0
:100DA0002C0100002C0100002C0100002C0100008F
:100DB0002C0100002C0100002C0100002C0100007F
:100DC0002C0100002C0100002C0100002C0100006F
:100DD0002C0100002C0100002C0100002C0100005F
:100DE0002C0100002C0100002C0100002C0100004F
:100DF0002C0100002C0100002D0100002D0100003D
:100E00002D0100002D0100002D0100002D0100002A
:100E10002D0100002D0100002D0100002D0100001A
:100E20002D0100002D0100002D0100002D0100000A
:100E30002D0100002D0100002D0100002D010000FA
:100E40002D0100002D0100002D0100002D010000EA
:100E50002D0100002D0100002D0100002E010000D9
:100E60002E0100002E0100002E0100002E010000C6
:100E70002E0100002E0100002E0100002E010000B6
:100E80002E0100002E0100002E0100002E010000A6
:100E90002E0100002E0100002E0100002E01000096
:100EA0002E0100002E0100002E0100002E01000086
:100EB0002E0100002E0100002E0100002E01000076
:100EC0002F0100002F0100002F0100002F01000062
:100ED0002F0100002F0100002F0100002F01000052
:100EE0002F0100002F0100002F0100002F01000042
:100EF0002F0100002F0100002F0100002F01000032
:100F00002F0100002F0100002F0100002F01000021
:100F10002F0100002F0100002F0100002F01000011
:100F20002F010000300100003001000030010000FE
:100F300030010000300100003001000030010000ED
:100F400030010000300100003001000030010000DD
:100F500030010000300100003001000030010000CD
:100F600030010000300100003001000030010000BD
:100F700030010000300100003001000030010000AD
:100F8000300100003001000031010000310100009B
:100F90003101000031010000310100003101000089
:100FA0003101000031010000310100003101000079
:100FB0003101000031010000310100003101000069
:100FC0003101000031010000310100003101000059
:100FD0003101000031010000310100003101000049
:100FE0003101000031010000310100003201000038
:100FF0003201000032010000320100003201000025
:101000003201000032010000320100003201000014
:101010003201000032010000320100003201000004
:1010200032010000320100003201000032010000F4
:1010300032010000320100003201000032010000E4
:1010400032010000320100003201000032010000D4
:1010500033010000330100003301000033010000C0
:1010600033010000330100003301000033010000B0
:1010700033010000330100003301000033010000A0
:101080003301000033010000330100003301000090
:101090003301000033010000330100003301000080
:1010A0003301000033010000330100003301000070
:1010B000330100003401000034010000340100005D
:1010C000340100003401000034010000340100004C
:1010D000340100003401000034010000340100003C
:1010E000340100003401000034010000340100002C
:1010F000340100003401000034010000340100001C
:10110000340100003401000034010000340100000B
:1011100034010000340100003501000035010000F9
:1011200035010000350100003501000035010000E7
:1011300035010000350100003501000035010000D7
:1011400035010000350100003501000035010000C7
:1011500035010000350100003501000035010000B7
:1011600035010000350100003501000035010000A7
:101170003501000035010000350100003601000096
:101180003601000036010000360100003601000083
:101190003601000036010000360100003601000073
:1011A0003601000036010000360100003601000063
:1011B0003601000036010000360100003601000053
:1011C0003601000036010000360100003601000043
:1011D0003601000036010000360100003601000033
:1011E000370100003701000037010000370100001F
:1011F000370100003701000037010000370100000F
:1012000037010000370100003701000037010000FE
:1012100037010000370100003701000037010000EE
:1012200037010000370100003701000037010000DE
:1012300037010000370100003701000037010000CE
:1012400037010000380100003801000038010000BB
:1012500038010000380100003801000038010000AA
:10126000380100003801000038010000380100009A
:10127000380100003801000038010000380100008A
:10128000380100003801000038010000380100007A
:10129000380100003801000038010000380100006A
:1012A0003801000038010000390100003901000058
:1012B0003901000039010000390100003901000046
:1012C0003901000039010000390100003901000036
:1012D0003901000039010000390100003901000026
:1012E0003901000039010000390100003901000016
:1012F0003901000039010000390100003901000006
:101300003901000039010000390100003A010000F4
:101310003A0100003A0100003A0100003A010000E1
:101320003A0100003A0100003A0100003A010000D1
:101330003A0100003A0100003A0100003A010000C1
:101340003A0100003A0100003A0100003A010000B1
:101350003A0100003A0100003A0100003A010000A1
:101360003A0100003A0100003A0100003A01000091
:101370003B0100003B0100003B0100003B0100007D
:101380003B0100003B0100003B0100003B0100006D
:101390003B0100003B0100003B0100003B0100005D
:1013A0003B0100003B0100003B0100003B0100004D
:1013B0003B0100003B0100003B0100003B0100003D
:1013C0003B0100003B0100003B0100003B0100002D
:1013D0003B0100003C0100003C0100003C0100001A
:1013E0003C0100003C0100003C0100003C01000009
:1013F0003C0100003C0100003C0100003C010000F9
:101400003C0100003C0100003C0100003C010000E8
:101410003C0100003C0100003C0100003C010000D8
:101420003C0100003C0100003C0100003C010000C8
:101430003C0100003C0100003D0100003D010000B6
:101440003D0100003D0100003D0100003D010000A4
:101450003D0100003D0100003D0100003D01000094
:101460003D0100003D0100003D0100003D01000084
:101470003D0100003D0100003D0100003D01000074
:101480003D0100003D0100003D0100003D01000064
:101490003D0100003D0100003D0100003E01000053
:1014A0003E0100003E0100003E0100003E01000040
:1014B0003E0100003E0100003E0100003E01000030
:1014C0003E0100003E0100003E0100003E01000020
:1014D0003E0100003E0100003E0100003E01000010
:1014E0003E0100003E0100003E0100003E01000000
:1014F0003E0100003E0100003E0100003E010000F0
:101500003F0100003F0100003F0100003F010000DB
:101510003F0100003F0100003F0100003F010000CB
:101520003F0100003F0100003F0100003F010000BB
:101530003F0100003F0100003F0100003F010000AB
:101540003F0100003F0100003F0100003F0100009B
:101550003F0100003F0100003F0100003F0100008B
:101560003F01000040010000400100004001000078
:101570004001000040010000400100004001000067
:101580004001000040010000400100004001000057
:101590004001000040010000400100004001000047
:1015A0004001000040010000400100004001000037
:1015B0004001000040010000400100004001000027
:1015C0004001000040010000410100004101000015
:1015D0004101000041010000410100004101000003
:1015E00041010000410100004101000041010000F3
:1015F00041010000410100004101000041010000E3
:1016000041010000410100004101000041010000D2
:1016100041010000410100004101000041010000C2
:1016200041010000410100004101000042010000B1
:10163000420100004201000042010000420100009E
:10164000420100004201000042010000420100008E
:10165000420100004201000042010000420100007E
:10166000420100004201000042010000420100006E
:10167000420100004201000042010000420100005E
:10168000420100004201000042010000420100004E
:10169000430100004301000043010000430100003A
:1016A000430100004301000043010000430100002A
:1016B000430100004301000043010000430100001A
:1016C000430100004301000043010000430100000A
:1016D00043010000430100004301000043010000FA
:1016E00043010000430100004301000043010000EA
:1016F00043010000440100004401000044010000D7
:1017000044010000440100004401000044010000C5
:1017100044010000440100004401000044010000B5
:1017200044010000440100004401000044010000A5
:101730004401000044010000440100004401000095
:101740004401000044010000440100004401000085
:101750004401000044010000450100004501000073
:101760004501000045010000450100004501000061
:101770004501000045010000450100004501000051
:101780004501000045010000450100004501000041
:101790004501000045010000450100004501000031
:1017A0004501000045010000450100004501000021
:1017B0004501000045010000450100004601000010
:1017C00046010000460100004601000046010000FD
:1017D00046010000460100004601000046010000ED
:1017E00046010000460100004601000046010000DD
:1017F00046010000460100004601000046010000CD
:1018000046010000460100004601000046010000BC
:1018100046010000460100004601000046010000AC
:101820004701000047010000470100004701000098
:101830004701000047010000470100004701000088
:101840004701000047010000470100004701000078
:101850004701000047010000470100004701000068
:101860004701000047010000470100004701000058
:101870004701000047010000470100004701000048
:101880004701000048010000480100004801000035
:101890004801000048010000480100004801000024
:1018A0004801000048010000480100004801000014
:1018B0004801000048010000480100004801000004
:1018C00048010000480100004801000048010000F4
:1018D00048010000480100004801000048010000E4
:1018E00048010000480100004901000049010000D2
:1018F00049010000490100004901000049010000C0
:1019000049010000490100004901000049010000AF
:10191000490100004901000049010000490100009F
:10192000490100004901000049010000490100008F
:10193000490100004901000049010000490100007F
:101940004901000049010000490100004A0100006E
:101950004A0100004A0100004A0100004A0100005B
:101960004A0100004A0100004A0100004A0100004B
:101970004A0100004A0100004A0100004A0100003B
:101980004A0100004A0100004A0100004A0100002B
:101990004A0100004A0100004A0100004A0100001B
:1019A0004A0100004A0100004A0100004A0100000B
:1019B0004B0100004B0100004B0100004B010000F7
:1019C0004B0100004B0100004B0100004B010000E7
:1019D0004B0100004B0100004B0100004B010000D7
:1019E0004B0100004B0100004B0100004B010000C7
:1019F0004B0100004B0100004B0100004B010000B7
:101A00004B0100004B0100004B0100004B010000A6
:101A10004B0100004C0100004C0100004C01000093
:101A20004C0100004C0100004C0100004C01000082
:101A30004C0100004C0100004C0100004C01000072
:101A40004C0100004C0100004C0100004C01000062
:101A50004C0100004C0100004C0100004C01000052
:101A60004C0100004C0100004C0100004C01000042
:101A70004C0100004C0100004D0100004D01000030
:101A80004D0100004D0100004D0100004D0100001E
:101A90004D0100004D0100004D0100004D0100000E
:101AA0004D0100004D0100004D0100004D010000FE
:101AB0004D0100004D0100004D0100004D010000EE
:101AC0004D0100004D0100004D0100004D010000DE
:101AD0004D0100004D0100004D0100004E010000CD
:101AE0004E0100004E0100004E0100004E010000BA
:101AF0004E0100004E0100004E0100004E010000AA
:101B00004E0100004E0100004E0100004E01000099
:101B10004E0100004E0100004E0100004E01000089
:101B20004E0100004E0100004E0100004E01000079
:101B30004E0100004E0100004E0100004E01000069
:101B40004F0100004F0100004F0100004F01000055
:101B50004F0100004F0100004F0100004F01000045
:101B60004F0100004F0100004F0100004F01000035
:101B70004F0100004F0100004F0100004F01000025
:101B80004F0100004F0100004F0100004F01000015
:101B90004F0100004F0100004F0100004F01000005
:101BA0004F010000500100005001000050010000F2
:101BB00050010000500100005001000050010000E1
:101BC00050010000500100005001000050010000D1
:101BD00050010000500100005001000050010000C1
:101BE00050010000500100005001000050010000B1
:101BF00050010000500100005001000050010000A1
:101C0000500100005001000051010000510100008E
:101C1000510100005101000051010000510100007C
:101C2000510100005101000051010000510100006C
:101C3000510100005101000051010000510100005C
:101C4000510100005101000051010000510100004C
:101C5000510100005101000051010000510100003C
:101C6000510100005101000051010000520100002B
:101C70005201000052010000520100005201000018
:101C80005201000052010000520100005201000008
:101C900052010000520100005201000052010000F8
:101CA00052010000520100005201000052010000E8
:101CB00052010000520100005201000052010000D8
:101CC00052010000520100005201000052010000C8
:101CD00053010000530100005301000053010000B4
:101CE00053010000530100005301000053010000A4
:101CF0005301000053010000530100005301000094
:101D00005301000053010000530100005301000083
:101D10005301000053010000530100005301000073
:101D20005301000053010000530100005301000063
:101D30005301000054010000540100005401000050
:101D4000540100005401000054010000540100003F
:101D5000540100005401000054010000540100002F
:101D6000540100005401000054010000540100001F
:101D7000540100005401000054010000540100000F
:101D800054010000540100005401000054010000FF
:101D900054010000540100005501000055010000ED
:101DA00055010000550100005501000055010000DB
:101DB00055010000550100005501000055010000CB
:101DC00055010000550100005501000055010000BB
:101DD00055010000550100005501000055010000AB
:101DE000550100005501000055010000550100009B
:101DF000550100005501000055010000560100008A
:101E00005601000056010000560100005601000076
:101E10005601000056010000560100005601000066
:101E20005601000056010000560100005601000056
:101E30005601000056010000560100005601000046
:101E40005601000056010000560100005601000036
:101E50005601000056010000560100005601000026
:101E60005701000057010000570100005701000012
:101E70005701000057010000570100005701000002
:101E800057010000570100005701000057010000F2
:101E900057010000570100005701000057010000E2
:101EA00057010000570100005701000057010000D2
:101EB00057010000570100005701000057010000C2
:101EC00057010000580100005801000058010000AF
:101ED000580100005801000058010000580100009E
:101EE000580100005801000058010000580100008E
:101EF000580100005801000058010000580100007E
:101F0000580100005801000058010000580100006D
:101F1000580100005801000058010000580100005D
:101F2000580100005801000059010000590100004B
:101F30005901000059010000590100005901000039
:101F40005901000059010000590100005901000029
:101F50005901000059010000590100005901000019
:101F60005901000059010000590100005901000009
:101F700059010000590100005901000059010000F9
:101F80005901000059010000590100005A010000E8
:101F90005A0100005A0100005A0100005A010000D5
:101FA0005A0100005A0100005A0100005A010000C5
:101FB0005A0100005A0100005A0100005A010000B5
:101FC0005A0100005A0100005A0100005A010000A5
:101FD0005A0100005A0100005A0100005A01000095
:101FE0005A0100005A0100005A0100005A01000085
:101FF0005B0100005B0100005B0100005B01000071
:102000005B0100005B0100005B0100005B01000060
:102010005B0100005B0100005B0100005B01000050
:102020005B0100005B0100005B0100005B01000040
:102030005B0100005B0100005B0100005B01000030
:102040005B0100005B0100005B0100005B01000020
:102050005B0100005C0100005C0100005C0100000D
:102060005C0100005C0100005C0100005C010000FC
:102070005C0100005C0100005C0100005C010000EC
:102080005C0100005C0100005C0100005C010000DC
:102090005C0100005C0100005C0100005C010000CC
:1020A0005C0100005C0100005C0100005C010000BC
:1020B0005C0100005C0100005D0100005D010000AA
:1020C0005D0100005D0100005D0100005D01000098
:1020D0005D0100005D0100005D0100005D01000088
:1020E0005D0100005D0100005D0100005D01000078
:1020F0005D0100005D0100005D0100005D01000068
:102100005D0100005D0100005D0100005D01000057
:102110005D0100005D0100005D0100005E01000046
:102120005E0100005E0100005E0100005E01000033
:102130005E0100005E0100005E0100005E01000023
:102140005E0100005E0100005E0100005E01000013
:102150005E0100005E0100005E0100005E01000003
:102160005E0100005E0100005E0100005E010000F3
:102170005E0100005E0100005E0100005E010000E3
:102180005F0100005F0100005F0100005F010000CF
:102190005F0100005F0100005F0100005F010000BF
:1021A0005F0100005F0100005F0100005F010000AF
:1021B0005F0100005F0100005F0100005F0100009F
:1021C0005F0100005F0100005F0100005F0100008F
:1021D0005F0100005F0100005F0100005F0100007F
:1021E0005F0100006001000060010000600100006C
:1021F000600100006001000060010000600100005B
:10220000600100006001000060010000600100004A
:10221000600100006001000060010000600100003A
:10222000600100006001000060010000600100002A
:10223000600100006001000060010000600100001A
:102240006001000060010000610100006101000008
:1022500061010000610100006101000061010000F6
:1022600061010000610100006101000061010000E6
:1022700061010000610100006101000061010000D6
:1022800061010000610100006101000061010000C6
:1022900061010000610100006101000061010000B6
:1022A00061010000610100006101000062010000A5
:1022B0006201000062010000620100006201000092
:1022C0006201000062010000620100006201000082
:1022D0006201000062010000620100006201000072
:1022E0006201000062010000620100006201000062
:1022F0006201000062010000620100006201000052
:102300006201000062010000620100006201000041
:10231000630100006301000063010000630100002D
:10232000630100006301000063010000630100001D
:10233000630100006301000063010000630100000D
:1023400063010000630100006301000063010000FD
:1023500063010000630100006301000063010000ED
:1023600063010000630100006301000063010000DD
:1023700063010000640100006401000064010000CA
:1023800064010000640100006401000064010000B9
:1023900064010000640100006401000064010000A9
:1023A0006401000064010000640100006401000099
:1023B0006401000064010000640100006401000089
:1023C0006401000064010000640100006401000079
:1023D0006401000064010000650100006501000067
:1023E0006501000065010000650100006501000055
:1023F0006501000065010000650100006501000045
:102400006501000065010000650100006501000034
:102410006501000065010000650100006501000024
:102420006501000065010000650100006501000014
:102430006501000065010000650100006601000003
:1024400066010000660100006601000066010000F0
:1024500066010000660100006601000066010000E0
:1024600066010000660100006601000066010000D0
:1024700066010000660100006601000066010000C0
:1024800066010000660100006601000066010000B0
:1024900066010000660100006601000066010000A0
:1024A000670100006701000067010000670100008C
:1024B000670100006701000067010000670100007C
:1024C000670100006701000067010000670100006C
:1024D000670100006701000067010000670100005C
:1024E000670100006701000067010000670100004C
:1024F000670100006701000067010000670100003C
:102500006701000068010000680100006801000028
:102510006801000068010000680100006801000017
:102520006801000068010000680100006801000007
:1025300068010000680100006801000068010000F7
:1025400068010000680100006801000068010000E7
:1025500068010000680100006801000068010000D7
:1025600068010000680100006901000069010000C5
:1025700069010000690100006901000069010000B3
:1025800069010000690100006901000069010000A3
:102590006901000069010000690100006901000093
:1025A0006901000069010000690100006901000083
:1025B0006901000069010000690100006901000073
:1025C0006901000069010000690100006A01000062
:1025D0006A0100006A0100006A0100006A0100004F
:1025E0006A0100006A0100006A0100006A0100003F
:1025F0006A0100006A0100006A0100006A0100002F
:102600006A0100006A0100006A0100006A0100001E
:102610006A0100006A0100006A0100006A0100000E
:102620006A0100006A0100006A0100006A010000FE
:102630006B0100006B0100006B0100006B010000EA
:102640006B0100006B0100006B0100006B010000DA
:102650006B0100006B0100006B0100006B010000CA
:102660006B0100006B0100006B0100006B010000BA
:102670006B0100006B0100006B0100006B010000AA
:102680006B0100006B0100006B0100006B0100009A
:102690006B0100006C0100006C0100006C01000087
:1026A0006C0100006C0100006C0100006C01000076
:1026B0006C0100006C0100006C0100006C01000066
:1026C0006C0100006C0100006C0100006C01000056
:1026D0006C0100006C0100006C0100006C01000046
:1026E0006C0100006C0100006C0100006C01000036
:1026F0006C0100006C0100006D0100006D01000024
:102700006D0100006D0100006D0100006D01000011
:102710006D0100006D0100006D0100006D01000001
:102720006D0100006D0100006D0100006D010000F1
:102730006D0100006D0100006D0100006D010000E1
:102740006D0100006D0100006D0100006D010000D1
:102750006D0100006D0100006D0100006E010000C0
:102760006E0100006E0100006E0100006E010000AD
:102770006E0100006E0100006E0100006E0100009D
:102780006E0100006E0100006E0100006E0100008D
:102790006E0100006E0100006E0100006E0100007D
:1027A0006E0100006E0100006E0100006E0100006D
:1027B0006E0100006E0100006E0100006E0100005D
:1027C0006F0100006F0100006F0100006F01000049
:1027D0006F0100006F0100006F0100006F01000039
:1027E0006F0100006F0100006F0100006F01000029
:1027F0006F0100006F0100006F0100006F01000019
:102800006F0100006F0100006F0100006F01000008
:102810006F0100006F0100006F0100006F010000F8
:102820006F010000700100007001000070010000E5
:1028300070010000700100007001000070010000D4
:1028400070010000700100007001000070010000C4
:1028500070010000700100007001000070010000B4
:1028600070010000700100007001000070010000A4
:102870007001000070010000700100007001000094
:102880007001000070010000710100007101000082
:102890007101000071010000710100007101000070
:1028A0007101000071010000710100007101000060
:1028B0007101000071010000710100007101000050
:1028C0007101000071010000710100007101000040
:1028D0007101000071010000710100007101000030
:1028E000710100007101000071010000720100001F
:1028F000720100007201000072010000720100000C
:1029000072010000720100007201000072010000FB
:1029100072010000720100007201000072010000EB
:1029200072010000720100007201000072010000DB
:1029300072010000720100007201000072010000CB
:1029400072010000720100007201000072010000BB
:1029500073010000730100007301000073010000A7
:102960007301000073010000730100007301000097
:102970007301000073010000730100007301000087
:102980007301000073010000730100007301000077
:102990007301000073010000730100007301000067
:1029A0007301000073010000730100007301000057
:1029B0007301000074010000740100007401000044
:1029C0007401000074010000740100007401000033
:1029D0007401000074010000740100007401000023
:1029E0007401000074010000740100007401000013
:1029F0007401000074010000740100007401000003
:102A000074010000740100007401000074010000F2
:102A100074010000740100007501000075010000E0
:102A200075010000750100007501000075010000CE
:102A300075010000750100007501000075010000BE
:102A400075010000750100007501000075010000AE
:102A5000750100007501000075010000750100009E
:102A6000750100007501000075010000750100008E
:102A7000750100007501000075010000760100007D
:102A8000760100007601000076010000760100006A
:102A9000760100007601000076010000760100005A
:102AA000760100007601000076010000760100004A
:102AB000760100007601000076010000760100003A
:102AC000760100007601000076010000760100002A
:102AD000760100007601000076010000760100001A
:102AE0007701000077010000770100007701000006
:102AF00077010000770100007701000077010000F6
:102B000077010000770100007701000077010000E5
:102B100077010000770100007701000077010000D5
:102B200077010000770100007701000077010000C5
:102B300077010000770100007701000077010000B5
:102B400077010000780100007801000078010000A2
:102B50007801000078010000780100007801000091
:102B60007801000078010000780100007801000081
:102B70007801000078010000780100007801000071
:102B80007801000078010000780100007801000061
:102B90007801000078010000780100007801000051
:102BA000780100007801000079010000790100003F
:102BB000790100007901000079010000790100002D
:102BC000790100007901000079010000790100001D
:102BD000790100007901000079010000790100000D
:102BE00079010000790100007901000079010000FD
:102BF00079010000790100007901000079010000ED
:102C00007901000079010000790100007A010000DB
:102C10007A0100007A0100007A0100007A010000C8
:102C20007A0100007A0100007A0100007A010000B8
:102C30007A0100007A0100007A0100007A010000A8
:102C40007A0100007A0100007A0100007A01000098
:102C50007A0100007A0100007A0100007A01000088
:102C60007A0100007A0100007A0100007A01000078
:102C70007B0100007B0100007B0100007B01000064
:102C80007B0100007B0100007B0100007B01000054
:102C90007B0100007B0100007B0100007B01000044
:102CA0007B0100007B0100007B0100007B01000034
:102CB0007B0100007B0100007B0100007B01000024
:102CC0007B0100007B0100007B0100007B01000014
:102CD0007B0100007C0100007C0100007C01000001
:102CE0007C0100007C0100007C0100007C010000F0
:102CF0007C0100007C0100007C0100007C010000E0
:102D00007C0100007C0100007C0100007C010000CF
:102D10007C0100007C0100007C0100007C010000BF
:102D20007C0100007C0100007C0100007C010000AF
:102D30007C0100007C0100007D0100007D0100009D
:102D40007D0100007D0100007D0100007D0100008B
:102D50007D0100007D0100007D0100007D0100007B
:102D60007D0100007D0100007D0100007D0100006B
:102D70007D0100007D0100007D0100007D0100005B
:102D80007D0100007D0100007D0100007D0100004B
:102D90007D0100007D0100007D0100007E0100003A
:102DA0007E0100007E0100007E0100007E01000027
:102DB0007E0100007E0100007E0100007E01000017
:102DC0007E0100007E0100007E0100007E01000007
:102DD0007E0100007E0100007E0100007E010000F7
:102DE0007E0100007E0100007E0100007E010000E7
:102DF0007E0100007E0100007E0100007E010000D7
:102E00007F0100007F0100007F0100007F010000C2
:102E10007F0100007F0100007F0100007F010000B2
:102E20007F0100007F0100007F0100007F010000A2
:102E30007F0100007F0100007F0100007F01000092
:102E40007F0100007F0100007F0100007F01000082
:102E50007F0100007F0100007F0100007F01000072
:102E60007F0100008001000080010000800100005F
:102E7000800100008001000080010000800100004E
:102E8000800100008001000080010000800100003E
:102E9000800100008001000080010000800100002E
:102EA000800100008001000080010000800100001E
:102EB000800100008001000080010000800100000E
:102EC00080010000800100008101000081010000FC
:102ED00081010000810100008101000081010000EA
:102EE00081010000810100008101000081010000DA
:102EF00081010000810100008101000081010000CA
:102F000081010000810100008101000081010000B9
:102F100081010000810100008101000081010000A9
:102F20008101000081010000810100008201000098
:102F30008201000082010000820100008201000085
:102F40008201000082010000820100008201000075
:102F50008201000082010000820100008201000065
:102F60008201000082010000820100008201000055
:102F70008201000082010000820100008201000045
:102F80008201000082010000820100008201000035
:102F90008301000083010000830100008301000021
:102FA0008301000083010000830100008301000011
:102FB0008301000083010000830100008301000001
:102FC00083010000830100008301000083010000F1
:102FD00083010000830100008301000083010000E1
:102FE00083010000830100008301000083010000D1
:102FF00083010000840100008401000084010000BE
:1030000084010000840100008401000084010000AC
:10301000840100008401000084010000840100009C
:10302000840100008401000084010000840100008C
:10303000840100008401000084010000840100007C
:10304000840100008401000084010000840100006C
:10305000840100008401000085010000850100005A
:103060008501000085010000850100008501000048
:103070008501000085010000850100008501000038
:103080008501000085010000850100008501000028
:103090008501000085010000850100008501000018
:1030A0008501000085010000850100008501000008
:1030B00085010000850100008501000086010000F7
:1030C00086010000860100008601000086010000E4
:1030D00086010000860100008601000086010000D4
:1030E00086010000860100008601000086010000C4
:1030F00086010000860100008601000086010000B4
:1031000086010000860100008601000086010000A3
:103110008601000086010000860100008601000093
:10312000870100008701000087010000870100007F
:10313000870100008701000087010000870100006F
:10314000870100008701000087010000870100005F
:10315000870100008701000087010000870100004F
:10316000870100008701000087010000870100003F
:10317000870100008701000087010000870100002F
:10318000870100008801000088010000880100001C
:10319000880100008801000088010000880100000B
:1031A00088010000880100008801000088010000FB
:1031B00088010000880100008801000088010000EB
:1031C00088010000880100008801000088010000DB
:1031D00088010000880100008801000088010000CB
:1031E00088010000880100008901000089010000B9
:1031F00089010000890100008901000089010000A7
:103200008901000089010000890100008901000096
:103210008901000089010000890100008901000086
:103220008901000089010000890100008901000076
:103230008901000089010000890100008901000066
:103240008901000089010000890100008A01000055
:103250008A0100008A0100008A0100008A01000042
:103260008A0100008A0100008A0100008A01000032
:103270008A0100008A0100008A0100008A01000022
:103280008A0100008A0100008A0100008A01000012
:103290008A0100008A0100008A0100008A01000002
:1032A0008A0100008A0100008A0100008A010000F2
:1032B0008B0100008B0100008B0100008B010000DE
:1032C0008B0100008B0100008B0100008B010000CE
:1032D0008B0100008B0100008B0100008B010000BE
:1032E0008B0100008B0100008B0100008B010000AE
:1032F0008B0100008B0100008B0100008B0100009E
:103300008B0100008B0100008B0100008B0100008D
:103310008B0100008C0100008C0100008C0100007A
:103320008C0100008C0100008C0100008C01000069
:103330008C0100008C0100008C0100008C01000059
:103340008C0100008C0100008C0100008C01000049
:103350008C0100008C0100008C0100008C01000039
:103360008C0100008C0100008C0100008C01000029
:103370008C0100008C0100008D0100008D01000017
:103380008D0100008D0100008D0100008D01000005
:103390008D0100008D0100008D0100008D010000F5
:1033A0008D0100008D0100008D0100008D010000E5
:1033B0008D0100008D0100008D0100008D010000D5
:1033C0008D0100008D0100008D0100008D010000C5
:1033D0008D0100008D0100008D0100008E010000B4
:1033E0008E0100008E0100008E0100008E010000A1
:1033F0008E0100008E0100008E0100008E01000091
:103400008E0100008E0100008E0100008E01000080
:103410008E0100008E0100008E0100008E01000070
:103420008E0100008E0100008E0100008E01000060
:103430008E0100008E0100008E0100008E01000050
:103440008F0100008F0100008F0100008F0100003C
:103450008F0100008F0100008F0100008F0100002C
:103460008F0100008F0100008F0100008F0100001C
:103470008F0100008F0100008F0100008F0100000C
:103480008F0100008F0100008F0100008F010000FC
:103490008F0100008F0100008F0100008F010000EC
:1034A0008F010000C8000000C8000000C800000034
:1034B000C8000000C8000000C8000000C8000000EC
:1034C000C8000000C9000000C9000000C9000000D9
:1034D000C9000000C9000000C9000000C9000000C8
:1034E000C9000000CA000000CA000000CA000000B5
:1034F000CA000000CA000000CA000000CA000000A4
:10350000CA000000CB000000CB000000CB00000090
:10351000CB000000CB000000CB000000CB0000007F
:10352000CB000000CC000000CC000000CC0000006C
:10353000CC000000CC000000CC000000CC0000005B
:10354000CC000000CD000000CD000000CD00000048
:10355000CD000000CD000000CD000000CD00000037
:10356000CD000000CE000000CE000000CE00000024
:10357000CE000000CE000000CE000000CE00000013
:10358000CE000000CF000000CF000000CF00000000
:10359000CF000000CF000000CF000000CF000000EF
:1035A000CF000000D0000000D0000000D0000000DC
:1035B000D0000000D0000000D0000000D0000000CB
:1035C000D0000000D1000000D1000000D1000000B8
:1035D000D1000000D1000000D1000000D1000000A7
:1035E000D1000000D2000000D2000000D200000094
:1035F000D2000000D2000000D2000000D200000083
:10360000D2000000D3000000D3000000D30000006F
:10361000D3000000D3000000D3000000D30000005E
:10362000D3000000D4000000D4000000D40000004B
:10363000D4000000D4000000D4000000D40000003A
:10364000D4000000D5000000D5000000D500000027
:10365000D5000000D5000000D5000000D500000016
:10366000D5000000D6000000D6000000D600000003
:10367000D6000000D6000000D6000000D6000000F2
:10368000D6000000D7000000D7000000D7000000DF
:10369000D7000000D7000000D7000000D7000000CE
:1036A000D7000000D8000000D8000000D8000000BB
:1036B000D8000000D8000000D8000000D8000000AA
:1036C000D8000000D9000000D9000000D900000097
:1036D000D9000000D9000000D9000000D900000086
:1036E000D9000000DA000000DA000000DA00000073
:1036F000DA000000DA000000DA000000DA00000062
:10370000DA000000DB000000DB000000DB0000004E
:10371000DB000000DB000000DB000000DB0000003D
:10372000DB000000DC000000DC000000DC0000002A
:10373000DC000000DC000000DC000000DC00000019
:10374000DC000000DD000000DD000000DD00000006
:10375000DD000000DD000000DD000000DD000000F5
:10376000DD000000DE000000DE000000DE000000E2
:10377000DE000000DE000000DE000000DE000000D1
:10378000DE000000DF000000DF000000DF000000BE
:10379000DF000000DF000000DF000000DF000000AD
:1037A000DF000000E0000000E0000000E00000009A
:1037B000E0000000E0000000E0000000E000000089
:1037C000E0000000E1000000E1000000E100000076
:1037D000E1000000E1000000E1000000E100000065
:1037E000E1000000E2000000E2000000E200000052
:1037F000E2000000E2000000E2000000E200000041
:10380000E2000000E3000000E3000000E30000002D
:10381000E3000000E3000000E3000000E30000001C
:10382000E3000000E4000000E4000000E400000009
:10383000E4000000E4000000E4000000E4000000F8
:10384000E4000000E5000000E5000000E5000000E5
:10385000E5000000E5000000E5000000E5000000D4
:10386000E5000000E6000000E6000000E6000000C1
:10387000E6000000E6000000E6000000E6000000B0
:10388000E6000000E7000000E7000000E70000009D
:10389000E7000000E7000000E7000000E70000008C
:1038A000E7000000E8000000E8000000E800000079
:1038B000E8000000E8000000E8000000E800000068
:1038C000E8000000E9000000E9000000E900000055
:1038D000E9000000E9000000E9000000E900000044
:1038E000E9000000EA000000EA000000EA00000031
:1038F000EA000000EA000000EA000000EA00000020
:10390000EA000000EB000000EB000000EB0000000C
:10391000EB000000EB000000EB000000EB000000FB
:10392000EB000000EB000000EC000000EC000000E9
:10393000EC000000EC000000EC000000EC000000D7
:10394000EC000000EC000000ED000000ED000000C5
:10395000ED000000ED000000ED000000ED000000B3
:10396000ED000000ED000000EE000000EE000000A1
:10397000EE000000EE000000EE000000EE0000008F
:10398000EE000000EE000000EF000000EF0000007D
:10399000EF000000EF000000EF000000EF0000006B
:1039A000EF000000EF000000F0000000F000000059
:1039B000F0000000F0000000F0000000F000000047
:1039C000F0000000F0000000F1000000F100000035
:1039D000F1000000F1000000F1000000F100000023
:1039E000F1000000F1000000F2000000F200000011
:1039F000F2000000F2000000F2000000F2000000FF
:103A0000F2000000F2000000F3000000F3000000EC
:103A1000F3000000F3000000F3000000F3000000DA
:103A2000F3000000F3000000F3000000F4000000C9
:103A3000F4000000F4000000F4000000F4000000B6
:103A4000F4000000F4000000F4000000F5000000A5
:103A5000F5000000F5000000F5000000F500000092
:103A6000F5000000F5000000F5000000F600000081
:103A7000F6000000F6000000F6000000F60000006E
:103A8000F6000000F6000000F6000000F70000005D
:103A9000F7000000F7000000F7000000F70000004A
:103AA000F7000000F7000000F7000000F800000039
:103AB000F8000000F8000000F8000000F800000026
:103AC000F8000000F8000000F8000000F900000015
:103AD000F9000000F9000000F9000000F900000002
:103AE000F9000000F9000000F9000000F9000000F2
:103AF000FA000000FA000000FA000000FA000000DE
:103B0000FA000000FA000000FA000000FA000000CD
:103B1000FB000000FB000000FB000000FB000000B9
:103B2000FB000000FB000000FB000000FB000000A9
:103B3000FC000000FC000000FC000000FC00000095
:103B4000FC000000FC000000FC000000FC00000085
:103B5000FD000000FD000000FD000000FD00000071
:103B6000FD000000FD000000FD000000FD00000061
:103B7000FD000000FE000000FE000000FE0000004E
:103B8000FE000000FE000000FE000000FE0000003D
:103B9000FE000000FF000000FF000000FF0000002A
:103BA000FF000000FF000000FF000000FF00000019
:103BB000FF00000000010000000100000001000003
:103BC00000010000000100000001000000010000F1
:103BD00000010000010100000101000001010000DE
:103BE00001010000010100000101000001010000CD
:103BF00001010000010100000201000002010000BB
:103C000002010000020100000201000002010000A8
:103C10000201000002010000030100000301000096
:103C20000301000003010000030100000301000084
:103C30000301000003010000040100000401000072
:103C40000401000004010000040100000401000060
:103C5000040100000401000004010000050100004F
:103C6000050100000501000005010000050100003C
:103C7000050100000501000005010000060100002B
:103C80000601000006010000060100000601000018
:103C90000601000006010000060100000601000008
:103CA00007010000070100000701000007010000F4
:103CB00007010000070100000701000007010000E4
:103CC00008010000080100000801000008010000D0
:103CD00008010000080100000801000008010000C0
:103CE00009010000090100000901000009010000AC
:103CF000090100000901000009010000090100009C
:103D0000090100000A0100000A0100000A01000088
:103D10000A0100000A0100000A0100000A01000077
:103D20000A0100000B0100000B0100000B01000064
:103D30000B0100000B0100000B0100000B01000053
:103D40000B0100000B0100000C0100000C01000041
:103D50000C0100000C0100000C0100000C0100002F
:103D60000C0100000C0100000D0100000D0100001D
:103D70000D0100000D0100000D0100000D0100000B
:103D80000D0100000D0100000D0100000E010000FA
:103D90000E0100000E0100000E0100000E010000E7
:103DA0000E0100000E0100000E0100000F010000D6
:103DB0000F0100000F0100000F0100000F010000C3
:103DC0000F0100000F0100000F0100000F010000B3
:103DD000100100001001000010010000100100009F
:103DE000100100001001000010010000100100008F
:103DF000110100001101000011010000110100007B
:103E0000110100001101000011010000110100006A
:103E10001101000012010000120100001201000057
:103E20001201000012010000120100001201000046
:103E30001201000013010000130100001301000033
:103E40001301000013010000130100001301000022
:103E50001301000013010000140100001401000010
:103E600014010000140100001401000014010000FE
:103E700014010000140100001501000015010000EC
:103E800015010000150100001501000015010000DA
:103E900015010000150100001501000016010000C9
:103EA00016010000160100001601000016010000B6
:103EB00016010000160100001601000016010000A6
:103EC0001701000017010000170100001701000092
:103ED0001701000017010000170100001701000082
:103EE000180100001801000018010000180100006E
:103EF000180100001801000018010000180100005E
:103F0000180100001901000019010000190100004A
:103F10001901000019010000190100001901000039
:103F200019010000190100001A0100001A01000027
:103F30001A0100001A0100001A0100001A01000015
:103F40001A0100001A0100001A0100001B01000004
:103F50001B0100001B0100001B0100001B010000F1
:103F60001B0100001B0100001B0100001C010000E0
:103F70001C0100001C0100001C0100001C010000CD
:103F80001C0100001C0100001C0100001C010000BD
:103F90001D0100001D0100001D0100001D010000A9
:103FA0001D0100001D0100001D0100001D01000099
:103FB0001D0100001E0100001E0100001E01000086
:103FC0001E0100001E0100001E0100001E01000075
:103FD0001E0100001E0100001F0100001F01000063
:103FE0001F0100001F0100001F0100001F01000051
:103FF0001F0100001F0100001F0100002001000040
:10400000200100002001000020010000200100002C
:10401000200100002001000020010000210100001B
:104020002101000021010000210100002101000008
:1040300021010000210100002101000021010000F8
:1040400022010000220100002201000022010000E4
:1040500022010000220100002201000022010000D4
:1040600022010000230100002301000023010000C1
:1040700023010000230100002301000023010000B0
:10408000230100002301000024010000240100009E
:10409000240100002401000024010000240100008C
:1040A000240100002401000024010000250100007B
:1040B0002501000025010000250100002501000068
:1040C0002501000025010000250100002501000058
:1040D0002601000026010000260100002601000044
:1040E0002601000026010000260100002601000034
:1040F0002601000027010000270100002701000021
:10410000270100002701000027010000270100000F
:1041100027010000270100002801000028010000FD
:1041200028010000280100002801000028010000EB
:1041300028010000280100002801000029010000DA
:1041400029010000290100002901000029010000C7
:1041500029010000290100002901000029010000B7
:10416000290100002A0100002A0100002A010000A4
:104170002A0100002A0100002A0100002A01000093
:104180002A0100002A0100002B0100002B01000081
:104190002B0100002B0100002B0100002B0100006F
:1041A0002B0100002B0100002B0100002C0100005E
:1041B0002C0100002C0100002C0100002C0100004B
:1041C0002C0100002C0100002C0100002C0100003B
:1041D0002D0100002D0100002D0100002D01000027
:1041E0002D0100002D0100002D0100002D01000017
:1041F0002D0100002E0100002E0100002E01000004
:104200002E0100002E0100002E0100002E010000F2
:104210002E0100002E0100002E0100002F010000E1
:104220002F0100002F0100002F0100002F010000CE
:104230002F0100002F0100002F0100002F010000BE
:1042400030010000300100003001000030010000AA
:10425000300100003001000030010000300100009A
:104260003001000031010000310100003101000087
:104270003101000031010000310100003101000076
:104280003101000031010000310100003201000065
:104290003201000032010000320100003201000052
:1042A0003201000032010000320100003201000042
:1042B000330100003301000033010000330100002E
:1042C000330100003301000033010000330100001E
:1042D000330100003401000034010000340100000B
:1042E00034010000340100003401000034010000FA
:1042F00034010000340100003401000035010000E9
:1043000035010000350100003501000035010000D5
:1043100035010000350100003501000035010000C5
:1043200036010000360100003601000036010000B1
:1043300036010000360100003601000036010000A1
:10434000360100003601000037010000370100008F
:10435000370100003701000037010000370100007D
:10436000370100003701000037010000380100006C
:104370003801000038010000380100003801000059
:104380003801000038010000380100003801000049
:104390003801000039010000390100003901000036
:1043A0003901000039010000390100003901000025
:1043B0003901000039010000390100003A01000014
:1043C0003A0100003A0100003A0100003A01000001
:1043D0003A0100003A0100003A0100003A010000F1
:1043E0003B0100003B0100003B0100003B010000DD
:1043F0003B0100003B0100003B0100003B010000CD
:104400003B0100003B0100003C0100003C010000BA
:104410003C0100003C0100003C0100003C010000A8
:104420003C0100003C0100003C0100003C01000098
:104430003D0100003D0100003D0100003D01000084
:104440003D0100003D0100003D0100003D01000074
:104450003D0100003D0100003E0100003E01000062
:104460003E0100003E0100003E0100003E01000050
:104470003E0100003E0100003E0100003E01000040
:104480003F0100003F0100003F0100003F0100002C
:104490003F0100003F0100003F0100003F0100001C
:1044A0003F0100003F01000040010000400100000A
:1044B00040010000400100004001000040010000F8
:1044C00040010000400100004001000040010000E8
:1044D00041010000410100004101000041010000D4
:1044E00041010000410100004101000041010000C4
:1044F00041010000410100004201000042010000B2
:10450000420100004201000042010000420100009F
:10451000420100004201000042010000420100008F
:10452000430100004301000043010000430100007B
:10453000430100004301000043010000430100006B
:104540004301000043010000440100004401000059
:104550004401000044010000440100004401000047
:104560004401000044010000440100004401000037
:104570004501000045010000450100004501000023
:104580004501000045010000450100004501000013
:104590004501000045010000460100004601000001
:1045A00046010000460100004601000046010000EF
:1045B00046010000460100004601000046010000DF
:1045C00047010000470100004701000047010000CB
:1045D00047010000470100004701000047010000BB
:1045E00047010000470100004701000048010000AA
:1045F0004801000048010000480100004801000097
:104600004801000048010000480100004801000086
:104610004801000049010000490100004901000073
:104620004901000049010000490100004901000062
:104630004901000049010000490100004901000052
:104640004A0100004A0100004A0100004A0100003E
:104650004A0100004A0100004A0100004A0100002E
:104660004A0100004A0100004B0100004B0100001C
:104670004B0100004B0100004B0100004B0100000A
:104680004B0100004B0100004B0100004B010000FA
:104690004B0100004C0100004C0100004C010000E7
:1046A0004C0100004C0100004C0100004C010000D6
:1046B0004C0100004C0100004C0100004D010000C5
:1046C0004D0100004D0100004D0100004D010000B2
:1046D0004D0100004D0100004D0100004D010000A2
:1046E0004D0100004D0100004E0100004E01000090
:1046F0004E0100004E0100004E0100004E0100007E
:104700004E0100004E0100004E0100004E0100006D
:104710004E0100004F0100004F0100004F0100005A
:104720004F0100004F0100004F0100004F01000049
:104730004F0100004F0100004F0100004F01000039
:104740005001000050010000500100005001000025
:104750005001000050010000500100005001000015
:104760005001000050010000510100005101000003
:1047700051010000510100005101000051010000F1
:1047800051010000510100005101000051010000E1
:1047900051010000520100005201000052010000CE
:1047A00052010000520100005201000052010000BD
:1047B00052010000520100005201000052010000AD
:1047C0005301000053010000530100005301000099
:1047D0005301000053010000530100005301000089
:1047E0005301000053010000530100005301000079
:1047F0005401000054010000540100005401000065
:104800005401000054010000540100005401000054
:104810005401000054010000540100005501000043
:104820005501000055010000550100005501000030
:104830005501000055010000550100005501000020
:10484000550100005501000056010000560100000E
:1048500056010000560100005601000056010000FC
:1048600056010000560100005601000056010000EC
:1048700056010000570100005701000057010000D9
:1048800057010000570100005701000057010000C8
:1048900057010000570100005701000057010000B8
:1048A00057010000580100005801000058010000A5
:1048B0005801000058010000580100005801000094
:1048C0005801000058010000580100005801000084
:1048D0005901000059010000590100005901000070
:1048E0005901000059010000590100005901000060
:1048F0005901000059010000590100005901000050
:104900005A0100005A0100005A0100005A0100003B
:104910005A0100005A0100005A0100005A0100002B
:104920005A0100005A0100005A0100005A0100001B
:104930005B0100005B0100005B0100005B01000007
:104940005B0100005B0100005B0100005B010000F7
:104950005B0100005B0100005B0100005C010000E6
:104960005C0100005C0100005C0100005C010000D3
:104970005C0100005C0100005C0100005C010000C3
:104980005C0100005C0100005C0100005D010000B2
:104990005D0100005D0100005D0100005D0100009F
:1049A0005D0100005D0100005D0100005D0100008F
:1049B0005D0100005D0100005D0100005E0100007E
:1049C0005E0100005E0100005E0100005E0100006B
:1049D0005E0100005E0100005E0100005E0100005B
:1049E0005E0100005E0100005E0100005F0100004A
:1049F0005F0100005F0100005F0100005F01000037
:104A00005F0100005F0100005F0100005F01000026
:104A10005F0100005F0100005F0100005F01000016
:104A20006001000060010000600100006001000002
:104A300060010000600100006001000060010000F2
:104A400060010000600100006001000060010000E2
:104A500061010000610100006101000061010000CE
:104A600061010000610100006101000061010000BE
:104A700061010000610100006101000061010000AE
:104A8000620100006201000062010000620100009A
:104A9000620100006201000062010000620100008A
:104AA000620100006201000062010000620100007A
:104AB0006201000063010000630100006301000067
:104AC0006301000063010000630100006301000056
:104AD0006301000063010000630100006301000046
:104AE0006301000064010000640100006401000033
:104AF0006401000064010000640100006401000022
:104B00006401000064010000640100006401000011
:104B100064010000640100006501000065010000FF
:104B200065010000650100006501000065010000ED
:104B300065010000650100006501000065010000DD
:104B400065010000650100006501000066010000CC
:104B500066010000660100006601000066010000B9
:104B600066010000660100006601000066010000A9
:104B70006601000066010000660100006601000099
:104B80006701000067010000670100006701000085
:104B90006701000067010000670100006701000075
:104BA0006701000067010000670100006701000065
:104BB0006701000068010000680100006801000052
:104BC0006801000068010000680100006801000041
:104BD0006801000068010000680100006801000031
:104BE0006801000068010000680100006901000020
:104BF000690100006901000069010000690100000D
:104C000069010000690100006901000069010000FC
:104C100069010000690100006901000069010000EC
:104C20006A0100006A0100006A0100006A010000D8
:104C30006A0100006A0100006A0100006A010000C8
:104C40006A0100006A0100006A0100006A010000B8
:104C50006A0100006A0100006B0100006B010000A6
:104C60006B0100006B0100006B0100006B01000094
:104C70006B0100006B0100006B0100006B01000084
:104C80006B0100006B0100006B0100006B01000074
:104C90006C0100006C0100006C0100006C01000060
:104CA0006C0100006C0100006C0100006C01000050
:104CB0006C0100006C0100006C0100006C01000040
:104CC0006C0100006C0100006D0100006D0100002E
:104CD0006D0100006D0100006D0100006D0100001C
:104CE0006D0100006D0100006D0100006D0100000C
:104CF0006D0100006D0100006D0100006D010000FC
:104D00006E0100006E0100006E0100006E010000E7
:104D10006E0100006E0100006E0100006E010000D7
:104D20006E0100006E0100006E0100006E010000C7
:104D30006E0100006E0100006F0100006F010000B5
:104D40006F0100006F0100006F0100006F010000A3
:104D50006F0100006F0100006F0100006F01000093
:104D60006F0100006F0100006F0100006F01000083
:104D70006F01000070010000700100007001000070
:104D8000700100007001000070010000700100005F
:104D9000700100007001000070010000700100004F
:104DA000700100007001000070010000710100003E
:104DB000710100007101000071010000710100002B
:104DC000710100007101000071010000710100001B
:104DD000710100007101000071010000710100000B
:104DE00071010000710100007201000072010000F9
:104DF00072010000720100007201000072010000E7
:104E000072010000720100007201000072010000D6
:104E100072010000720100007201000072010000C6
:104E200072010000720100007301000073010000B4
:104E300073010000730100007301000073010000A2
:104E40007301000073010000730100007301000092
:104E50007301000073010000730100007301000082
:104E6000730100007401000074010000740100006F
:104E7000740100007401000074010000740100005E
:104E8000740100007401000074010000740100004E
:104E9000740100007401000074010000740100003E
:104EA000740100007501000075010000750100002B
:104EB000750100007501000075010000750100001A
:104EC000750100007501000075010000750100000A
:104ED00075010000750100007501000075010000FA
:104EE00075010000760100007601000076010000E7
:104EF00076010000760100007601000076010000D6
:104F000076010000760100007601000076010000C5
:104F100076010000760100007601000076010000B5
:104F200076010000770100007701000077010000A2
:104F30007701000077010000770100007701000091
:104F40007701000077010000770100007701000081
:104F50007701000077010000770100007701000071
:104F6000770100007701000078010000780100005F
:104F7000780100007801000078010000780100004D
:104F8000780100007801000078010000780100003D
:104F9000780100007801000078010000780100002D
:104FA000780100007801000078010000790100001C
:104FB0007901000079010000790100007901000009
:104FC00079010000790100007901000079010000F9
:104FD00079010000790100007901000079010000E9
:104FE00079010000790100007901000079010000D9
:104FF0007A0100007A0100007A0100007A010000C5
:105000007A0100007A0100007A0100007A010000B4
:105010007A0100007A0100007A0100007A010000A4
:105020007A0100007A0100007A0100007A01000094
:105030007A0100007A0100007B0100007B01000082
:105040007B0100007B0100007B0100007B01000070
:105050007B0100007B0100007B0100007B01000060
:105060007B0100007B0100007B0100007B01000050
:105070007B0100007B0100007B0100007B01000040
:105080007C0100007C0100007C0100007C0100002C
:105090007C0100007C0100007C0100007C0100001C
:1050A0007C0100007C0100007C0100007C0100000C
:1050B0007C0100007C0100007C0100007C010000FC
:1050C0007C0100007C0100007D0100007D010000EA
:1050D0007D0100007D0100007D0100007D010000D8
:1050E0007D0100007D0100007D0100007D010000C8
:1050F0007D0100007D0100007D0100007D010000B8
:105100007D0100007D0100007D0100007D010000A7
:105110007D0100007E0100007E0100007E01000094
:105120007E0100007E0100007E0100007E01000083
:105130007E0100007E0100007E0100007E01000073
:105140007E0100007E0100007E0100007E01000063
:105150007E0100007E0100007E0100007E01000053
:105160007E0100007F0100007F0100007F01000040
:105170007F0100007F0100007F0100007F0100002F
:105180007F0100007F0100007F0100007F0100001F
:105190007F0100007F0100007F0100007F0100000F
:1051A0007F0100007F0100007F0100007F010000FF
:1051B0007F010000800100008001000080010000EC
:1051C00080010000800100008001000080010000DB
:1051D00080010000800100008001000080010000CB
:1051E00080010000800100008001000080010000BB
:1051F00080010000800100008001000080010000AB
:105200008001000081010000810100008101000097
:105210008101000081010000810100008101000086
:105220008101000081010000810100008101000076
:105230008101000081010000810100008101000066
:105240008101000081010000810100008101000056
:105250008101000081010000820100008201000044
:105260008201000082010000820100008201000032
:105270008201000082010000820100008201000022
:105280008201000082010000820100008201000012
:105290008201000082010000820100008201000002
:1052A00082010000820100008201000082010000F2
:1052B00082010000830100008301000083010000DF
:1052C00083010000830100008301000083010000CE
:1052D00083010000830100008301000083010000BE
:1052E00083010000830100008301000083010000AE
:1052F000830100008301000083010000830100009E
:10530000830100008301000083010000840100008C
:105310008401000084010000840100008401000079
:105320008401000084010000840100008401000069
:105330008401000084010000840100008401000059
:105340008401000084010000840100008401000049
:105350008401000084010000840100008401000039
:105360008401000084010000840100008501000028
:105370008501000085010000850100008501000015
:105380008501000085010000850100008501000005
:1053900085010000850100008501000085010000F5
:1053A00085010000850100008501000085010000E5
:1053B00085010000850100008501000085010000D5
:1053C00085010000850100008501000085010000C5
:1053D00086010000860100008601000086010000B1
:1053E00086010000860100008601000086010000A1
:1053F0008601000086010000860100008601000091
:105400008601000086010000860100008601000080
:105410008601000086010000860100008601000070
:105420008601000086010000860100008601000060
:10543000860100008601000087010000870100004E
:10544000870100008701000087010000870100003C
:10545000870100008701000087010000870100002C
:10546000870100008701000087010000870100001C
:10547000870100008701000087010000870100000C
:1054800087010000870100008701000087010000FC
:1054900087010000870100008701000087010000EC
:1054A00087010000870100008801000088010000DA
:1054B00088010000880100008801000088010000C8
:1054C00088010000880100008801000088010000B8
:1054D00088010000880100008801000088010000A8
:1054E0008801000088010000880100008801000098
:1054F0008801000088010000880100008801000088
:105500008801000088010000880100008801000077
:105510008801000088010000880100008901000066
:105520008901000089010000890100008901000053
:105530008901000089010000890100008901000043
:105540008901000089010000890100008901000033
:105550008901000089010000890100008901000023
:105560008901000089010000890100008901000013
:105570008901000089010000890100008901000003
:1055800089010000890100008901000089010000F3
:105590008901000089010000890100008A010000E2
:1055A0008A0100008A0100008A0100008A010000CF
:1055B0008A0100008A0100008A0100008A010000BF
:1055C0008A0100008A0100008A0100008A010000AF
:1055D0008A0100008A0100008A0100008A0100009F
:1055E0008A0100008A0100008A0100008A0100008F
:1055F0008A0100008A0100008A0100008A0100007F
:105600008A0100008A0100008A0100008A0100006E
:105610008A0100008A0100008A0100008A0100005E
:105620008A0100008B0100008B0100008B0100004B
:105630008B0100008B0100008B0100008B0100003A
:105640008B0100008B0100008B0100008B0100002A
:105650008B0100008B0100008B0100008B0100001A
:105660008B0100008B0100008B0100008B0100000A
:105670008B0100008B0100008B0100008B010000FA
:105680008B0100008B0100008B0100008B010000EA
:105690008B0100008B0100008B0100008B010000DA
:1056A0008B0100008B0100008B0100008B010000CA
:1056B0008B0100008B0100008B0100008C010000B9
:1056C0008C0100008C0100008C0100008C010000A6
:1056D0008C0100008C0100008C0100008C01000096
:1056E0008C0100008C0100008C0100008C01000086
:1056F0008C0100008C0100008C0100008C01000076
:105700008C0100008C0100008C0100008C01000065
:105710008C0100008C0100008C0100008C01000055
:105720008C0100008C0100008C0100008C01000045
:105730008C0100008C0100008C0100008C01000035
:105740008C0100008C0100008C0100008C01000025
:105750008C0100008C0100008C0100008C01000015
:105760008C0100008D0100008D0100008D01000002
:105770008D0100008D0100008D0100008D010000F1
:105780008D0100008D0100008D0100008D010000E1
:105790008D0100008D0100008D0100008D010000D1
:1057A0008D0100008D0100008D0100008D010000C1
:1057B0008D0100008D0100008D0100008D010000B1
:1057C0008D0100008D0100008D0100008D010000A1
:1057D0008D0100008D0100008D0100008D01000091
:1057E0008D0100008D0100008D0100008D01000081
:1057F0008D0100008D0100008D0100008D01000071
:105800008D0100008D0100008D0100008D01000060
:105810008D0100008D0100008D0100008D01000050
:105820008D0100008D0100008D0100008D01000040
:105830008E0100008E0100008E0100008E0100002C
:105840008E0100008E0100008E0100008E0100001C
:105850008E0100008E0100008E0100008E0100000C
:105860008E0100008E0100008E0100008E010000FC
:105870008E0100008E0100008E0100008E010000EC
:105880008E0100008E0100008E0100008E010000DC
:105890008E0100008E0100008E0100008E010000CC
:1058A0008E0100008E0100008E0100008E010000BC
:1058B0008E0100008E0100008E0100008E010000AC
:1058C0008E0100008E0100008E0100008E0100009C
:1058D0008E0100008E0100008E0100008E0100008C
:1058E0008E0100008E0100008E0100008E0100007C
:1058F0008E0100008E0100008E0100008E0100006C
:105900008E0100008E0100008E0100008E0100005B
:105910008E0100008E0100008E0100008E0100004B
:105920008E0100008E0100008E0100008E0100003B
:105930008E0100008E0100008F0100008F01000029
:105940008F0100008F0100008F0100008F01000017
:105950008F0100008F0100008F0100008F01000007
:105960008F0100008F0100008F0100008F010000F7
:105970008F0100008F0100008F0100008F010000E7
:105980008F0100008F0100008F0100008F010000D7
:105990008F0100008F0100008F0100008F010000C7
:1059A0008F0100008F0100008F0100008F010000B7
:1059B0008F0100008F0100008F0100008F010000A7
:1059C0008F0100008F0100008F0100008F01000097
:1059D0008F0100008F0100008F0100008F01000087
:1059E0008F0100008F0100008F0100008F01000077
:1059F0008F0100008F0100008F0100008F01000067
:105A00008F0100008F0100008F0100008F01000056
:105A10008F0100008F0100008F0100008F01000046
:105A20008F0100008F0100008F0100008F01000036
:105A30008F0100008F0100008F0100008F01000026
:105A40008F0100008F0100008F0100008F01000016
:105A50008F0100008F0100008F0100008F01000006
:105A60008F0100008F0100008F0100008F010000F6
:105A70008F0100008F0100008F0100008F010000E6
:105A80008F0100008F0100008F0100008F010000D6
:105A90008F0100008F0100008F0100008F010000C6
:105AA0008F0100008F0100008F0100008F010000B6
:105AB0008F0100008F0100008F0100008F010000A6
:105AC0008F0100008F0100008F0100008F01000096
:105AD0008F0100008F0100008F0100008F01000086
:105AE0008F0100008F0100008F0100008F01000076
:105AF0008F0100008F0100008F0100008F01000066
:105B00008F0100008F0100008F0100008F01000055
:105B10008F0100008F0100008F0100008F01000045
:105B20008F0100008F0100008F0100008F01000035
:105B30008F0100008F0100008F0100008F01000025
:105B40008F0100008F0100008F0100008F01000015
:105B50008F0100008F0100008F0100008F01000005
:105B60008F0100008F0100008F0100008F010000F5
:105B70008F0100008F0100008F0100008F010000E5
:105B80008F0100008F0100008F0100008F010000D5
:105B90008F0100008F0100008F0100008F010000C5
:105BA0008F0100008F0100008F0100008F010000B5
:105BB0008F010000900100008F0100008F010000A4
:105BC0008F0100008F0100008F0100008F01000095
:105BD0008F0100008F0100008F0100008F01000085
:105BE0008F0100008F0100008F0100008F01000075
:105BF0008F0100008F0100008F0100008F01000065
:105C00008F0100008F0100008F0100008F01000054
:105C10008F0100008F0100008F0100008F01000044
:105C20008F0100008F0100008F0100008F01000034
:105C30008F0100008F0100008F0100008F01000024
:105C40008F0100008F0100008F0100008F01000014
:105C50008F0100008F0100008F0100008F01000004
:105C60008F0100008F0100008F0100008F010000F4
:105C70008F0100008F0100008F0100008F010000E4
:105C80008F0100008F0100008F0100008F010000D4
:105C90008F0100008F0100008F0100008F010000C4
:105CA0008F0100008F0100008F0100008F010000B4
:105CB0008F0100008F0100008F0100008F010000A4
:105CC0008F0100008F0100008F0100008F01000094
:105CD0008F0100008F0100008F0100008F01000084
:105CE0008F0100008F0100008F0100008F01000074
:105CF0008F0100008F0100008F0100008F01000064
:105D00008F0100008F0100008F0100008F01000053
:105D10008F0100008F0100008F0100008F01000043
:105D20008F0100008F0100008F0100008F01000033
:105D30008F0100008F0100008F0100008F01000023
:105D40008F0100008F0100008F0100008F01000013
:105D50008F0100008F0100008F0100008F01000003
:105D60008F0100008F0100008F0100008F010000F3
:105D70008F0100008F0100008F0100008F010000E3
:105D80008F0100008F0100008F0100008F010000D3
:105D90008F0100008F0100008F0100008F010000C3
:105DA0008F0100008F0100008F0100008F010000B3
:105DB0008F0100008F0100008F0100008F010000A3
:105DC0008F0100008F0100008F0100008F01000093
:105DD0008F0100008F0100008F0100008F01000083
:105DE0008F0100008F0100008F0100008F01000073
:105DF0008F0100008F0100008F0100008F01000063
:105E00008F0100008F0100008F0100008F01000052
:105E10008F0100008F0100008F0100008F01000042
:105E20008F0100008F0100008F0100008F01000032
:105E30008F0100008E0100008E0100008E01000025
:105E40008E0100008E0100008E0100008E01000016
:105E50008E0100008E0100008E0100008E01000006
:105E60008E0100008E0100008E0100008E010000F6
:105E70008E0100008E0100008E0100008E010000E6
:105E80008E0100008E0100008E0100008E010000D6
:105E90008E0100008E0100008E0100008E010000C6
:105EA0008E0100008E0100008E0100008E010000B6
:105EB0008E0100008E0100008E0100008E010000A6
:105EC0008E0100008E0100008E0100008E01000096
:105ED0008E0100008E0100008E0100008E01000086
:105EE0008E0100008E0100008E0100008E01000076
:105EF0008E0100008E0100008E0100008E01000066
:105F00008E0100008E0100008E0100008E01000055
:105F10008E0100008E0100008E0100008E01000045
:105F20008E0100008E0100008E0100008E01000035
:105F30008E0100008E0100008E0100008D01000026
:105F40008D0100008D0100008D0100008D01000019
:105F50008D0100008D0100008D0100008D01000009
:105F60008D0100008D0100008D0100008D010000F9
:105F70008D0100008D0100008D0100008D010000E9
:105F80008D0100008D0100008D0100008D010000D9
:105F90008D0100008D0100008D0100008D010000C9
:105FA0008D0100008D0100008D0100008D010000B9
:105FB0008D0100008D0100008D0100008D010000A9
:105FC0008D0100008D0100008D0100008D01000099
:105FD0008D0100008D0100008D0100008D01000089
:105FE0008D0100008D0100008D0100008D01000079
:105FF0008D0100008D0100008D0100008D01000069
:106000008D0100008D0100008C0100008C0100005A
:106010008C0100008C0100008C0100008C0100004C
:106020008C0100008C0100008C0100008C0100003C
:106030008C0100008C0100008C0100008C0100002C
:106040008C0100008C0100008C0100008C0100001C
:106050008C0100008C0100008C0100008C0100000C
:106060008C0100008C0100008C0100008C010000FC
:106070008C0100008C0100008C0100008C010000EC
:106080008C0100008C0100008C0100008C010000DC
:106090008C0100008C0100008C0100008C010000CC
:1060A0008C0100008C0100008C0100008C010000BC
:1060B0008B0100008B0100008B0100008B010000B0
:1060C0008B0100008B0100008B0100008B010000A0
:1060D0008B0100008B0100008B0100008B01000090
:1060E0008B0100008B0100008B0100008B01000080
:1060F0008B0100008B0100008B0100008B01000070
:106100008B0100008B0100008B0100008B0100005F
:106110008B0100008B0100008B0100008B0100004F
:106120008B0100008B0100008B0100008B0100003F
:106130008B0100008B0100008B0100008B0100002F
:106140008B0100008B0100008A0100008A01000021
:106150008A0100008A0100008A0100008A01000013
:106160008A0100008A0100008A0100008A01000003
:106170008A0100008A0100008A0100008A010000F3
:106180008A0100008A0100008A0100008A010000E3
:106190008A0100008A0100008A0100008A010000D3
:1061A0008A0100008A0100008A0100008A010000C3
:1061B0008A0100008A0100008A0100008A010000B3
:1061C0008A0100008A0100008A0100008A010000A3
:1061D0008901000089010000890100008901000097
:1061E0008901000089010000890100008901000087
:1061F0008901000089010000890100008901000077
:106200008901000089010000890100008901000066
:106210008901000089010000890100008901000056
:106220008901000089010000890100008901000046
:106230008901000089010000890100008901000036
:106240008901000089010000890100008901000026
:10625000880100008801000088010000880100001A
:10626000880100008801000088010000880100000A
:1062700088010000880100008801000088010000FA
:1062800088010000880100008801000088010000EA
:1062900088010000880100008801000088010000DA
:1062A00088010000880100008801000088010000CA
:1062B00088010000880100008801000088010000BA
:1062C00088010000870100008701000087010000AD
:1062D000870100008701000087010000870100009E
:1062E000870100008701000087010000870100008E
:1062F000870100008701000087010000870100007E
:10630000870100008701000087010000870100006D
:10631000870100008701000087010000870100005D
:10632000870100008701000087010000870100004D
:106330008701000086010000860100008601000040
:106340008601000086010000860100008601000031
:106350008601000086010000860100008601000021
:106360008601000086010000860100008601000011
:106370008601000086010000860100008601000001
:1063800086010000860100008601000086010000F1
:1063900086010000860100008601000085010000E2
:1063A00085010000850100008501000085010000D5
:1063B00085010000850100008501000085010000C5
:1063C00085010000850100008501000085010000B5
:1063D00085010000850100008501000085010000A5
:1063E0008501000085010000850100008501000095
:1063F0008501000085010000850100008501000085
:106400008401000084010000840100008401000078
:106410008401000084010000840100008401000068
:106420008401000084010000840100008401000058
:106430008401000084010000840100008401000048
:106440008401000084010000840100008401000038
:106450008401000084010000840100008401000028
:10646000830100008301000083010000830100001C
:10647000830100008301000083010000830100000C
:1064800083010000830100008301000083010000FC
:1064900083010000830100008301000083010000EC
:1064A00083010000830100008301000083010000DC
:1064B00083010000830100008201000082010000CE
:1064C00082010000820100008201000082010000C0
:1064D00082010000820100008201000082010000B0
:1064E00082010000820100008201000082010000A0
:1064F0008201000082010000820100008201000090
:10650000820100008201000082010000820100007F
:106510008201000081010000810100008101000072
:106520008101000081010000810100008101000063
:106530008101000081010000810100008101000053
:106540008101000081010000810100008101000043
:106550008101000081010000810100008101000033
:106560008101000081010000800100008001000025
:106570008001000080010000800100008001000017
:106580008001000080010000800100008001000007
:1065900080010000800100008001000080010000F7
:1065A00080010000800100008001000080010000E7
:1065B00080010000800100007F0100007F010000D9
:1065C0007F0100007F0100007F0100007F010000CB
:1065D0007F0100007F0100007F0100007F010000BB
:1065E0007F0100007F0100007F0100007F010000AB
:1065F0007F0100007F0100007F0100007F0100009B
:106600007F0100007F0100007E0100007E0100008C
:106610007E0100007E0100007E0100007E0100007E
:106620007E0100007E0100007E0100007E0100006E
:106630007E0100007E0100007E0100007E0100005E
:106640007E0100007E0100007E0100007E0100004E
:106650007E0100007E0100007D0100007D01000040
:106660007D0100007D0100007D0100007D01000032
:106670007D0100007D0100007D0100007D01000022
:106680007D0100007D0100007D0100007D01000012
:106690007D0100007D0100007D0100007D01000002
:1066A0007D0100007C0100007C0100007C010000F5
:1066B0007C0100007C0100007C0100007C010000E6
:1066C0007C0100007C0100007C0100007C010000D6
:1066D0007C0100007C0100007C0100007C010000C6
:1066E0007C0100007C0100007C0100007B010000B7
:1066F0007B0100007B0100007B0100007B010000AA
:106700007B0100007B0100007B0100007B01000099
:106710007B0100007B0100007B0100007B01000089
:106720007B0100007B0100007B0100007B01000079
:106730007B0100007A0100007A0100007A0100006C
:106740007A0100007A0100007A0100007A0100005D
:106750007A0100007A0100007A0100007A0100004D
:106760007A0100007A0100007A0100007A0100003D
:106770007A0100007A0100007A010000790100002E
:106780007901000079010000790100007901000021
:106790007901000079010000790100007901000011
:1067A0007901000079010000790100007901000001
:1067B00079010000790100007901000079010000F1
:1067C00078010000780100007801000078010000E5
:1067D00078010000780100007801000078010000D5
:1067E00078010000780100007801000078010000C5
:1067F00078010000780100007801000078010000B5
:1068000078010000770100007701000077010000A7
:106810007701000077010000770100007701000098
:106820007701000077010000770100007701000088
:106830007701000077010000770100007701000078
:10684000770100007701000076010000760100006A
:10685000760100007601000076010000760100005C
:10686000760100007601000076010000760100004C
:10687000760100007601000076010000760100003C
:10688000760100007601000075010000750100002E
:106890007501000075010000750100007501000020
:1068A0007501000075010000750100007501000010
:1068B0007501000075010000750100007501000000
:1068C00075010000750100007401000074010000F2
:1068D00074010000740100007401000074010000E4
:1068E00074010000740100007401000074010000D4
:1068F00074010000740100007401000074010000C4
:1069000074010000740100007301000073010000B5
:1069100073010000730100007301000073010000A7
:106920007301000073010000730100007301000097
:106930007301000073010000730100007301000087
:10694000730100007201000072010000720100007A
:10695000720100007201000072010000720100006B
:10696000720100007201000072010000720100005B
:10697000720100007201000072010000720100004B
:10698000720100007101000071010000710100003E
:10699000710100007101000071010000710100002F
:1069A000710100007101000071010000710100001F
:1069B000710100007101000071010000710100000F
:1069C0007001000070010000700100007001000003
:1069D00070010000700100007001000070010000F3
:1069E00070010000700100007001000070010000E3
:1069F00070010000700100006F0100006F010000D5
:106A00006F0100006F0100006F0100006F010000C6
:106A10006F0100006F0100006F0100006F010000B6
:106A20006F0100006F0100006F0100006F010000A6
:106A30006F0100006E0100006E0100006E01000099
:106A40006E0100006E0100006E0100006E0100008A
:106A50006E0100006E0100006E0100006E0100007A
:106A60006E0100006E0100006E0100006D0100006B
:106A70006D0100006D0100006D0100006D0100005E
:106A80006D0100006D0100006D0100006D0100004E
:106A90006D0100006D0100006D0100006D0100003E
:106AA0006D0100006C0100006C0100006C01000031
:106AB0006C0100006C0100006C0100006C01000022
:106AC0006C0100006C0100006C0100006C01000012
:106AD0006C0100006C0100006C0100006B01000003
:106AE0006B0100006B0100006B0100006B010000F6
:106AF0006B0100006B0100006B0100006B010000E6
:106B00006B0100006B0100006B0100006B010000D5
:106B10006B0100006A0100006A0100006A010000C8
:106B20006A0100006A0100006A0100006A010000B9
:106B30006A0100006A0100006A0100006A010000A9
:106B40006A0100006A0100006A010000690100009A
:106B5000690100006901000069010000690100008D
:106B6000690100006901000069010000690100007D
:106B7000690100006901000069010000690100006D
:106B80006801000068010000680100006801000061
:106B90006801000068010000680100006801000051
:106BA0006801000068010000680100006801000041
:106BB0006801000068010000670100006701000033
:106BC0006701000067010000670100006701000025
:106BD0006701000067010000670100006701000015
:106BE0006701000067010000670100006601000006
:106BF00066010000660100006601000066010000F9
:106C000066010000660100006601000066010000E8
:106C100066010000660100006601000066010000D8
:106C200065010000650100006501000065010000CC
:106C300065010000650100006501000065010000BC
:106C400065010000650100006501000065010000AC
:106C5000650100006401000064010000640100009F
:106C60006401000064010000640100006401000090
:106C70006401000064010000640100006401000080
:106C80006401000064010000630100006301000072
:106C90006301000063010000630100006301000064
:106CA0006301000063010000630100006301000054
:106CB0006301000063010000620100006201000046
:106CC0006201000062010000620100006201000038
:106CD0006201000062010000620100006201000028
:106CE0006201000062010000620100006101000019
:106CF000610100006101000061010000610100000C
:106D000061010000610100006101000061010000FB
:106D100061010000610100006101000060010000EC
:106D200060010000600100006001000060010000DF
:106D300060010000600100006001000060010000CF
:106D40006001000060010000600100005F010000C0
:106D50005F0100005F0100005F0100005F010000B3
:106D60005F0100005F0100005F0100005F010000A3
:106D70005F0100005F0100005F0100005F01000093
:106D80005E0100005E0100005E0100005E01000087
:106D90005E0100005E0100005E0100005E01000077
:106DA0005E0100005E0100005E0100005E01000067
:106DB0005D0100005D0100005D0100005D0100005B
:106DC0005D0100005D0100005D0100005D0100004B
:106DD0005D0100005D0100005D0100005D0100003B
:106DE0005C0100005C0100005C0100005C0100002F
:106DF0005C0100005C0100005C0100005C0100001F
:106E00005C0100005C0100005C0100005C0100000E
:106E10005B0100005B0100005B0100005B01000002
:106E20005B0100005B0100005B0100005B010000F2
:106E30005B0100005B0100005B0100005A010000E3
:106E40005A0100005A0100005A0100005A010000D6
:106E50005A0100005A0100005A0100005A010000C6
:106E60005A0100005A0100005A01000059010000B7
:106E700059010000590100005901000059010000AA
:106E8000590100005901000059010000590100009A
:106E9000590100005901000059010000580100008B
:106EA000580100005801000058010000580100007E
:106EB000580100005801000058010000580100006E
:106EC0005801000058010000570100005701000060
:106ED0005701000057010000570100005701000052
:106EE0005701000057010000570100005701000042
:106EF0005701000057010000560100005601000034
:106F00005601000056010000560100005601000025
:106F10005601000056010000560100005601000015
:106F20005601000055010000550100005501000008
:106F300055010000550100005501000055010000F9
:106F400055010000550100005501000055010000E9
:106F500054010000540100005401000054010000DD
:106F600054010000540100005401000054010000CD
:106F700054010000540100005401000053010000BE
:106F800053010000530100005301000053010000B1
:106F900053010000530100005301000053010000A1
:106FA0005301000053010000530100005201000092
:106FB0005201000052010000520100005201000085
:106FC0005201000052010000520100005201000075
:106FD0005201000052010000510100005101000067
:106FE0005101000051010000510100005101000059
:106FF0005101000051010000510100005101000049
:10700000510100005001000050010000500100003B
:10701000500100005001000050010000500100002C
:107020005001000050010000500100004F0100001D
:107030004F0100004F0100004F0100004F01000010
:107040004F0100004F0100004F0100004F01000000
:107050004F0100004F0100004E0100004E010000F2
:107060004E0100004E0100004E0100004E010000E4
:107070004E0100004E0100004E0100004E010000D4
:107080004E0100004D0100004D0100004D010000C7
:107090004D0100004D0100004D0100004D010000B8
:1070A0004D0100004D0100004D0100004D010000A8
:1070B0004C0100004C0100004C0100004C0100009C
:1070C0004C0100004C0100004C0100004C0100008C
:1070D0004C0100004C0100004B0100004B0100007E
:1070E0004B0100004B0100004B0100004B01000070
:1070F0004B0100004B0100004B0100004B01000060
:107100004B0100004A0100004A0100004A01000052
:107110004A0100004A0100004A0100004A01000043
:107120004A0100004A0100004A0100004901000034
:107130004901000049010000490100004901000027
:107140004901000049010000490100004901000017
:107150004901000049010000480100004801000009
:1071600048010000480100004801000048010000FB
:1071700048010000480100004801000048010000EB
:1071800047010000470100004701000047010000DF
:1071900047010000470100004701000047010000CF
:1071A00047010000470100004701000046010000C0
:1071B00046010000460100004601000046010000B3
:1071C00046010000460100004601000046010000A3
:1071D0004601000045010000450100004501000096
:1071E0004501000045010000450100004501000087
:1071F0004501000045010000450100004401000078
:10720000440100004401000044010000440100006A
:10721000440100004401000044010000440100005A
:10722000440100004301000043010000430100004D
:10723000430100004301000043010000430100003E
:10724000430100004301000043010000420100002F
:107250004201000042010000420100004201000022
:107260004201000042010000420100004201000012
:107270004201000041010000410100004101000005
:1072800041010000410100004101000041010000F6
:1072900041010000410100004101000040010000E7
:1072A00040010000400100004001000040010000DA
:1072B00040010000400100004001000040010000CA
:1072C000400100003F0100003F0100003F010000BD
:1072D0003F0100003F0100003F0100003F010000AE
:1072E0003F0100003F0100003F0100003E0100009F
:1072F0003E0100003E0100003E0100003E01000092
:107300003E0100003E0100003E0100003E01000081
:107310003E0100003D0100003D0100003D01000074
:107320003D0100003D0100003D0100003D01000065
:107330003D0100003D0100003D0100003C01000056
:107340003C0100003C0100003C0100003C01000049
:107350003C0100003C0100003C0100003C01000039
:107360003C0100003B0100003B0100003B0100002C
:107370003B0100003B0100003B0100003B0100001D
:107380003B0100003B0100003B0100003A0100000E
:107390003A0100003A0100003A0100003A01000001
:1073A0003A0100003A0100003A0100003A010000F1
:1073B00039010000390100003901000039010000E5
:1073C00039010000390100003901000039010000D5
:1073D00039010000390100003801000038010000C7
:1073E00038010000380100003801000038010000B9
:1073F00038010000380100003801000038010000A9
:10740000370100003701000037010000370100009C
:10741000370100003701000037010000370100008C
:10742000370100003601000036010000360100007F
:107430003601000036010000360100003601000070
:107440003601000036010000360100003501000061
:107450003501000035010000350100003501000054
:107460003501000035010000350100003501000044
:107470003401000034010000340100003401000038
:107480003401000034010000340100003401000028
:10749000340100003401000033010000330100001A
:1074A000330100003301000033010000330100000C
:1074B00033010000330100003301000032010000FD
:1074C00032010000320100003201000032010000F0
:1074D00032010000320100003201000032010000E0
:1074E00031010000310100003101000031010000D4
:1074F00031010000310100003101000031010000C4
:1075000031010000310100003001000030010000B5
:1075100030010000300100003001000030010000A7
:107520003001000030010000300100002F01000098
:107530002F0100002F0100002F0100002F0100008B
:107540002F0100002F0100002F0100002F0100007B
:107550002E0100002E0100002E0100002E0100006F
:107560002E0100002E0100002E0100002E0100005F
:107570002E0100002E0100002D0100002D01000051
:107580002D0100002D0100002D0100002D01000043
:107590002D0100002D0100002D0100002C01000034
:1075A0002C0100002C0100002C0100002C01000027
:1075B0002C0100002C0100002C0100002C01000017
:1075C0002B0100002B0100002B0100002B0100000B
:1075D0002B0100002B0100002B0100002B010000FB
:1075E0002B0100002A0100002A0100002A010000EE
:1075F0002A0100002A0100002A0100002A010000DF
:107600002A0100002A0100002901000029010000D0
:1076100029010000290100002901000029010000C2
:1076200029010000290100002901000029010000B2
:1076300028010000280100002801000028010000A6
:107640002801000028010000280100002801000096
:107650002801000027010000270100002701000089
:10766000270100002701000027010000270100007A
:10767000270100002701000026010000260100006C
:10768000260100002601000026010000260100005E
:10769000260100002601000026010000250100004F
:1076A0002501000025010000250100002501000042
:1076B0002501000025010000250100002501000032
:1076C0002401000024010000240100002401000026
:1076D0002401000024010000240100002401000016
:1076E0002401000023010000230100002301000009
:1076F00023010000230100002301000023010000FA
:1077000023010000230100002201000022010000EB
:1077100022010000220100002201000022010000DD
:1077200022010000220100002201000021010000CE
:1077300021010000210100002101000021010000C1
:1077400021010000210100002101000021010000B1
:1077500020010000200100002001000020010000A5
:107760002001000020010000200100002001000095
:107770001F0100001F0100001F0100001F01000089
:107780001F0100001F0100001F0100001F01000079
:107790001F0100001E0100001E0100001E0100006C
:1077A0001E0100001E0100001E0100001E0100005D
:1077B0001E0100001E0100001D0100001D0100004F
:1077C0001D0100001D0100001D0100001D01000041
:1077D0001D0100001D0100001D0100001C01000032
:1077E0001C0100001C0100001C0100001C01000025
:1077F0001C0100001C0100001C0100001C01000015
:107800001B0100001B0100001B0100001B01000008
:107810001B0100001B0100001B0100001B010000F8
:107820001A0100001A0100001A0100001A010000EC
:107830001A0100001A0100001A0100001A010000DC
:107840001A010000190100001901000019010000CF
:1078500019010000190100001901000019010000C0
:1078600019010000190100001801000018010000B2
:1078700018010000180100001801000018010000A4
:107880001801000018010000180100001701000095
:107890001701000017010000170100001701000088
:1078A0001701000017010000170100001601000079
:1078B000160100001601000016010000160100006C
:1078C000160100001601000016010000160100005C
:1078D0001501000015010000150100001501000050
:1078E0001501000015010000150100001501000040
:1078F0001501000014010000140100001401000033
:107900001401000014010000140100001401000023
:107910001401000013010000130100001301000016
:107920001301000013010000130100001301000007
:1079300013010000130100001201000012010000F9
:1079400012010000120100001201000012010000EB
:1079500012010000120100001101000011010000DD
:1079600011010000110100001101000011010000CF
:1079700011010000110100001101000010010000C0
:1079800010010000100100001001000010010000B3
:107990001001000010010000100100000F010000A4
:1079A0000F0100000F0100000F0100000F01000097
:1079B0000F0100000F0100000F0100000F01000087
:1079C0000E0100000E0100000E0100000E0100007B
:1079D0000E0100000E0100000E0100000E0100006B
:1079E0000D0100000D0100000D0100000D0100005F
:1079F0000D0100000D0100000D0100000D0100004F
:107A00000D0100000C0100000C0100000C01000041
:107A10000C0100000C0100000C0100000C01000032
:107A20000C0100000B0100000B0100000B01000025
:107A30000B0100000B0100000B0100000B01000016
:107A40000B0100000B0100000A0100000A01000008
:107A50000A0100000A0100000A0100000A010000FA
:107A60000A0100000A0100000901000009010000EC
:107A700009010000090100000901000009010000DE
:107A800009010000090100000901000008010000CF
:107A900008010000080100000801000008010000C2
:107AA00008010000080100000801000007010000B3
:107AB00007010000070100000701000007010000A6
:107AC0000701000007010000070100000601000097
:107AD000060100000601000006010000060100008A
:107AE000060100000601000006010000060100007A
:107AF000050100000501000005010000050100006E
:107B0000050100000501000005010000050100005D
:107B10000401000004010000040100000401000051
:107B20000401000004010000040100000401000041
:107B30000401000003010000030100000301000034
:107B40000301000003010000030100000301000025
:107B50000301000002010000020100000201000018
:107B60000201000002010000020100000201000009
:107B700002010000010100000101000001010000FC
:107B800001010000010100000101000001010000ED
:107B900001010000010100000001000000010000DF
:107BA00000010000000100000001000000010000D1
:107BB0000001000000010000FF000000FF000000C5
:107BC000FF000000FF000000FF000000FF000000B9
:107BD000FF000000FF000000FE000000FE000000AB
:107BE000FE000000FE000000FE000000FE0000009D
:107BF000FE000000FE000000FD000000FD0000008F
:107C0000FD000000FD000000FD000000FD00000080
:107C1000FD000000FD000000FD000000FC00000071
:107C2000FC000000FC000000FC000000FC00000064
:107C3000FC000000FC000000FC000000FB00000055
:107C4000FB000000FB000000FB000000FB00000048
:107C5000FB000000FB000000FB000000FA00000039
:107C6000FA000000FA000000FA000000FA0000002C
:107C7000FA000000FA000000FA000000F90000001D
:107C8000F9000000F9000000F9000000F900000010
:107C9000F9000000F9000000F9000000F900000000
:107CA000F8000000F8000000F8000000F8000000F4
:107CB000F8000000F8000000F8000000F8000000E4
:107CC000F7000000F7000000F7000000F7000000D8
:107CD000F7000000F7000000F7000000F7000000C8
:107CE000F6000000F6000000F6000000F6000000BC
:107CF000F6000000F6000000F6000000F6000000AC
:107D0000F5000000F5000000F5000000F50000009F
:107D1000F5000000F5000000F5000000F50000008F
:107D2000F4000000F4000000F4000000F400000083
:107D3000F4000000F4000000F4000000F400000073
:107D4000F3000000F3000000F3000000F300000067
:107D5000F3000000F3000000F3000000F300000057
:107D6000F3000000F2000000F2000000F20000004A
:107D7000F2000000F2000000F2000000F20000003B
:107D8000F2000000F1000000F1000000F10000002E
:107D9000F1000000F1000000F1000000F10000001F
:107DA000F1000000F0000000F0000000F000000012
:107DB000F0000000F0000000F0000000F000000003
:107DC000F0000000EF000000EF000000EF000000F6
:107DD000EF000000EF000000EF000000EF000000E7
:107DE000EF000000EE000000EE000000EE000000DA
:107DF000EE000000EE000000EE000000EE000000CB
:107E0000EE000000ED000000ED000000ED000000BD
:107E1000ED000000ED000000ED000000ED000000AE
:107E2000ED000000EC000000EC000000EC000000A1
:107E3000EC000000EC000000EC000000EC00000092
:107E4000EC000000EB000000EB000000EB00000085
:107E5000EB000000EB000000EB000000EB00000076
:107E6000EB000000EB000000EA000000EA00000068
:107E7000EA000000EA000000EA000000EA0000005A
:107E8000EA000000EA000000E9000000E90000004C
:107E9000E9000000E9000000E9000000E90000003E
:107EA000E9000000E9000000E8000000E800000030
:107EB000E8000000E8000000E8000000E800000022
:107EC000E8000000E8000000E7000000E700000014
:107ED000E7000000E7000000E7000000E700000006
:107EE000E7000000E7000000E6000000E6000000F8
:107EF000E6000000E6000000E6000000E6000000EA
:107F0000E6000000E6000000E5000000E5000000DB
:107F1000E5000000E5000000E5000000E5000000CD
:107F2000E5000000E5000000E4000000E4000000BF
:107F3000E4000000E4000000E4000000E4000000B1
:107F4000E4000000E4000000E3000000E3000000A3
:107F5000E3000000E3000000E3000000E300000095
:107F6000E3000000E3000000E2000000E200000087
:107F7000E2000000E2000000E2000000E200000079
:107F8000E2000000E2000000E1000000E10000006B
:107F9000E1000000E1000000E1000000E10000005D
:107FA000E1000000E1000000E0000000E00000004F
:107FB000E0000000E0000000E0000000E000000041
:107FC000E0000000E0000000DF000000DF00000033
:107FD000DF000000DF000000DF000000DF00000025
:107FE000DF000000DF000000DE000000DE00000017
:107FF000DE000000DE000000DE000000DE00000009
:10800000DE000000DE000000DD000000DD000000FA
:10801000DD000000DD000000DD000000DD000000EC
:10802000DD000000DD000000DC000000DC000000DE
:10803000DC000000DC000000DC000000DC000000D0
:10804000DC000000DC000000DB000000DB000000C2
:10805000DB000000DB000000DB000000DB000000B4
:10806000DB000000DB000000DA000000DA000000A6
:10807000DA000000DA000000DA000000DA00000098
:10808000DA000000DA000000D9000000D90000008A
:10809000D9000000D9000000D9000000D90000007C
:1080A000D9000000D9000000D8000000D80000006E
:1080B000D8000000D8000000D8000000D800000060
:1080C000D8000000D8000000D7000000D700000052
:1080D000D7000000D7000000D7000000D700000044
:1080E000D7000000D7000000D6000000D600000036
:1080F000D6000000D6000000D6000000D600000028
:10810000D6000000D6000000D5000000D500000019
:10811000D5000000D5000000D5000000D50000000B
:10812000D5000000D5000000D4000000D4000000FD
:10813000D4000000D4000000D4000000D4000000EF
:10814000D4000000D4000000D3000000D3000000E1
:10815000D3000000D3000000D3000000D3000000D3
:10816000D3000000D3000000D2000000D2000000C5
:10817000D2000000D2000000D2000000D2000000B7
:10818000D2000000D2000000D1000000D1000000A9
:10819000D1000000D1000000D1000000D10000009B
:1081A000D1000000D1000000D0000000D00000008D
:1081B000D0000000D0000000D0000000D00000007F
:1081C000D0000000D0000000CF000000CF00000071
:1081D000CF000000CF000000CF000000CF00000063
:1081E000CF000000CF000000CE000000CE00000055
:1081F000CE000000CE000000CE000000CE00000047
:10820000CE000000CE000000CD000000CD00000038
:10821000CD000000CD000000CD000000CD0000002A
:10822000CD000000CD000000CC000000CC0000001C
:10823000CC000000CC000000CC000000CC0000000E
:10824000CC000000CC000000CB000000CB00000000
:10825000CB000000CB000000CB000000CB000000F2
:10826000CB000000CB000000CA000000CA000000E4
:10827000CA000000CA000000CA000000CA000000D6
:10828000CA000000CA000000C9000000C9000000C8
:10829000C9000000C9000000C9000000C9000000BA
:1082A000C9000000C9000000C8000000C8000000AC
:1082B000C8000000C8000000C8000000C80000009E
:1082C000C8000000C8000000C7000000C700000090
:1082D000C7000000C7000000C7000000C700000082
:1082E000C7000000C6000000C6000000C600000075
:1082F000C6000000C6000000C6000000C600000066
:10830000C6000000C5000000C5000000C500000058
:10831000C5000000C5000000C5000000C500000049
:10832000C5000000C4000000C4000000C40000003C
:10833000C4000000C4000000C4000000C40000002D
:10834000C4000000C3000000C3000000C300000020
:10835000C3000000C3000000C3000000C300000011
:10836000C3000000C2000000C2000000C200000004
:10837000C2000000C2000000C2000000C2000000F5
:10838000C2000000C1000000C1000000C1000000E8
:10839000C1000000C1000000C1000000C1000000D9
:1083A000C1000000C0000000C0000000C0000000CC
:1083B000C0000000C0000000C0000000C0000000BD
:1083C000C0000000BF000000BF000000BF000000B0
:1083D000BF000000BF000000BF000000BF000000A1
:1083E000BF000000BE000000BE000000BE00000094
:1083F000BE000000BE000000BE000000BE00000085
:10840000BE000000BD000000BD000000BD00000077
:10841000BD000000BD000000BD000000BD00000068
:10842000BD000000BC000000BC000000BC0000005B
:10843000BC000000BC000000BC000000BC0000004C
:10844000BC000000BB000000BB000000BB0000003F
:10845000BB000000BB000000BB000000BB00000030
:10846000BB000000BA000000BA000000BA00000023
:10847000BA000000BA000000BA000000BA00000014
:10848000BA000000B9000000B9000000B900000007
:10849000B9000000B9000000B9000000B9000000F8
:1084A000B9000000B8000000B8000000B8000000EB
:1084B000B8000000B8000000B8000000B8000000DC
:1084C000B8000000B7000000B7000000B7000000CF
:1084D000B7000000B7000000B7000000B7000000C0
:1084E000B7000000B6000000B6000000B6000000B3
:1084F000B6000000B6000000B6000000B6000000A4
:10850000B6000000B5000000B5000000B500000096
:10851000B5000000B5000000B5000000B500000087
:10852000B5000000B4000000B4000000B40000007A
:10853000B4000000B4000000B4000000B40000006B
:10854000B4000000B3000000B3000000B30000005E
:10855000B3000000B3000000B3000000B30000004F
:10856000B3000000B2000000B2000000B200000042
:10857000B2000000B2000000B2000000B200000033
:10858000B2000000B1000000B1000000B100000026
:10859000B1000000B1000000B1000000B100000017
:1085A000B1000000B0000000B0000000B00000000A
:1085B000B0000000B0000000B0000000B0000000FB
:1085C000B0000000AF000000AF000000AF000000EE
:1085D000AF000000AF000000AF000000AF000000DF
:1085E000AF000000AE000000AE000000AE000000D2
:1085F000AE000000AE000000AE000000AE000000C3
:10860000AE000000AD000000AD000000AD000000B5
:10861000AD000000AD000000AD000000AD000000A6
:10862000AD000000AC000000AC000000AC00000099
:10863000AC000000AC000000AC000000AC0000008A
:10864000AC000000AB000000AB000000AB0000007D
:10865000AB000000AB000000AB000000AB0000006E
:10866000AB000000AA000000AA000000AA00000061
:10867000AA000000AA000000AA000000AA00000052
:10868000AA000000A9000000A9000000A900000045
:10869000A9000000A9000000A9000000A900000036
:1086A000A9000000A8000000A8000000A800000029
:1086B000A8000000A8000000A8000000A80000001A
:1086C000A8000000A7000000A7000000A70000000D
:1086D000A7000000A7000000A7000000A7000000FE
:1086E000A7000000A6000000A6000000A6000000F1
:1086F000A6000000A6000000A6000000A6000000E2
:10870000A6000000A5000000A5000000A5000000D4
:10871000A5000000A5000000A5000000A5000000C5
:10872000A5000000A4000000A4000000A4000000B8
:10873000A4000000A4000000A4000000A4000000A9
:10874000A4000000A4000000A3000000A30000009B
:10875000A3000000A3000000A3000000A30000008D
:10876000A3000000A3000000A2000000A20000007F
:10877000A2000000A2000000A2000000A200000071
:10878000A2000000A2000000A1000000A100000063
:10879000A1000000A1000000A1000000A100000055
:1087A000A1000000A1000000A0000000A000000047
:1087B000A0000000A0000000A0000000A000000039
:1087C000A0000000A00000009F0000009F0000002B
:1087D0009F0000009F0000009F0000009F0000001D
:1087E0009F0000009F0000009E0000009E0000000F
:1087F0009E0000009E0000009E0000009E00000001
:108800009E0000009E0000009D0000009D000000F2
:108810009D0000009D0000009D0000009D000000E4
:108820009D0000009D0000009C0000009C000000D6
:108830009C0000009C0000009C0000009C000000C8
:108840009C0000009C0000009C0000009B000000B9
:108850009B0000009B0000009B0000009B000000AC
:108860009B0000009B0000009B0000009A0000009D
:108870009A0000009A0000009A0000009A00000090
:108880009A0000009A0000009A0000009900000081
:108890009900000099000000990000009900000074
:1088A0009900000099000000990000009800000065
:1088B0009800000098000000980000009800000058
:1088C0009800000098000000980000009700000049
:1088D000970000009700000097000000970000003C
:1088E000970000009700000097000000960000002D
:1088F0009600000096000000960000009600000020
:10890000960000009600000096000000960000000F
:108910009500000095000000950000009500000003
:1089200095000000950000009500000095000000F3
:1089300094000000940000009400000094000000E7
:1089400094000000940000009400000094000000D7
:1089500093000000930000009300000093000000CB
:1089600093000000930000009300000093000000BB
:1089700092000000920000009200000092000000AF
:10898000920000009200000092000000920000009F
:108990009200000091000000910000009100000092
:1089A0009100000091000000910000009100000083
:1089B0009100000090000000900000009000000076
:1089C0009000000090000000900000009000000067
:1089D000900000008F0000008F0000008F0000005A
:1089E0008F0000008F0000008F0000008F0000004B
:1089F0008F0000008E0000008E0000008E0000003E
:108A00008E0000008E0000008E0000008E0000002E
:108A10008E0000008E0000008D0000008D00000020
:108A20008D0000008D0000008D0000008D00000012
:108A30008D0000008D0000008C0000008C00000004
:108A40008C0000008C0000008C0000008C000000F6
:108A50008C0000008C0000008B0000008B000000E8
:108A60008B0000008B0000008B0000008B000000DA
:108A70008B0000008B0000008B0000008A000000CB
:108A80008A0000008A0000008A0000008A000000BE
:108A90008A0000008A0000008A00000089000000AF
:108AA00089000000890000008900000089000000A2
:108AB0008900000089000000890000008900000092
:108AC0008800000088000000880000008800000086
:108AD0008800000088000000880000008800000076
:108AE000870000008700000087000000870000006A
:108AF000870000008700000087000000870000005A
:108B0000860000008600000086000000860000004D
:108B1000860000008600000086000000860000003D
:108B20008600000085000000850000008500000030
:108B30008500000085000000850000008500000021
:108B40008500000084000000840000008400000014
:108B50008400000084000000840000008400000005
:108B600084000000840000008300000083000000F7
:108B700083000000830000008300000083000000E9
:108B800083000000830000008200000082000000DB
:108B900082000000820000008200000082000000CD
:108BA00082000000820000008200000081000000BE
:108BB00081000000810000008100000081000000B1
:108BC00081000000810000008100000080000000A2
:108BD0008000000080000000800000008000000095
:108BE0008000000080000000800000008000000085
:108BF0007F0000007F0000007F0000007F00000079
:108C00007F0000007F0000007F0000007F00000068
:108C10007E0000007E0000007E0000007E0000005C
:108C20007E0000007E0000007E0000007E0000004C
:108C30007E0000007D0000007D0000007D0000003F
:108C40007D0000007D0000007D0000007D00000030
:108C50007D0000007C0000007C0000007C00000023
:108C60007C0000007C0000007C0000007C00000014
:108C70007C0000007C0000007B0000007B00000006
:108C80007B0000007B0000007B0000007B000000F8
:108C90007B0000007B0000007A0000007A000000EA
:108CA0007A0000007A0000007A0000007A000000DC
:108CB0007A0000007A0000007A00000079000000CD
:108CC00079000000790000007900000079000000C0
:108CD00079000000790000007900000079000000B0
:108CE00078000000780000007800000078000000A4
:108CF0007800000078000000780000007800000094
:108D00007700000077000000770000007700000087
:108D10007700000077000000770000007700000077
:108D2000770000007600000076000000760000006A
:108D3000760000007600000076000000760000005B
:108D4000760000007600000075000000750000004D
:108D5000750000007500000075000000750000003F
:108D60007500000075000000750000007400000030
:108D70007400000074000000740000007400000023
:108D80007400000074000000740000007300000014
:108D90007300000073000000730000007300000007
:108DA00073000000730000007300000073000000F7
:108DB00072000000720000007200000072000000EB
:108DC00072000000720000007200000072000000DB
:108DD00072000000710000007100000071000000CE
:108DE00071000000710000007100000071000000BF
:108DF00071000000710000007000000070000000B1
:108E000070000000700000007000000070000000A2
:108E10007000000070000000700000006F00000093
:108E20006F0000006F0000006F0000006F00000086
:108E30006F0000006F0000006F0000006E00000077
:108E40006E0000006E0000006E0000006E0000006A
:108E50006E0000006E0000006E0000006E0000005A
:108E60006D0000006D0000006D0000006D0000004E
:108E70006D0000006D0000006D0000006D0000003E
:108E80006D0000006C0000006C0000006C00000031
:108E90006C0000006C0000006C0000006C00000022
:108EA0006C0000006C0000006B0000006B00000014
:108EB0006B0000006B0000006B0000006B00000006
:108EC0006B0000006B0000006B0000006A000000F7
:108ED0006A0000006A0000006A0000006A000000EA
:108EE0006A0000006A0000006A0000006A000000DA
:108EF00069000000690000006900000069000000CE
:108F000069000000690000006900000069000000BD
:108F100069000000680000006800000068000000B0
:108F200068000000680000006800000068000000A1
:108F30006800000068000000670000006700000093
:108F40006700000067000000670000006700000085
:108F50006700000067000000670000006600000076
:108F60006600000066000000660000006600000069
:108F70006600000066000000660000006600000059
:108F8000660000006500000065000000650000004C
:108F9000650000006500000065000000650000003D
:108FA000650000006500000064000000640000002F
:108FB0006400000064000000640000006400000021
:108FC0006400000064000000640000006300000012
:108FD0006300000063000000630000006300000005
:108FE00063000000630000006300000063000000F5
:108FF00062000000620000006200000062000000E9
:1090000062000000620000006200000062000000D8
:1090100062000000610000006100000061000000CB
:1090200061000000610000006100000061000000BC
:1090300061000000610000006100000060000000AD
:1090400060000000600000006000000060000000A0
:109050006000000060000000600000006000000090
:109060005F0000005F0000005F0000005F00000084
:109070005F0000005F0000005F0000005F00000074
:109080005F0000005E0000005E0000005E00000067
:109090005E0000005E0000005E0000005E00000058
:1090A0005E0000005E0000005E0000005D00000049
:1090B0005D0000005D0000005D0000005D0000003C
:1090C0005D0000005D0000005D0000005D0000002C
:1090D0005C0000005C0000005C0000005C00000020
:1090E0005C0000005C0000005C0000005C00000010
:1090F0005C0000005B0000005B0000005B00000003
:109100005B0000005B0000005B0000005B000000F3
:109110005B0000005B0000005B0000005A000000E4
:109120005A0000005A0000005A0000005A000000D7
:109130005A0000005A0000005A0000005A000000C7
:1091400059000000590000005900000059000000BB
:1091500059000000590000005900000059000000AB
:10916000590000005900000058000000580000009D
:10917000580000005800000058000000580000008F
:109180005800000058000000580000005700000080
:109190005700000057000000570000005700000073
:1091A0005700000057000000570000005700000063
:1091B0005700000056000000560000005600000056
:1091C0005600000056000000560000005600000047
:1091D0005600000056000000560000005500000038
:1091E000550000005500000055000000550000002B
:1091F000550000005500000055000000550000001B
:10920000540000005400000054000000540000000E
:1092100054000000540000005400000054000000FE
:1092200054000000540000005300000053000000F0
:1092300053000000530000005300000053000000E2
:1092400053000000530000005300000053000000D2
:1092500052000000520000005200000052000000C6
:1092600052000000520000005200000052000000B6
:1092700052000000520000005100000051000000A8
:10928000510000005100000051000000510000009A
:10929000510000005100000051000000510000008A
:1092A000500000005000000050000000500000007E
:1092B000500000005000000050000000500000006E
:1092C00050000000500000004F0000004F00000060
:1092D0004F0000004F0000004F0000004F00000052
:1092E0004F0000004F0000004F0000004F00000042
:1092F0004E0000004E0000004E0000004E00000036
:109300004E0000004E0000004E0000004E00000025
:109310004E0000004E0000004D0000004D00000017
:109320004D0000004D0000004D0000004D00000009
:109330004D0000004D0000004D0000004D000000F9
:109340004C0000004C0000004C0000004C000000ED
:109350004C0000004C0000004C0000004C000000DD
:109360004C0000004C0000004B0000004B000000CF
:109370004B0000004B0000004B0000004B000000C1
:109380004B0000004B0000004B0000004B000000B1
:109390004A0000004A0000004A0000004A000000A5
:1093A0004A0000004A0000004A0000004A00000095
:1093B0004A0000004A000000490000004900000087
:1093C0004900000049000000490000004900000079
:1093D0004900000049000000490000004900000069
:1093E000480000004800000048000000480000005D
:1093F000480000004800000048000000480000004D
:10940000480000004800000048000000470000003D
:109410004700000047000000470000004700000030
:109420004700000047000000470000004700000020
:109430004700000046000000460000004600000013
:109440004600000046000000460000004600000004
:1094500046000000460000004600000046000000F4
:1094600045000000450000004500000045000000E8
:1094700045000000450000004500000045000000D8
:1094800045000000450000004400000044000000CA
:1094900044000000440000004400000044000000BC
:1094A00044000000440000004400000044000000AC
:1094B000440000004300000043000000430000009F
:1094C0004300000043000000430000004300000090
:1094D0004300000043000000430000004200000081
:1094E0004200000042000000420000004200000074
:1094F0004200000042000000420000004200000064
:109500004200000042000000410000004100000055
:109510004100000041000000410000004100000047
:109520004100000041000000410000004100000037
:10953000410000004000000040000000400000002A
:10954000400000004000000040000000400000001B
:10955000400000004000000040000000400000000B
:109560003F0000003F0000003F0000003F000000FF
:109570003F0000003F0000003F0000003F000000EF
:109580003F0000003F0000003E0000003E000000E1
:109590003E0000003E0000003E0000003E000000D3
:1095A0003E0000003E0000003E0000003E000000C3
:1095B0003E0000003D0000003D0000003D000000B6
:1095C0003D0000003D0000003D0000003D000000A7
:1095D0003D0000003D0000003D0000003D00000097
:1095E0003C0000003C0000003C0000003C0000008B
:1095F0003C0000003C0000003C0000003C0000007B
:109600003C0000003C0000003C0000003C0000006A
:109610003B0000003B0000003B0000003B0000005E
:109620003B0000003B0000003B0000003B0000004E
:109630003B0000003B0000003B0000003A0000003F
:109640003A0000003A0000003A0000003A00000032
:109650003A0000003A0000003A0000003A00000022
:109660003A0000003A000000390000003900000014
:109670003900000039000000390000003900000006
:1096800039000000390000003900000039000000F6
:1096900039000000380000003800000038000000E9
:1096A00038000000380000003800000038000000DA
:1096B00038000000380000003800000038000000CA
:1096C00038000000370000003700000037000000BD
:1096D00037000000370000003700000037000000AE
:1096E000370000003700000037000000370000009E
:1096F0003600000036000000360000003600000092
:109700003600000036000000360000003600000081
:109710003600000036000000360000003600000071
:109720003500000035000000350000003500000065
:109730003500000035000000350000003500000055
:109740003500000035000000350000003500000045
:109750003400000034000000340000003400000039
:109760003400000034000000340000003400000029
:10977000340000003400000034000000330000001A
:10978000330000003300000033000000330000000D
:1097900033000000330000003300000033000000FD
:1097A00033000000330000003300000032000000EE
:1097B00032000000320000003200000032000000E1
:1097C00032000000320000003200000032000000D1
:1097D00032000000320000003200000031000000C2
:1097E00031000000310000003100000031000000B5
:1097F00031000000310000003100000031000000A5
:109800003100000031000000310000003000000095
:109810003000000030000000300000003000000088
:109820003000000030000000300000003000000078
:109830003000000030000000300000003000000068
:109840002F0000002F0000002F0000002F0000005C
:109850002F0000002F0000002F0000002F0000004C
:109860002F0000002F0000002F0000002F0000003C
:109870002E0000002E0000002E0000002E00000030
:109880002E0000002E0000002E0000002E00000020
:109890002E0000002E0000002E0000002E00000010
:1098A0002D0000002D0000002D0000002D00000004
:1098B0002D0000002D0000002D0000002D000000F4
:1098C0002D0000002D0000002D0000002D000000E4
:1098D0002D0000002C0000002C0000002C000000D7
:1098E0002C0000002C0000002C0000002C000000C8
:1098F0002C0000002C0000002C0000002C000000B8
:109900002C0000002B0000002B0000002B000000AA
:109910002B0000002B0000002B0000002B0000009B
:109920002B0000002B0000002B0000002B0000008B
:109930002B0000002B0000002A0000002A0000007D
:109940002A0000002A0000002A0000002A0000006F
:109950002A0000002A0000002A0000002A0000005F
:109960002A0000002A0000002A0000002900000050
:109970002900000029000000290000002900000043
:109980002900000029000000290000002900000033
:109990002900000029000000290000002900000023
:1099A0002800000028000000280000002800000017
:1099B0002800000028000000280000002800000007
:1099C00028000000280000002800000028000000F7
:1099D00028000000270000002700000027000000EA
:1099E00027000000270000002700000027000000DB
:1099F00027000000270000002700000027000000CB
:109A000027000000270000002700000026000000BB
:109A100026000000260000002600000026000000AE
:109A2000260000002600000026000000260000009E
:109A3000260000002600000026000000260000008E
:109A40002500000025000000250000002500000082
:109A50002500000025000000250000002500000072
:109A60002500000025000000250000002500000062
:109A70002500000025000000240000002400000054
:109A80002400000024000000240000002400000046
:109A90002400000024000000240000002400000036
:109AA0002400000024000000240000002400000026
:109AB000230000002300000023000000230000001A
:109AC000230000002300000023000000230000000A
:109AD00023000000230000002300000023000000FA
:109AE00023000000230000002200000022000000EC
:109AF00022000000220000002200000022000000DE
:109B000022000000220000002200000022000000CD
:109B100022000000220000002200000022000000BD
:109B200021000000210000002100000021000000B1
:109B300021000000210000002100000021000000A1
:109B40002100000021000000210000002100000091
:109B50002100000021000000200000002000000083
:109B60002000000020000000200000002000000075
:109B70002000000020000000200000002000000065
:109B80002000000020000000200000002000000055
:109B9000200000001F0000001F0000001F00000048
:109BA0001F0000001F0000001F0000001F00000039
:109BB0001F0000001F0000001F0000001F00000029
:109BC0001F0000001F0000001F0000001E0000001A
:109BD0001E0000001E0000001E0000001E0000000D
:109BE0001E0000001E0000001E0000001E000000FD
:109BF0001E0000001E0000001E0000001E000000ED
:109C00001E0000001E0000001D0000001D000000DE
:109C10001D0000001D0000001D0000001D000000D0
:109C20001D0000001D0000001D0000001D000000C0
:109C30001D0000001D0000001D0000001D000000B0
:109C40001D0000001D0000001C0000001C000000A2
:109C50001C0000001C0000001C0000001C00000094
:109C60001C0000001C0000001C0000001C00000084
:109C70001C0000001C0000001C0000001C00000074
:109C80001C0000001B0000001B0000001B00000067
:109C90001B0000001B0000001B0000001B00000058
:109CA0001B0000001B0000001B0000001B00000048
:109CB0001B0000001B0000001B0000001B00000038
:109CC0001B0000001A0000001A0000001A0000002B
:109CD0001A0000001A0000001A0000001A0000001C
:109CE0001A0000001A0000001A0000001A0000000C
:109CF0001A0000001A0000001A0000001A000000FC
:109D00001A000000190000001900000019000000EE
:109D100019000000190000001900000019000000DF
:109D200019000000190000001900000019000000CF
:109D300019000000190000001900000019000000BF
:109D400019000000180000001800000018000000B2
:109D500018000000180000001800000018000000A3
:109D60001800000018000000180000001800000093
:109D70001800000018000000180000001800000083
:109D80001800000018000000170000001700000075
:109D90001700000017000000170000001700000067
:109DA0001700000017000000170000001700000057
:109DB0001700000017000000170000001700000047
:109DC0001700000017000000170000001600000038
:109DD000160000001600000016000000160000002B
:109DE000160000001600000016000000160000001B
:109DF000160000001600000016000000160000000B
:109E000016000000160000001600000016000000FA
:109E100015000000150000001500000015000000EE
:109E200015000000150000001500000015000000DE
:109E300015000000150000001500000015000000CE
:109E400015000000150000001500000015000000BE
:109E500015000000150000001400000014000000B0
:109E600014000000140000001400000014000000A2
:109E70001400000014000000140000001400000092
:109E80001400000014000000140000001400000082
:109E90001400000014000000140000001400000072
:109EA0001300000013000000130000001300000066
:109EB0001300000013000000130000001300000056
:109EC0001300000013000000130000001300000046
:109ED0001300000013000000130000001300000036
:109EE0001300000013000000120000001200000028
:109EF000120000001200000012000000120000001A
:109F00001200000012000000120000001200000009
:109F100012000000120000001200000012000000F9
:109F200012000000120000001200000012000000E9
:109F300012000000110000001100000011000000DC
:109F400011000000110000001100000011000000CD
:109F500011000000110000001100000011000000BD
:109F600011000000110000001100000011000000AD
:109F7000110000001100000011000000110000009D
:109F80001100000010000000100000001000000090
:109F90001000000010000000100000001000000081
:109FA0001000000010000000100000001000000071
:109FB0001000000010000000100000001000000061
:109FC0001000000010000000100000001000000051
:109FD000100000000F0000000F0000000F00000044
:109FE0000F0000000F0000000F0000000F00000035
:109FF0000F0000000F0000000F0000000F00000025
:10A000000F0000000F0000000F0000000F00000014
:10A010000F0000000F0000000F0000000F00000004
:10A020000F0000000E0000000E0000000E000000F7
:10A030000E0000000E0000000E0000000E000000E8
:10A040000E0000000E0000000E0000000E000000D8
:10A050000E0000000E0000000E0000000E000000C8
:10A060000E0000000E0000000E0000000E000000B8
:10A070000E0000000E0000000D0000000D000000AA
:10A080000D0000000D0000000D0000000D0000009C
:10A090000D0000000D0000000D0000000D0000008C
:10A0A0000D0000000D0000000D0000000D0000007C
:10A0B0000D0000000D0000000D0000000D0000006C
:10A0C0000D0000000D0000000D0000000D0000005C
:10A0D0000D0000000C0000000C0000000C0000004F
:10A0E0000C0000000C0000000C0000000C00000040
:10A0F0000C0000000C0000000C0000000C00000030
:10A100000C0000000C0000000C0000000C0000001F
:10A110000C0000000C0000000C0000000C0000000F
:10A120000C0000000C0000000C0000000B00000000
:10A130000B0000000B0000000B0000000B000000F3
:10A140000B0000000B0000000B0000000B000000E3
:10A150000B0000000B0000000B0000000B000000D3
:10A160000B0000000B0000000B0000000B000000C3
:10A170000B0000000B0000000B0000000B000000B3
:10A180000B0000000B0000000B0000000A000000A4
:10A190000A0000000A0000000A0000000A00000097
:10A1A0000A0000000A0000000A0000000A00000087
:10A1B0000A0000000A0000000A0000000A00000077
:10A1C0000A0000000A0000000A0000000A00000067
:10A1D0000A0000000A0000000A0000000A00000057
:10A1E0000A0000000A0000000A0000000A00000047
:10A1F000090000000900000009000000090000003B
:10A20000090000000900000009000000090000002A
:10A21000090000000900000009000000090000001A
:10A22000090000000900000009000000090000000A
:10A2300009000000090000000900000009000000FA
:10A2400009000000090000000900000009000000EA
:10A2500009000000090000000800000008000000DC
:10A2600008000000080000000800000008000000CE
:10A2700008000000080000000800000008000000BE
:10A2800008000000080000000800000008000000AE
:10A29000080000000800000008000000080000009E
:10A2A000080000000800000008000000080000008E
:10A2B000080000000800000008000000080000007E
:10A2C0000800000008000000070000000700000070
:10A2D0000700000007000000070000000700000062
:10A2E0000700000007000000070000000700000052
:10A2F0000700000007000000070000000700000042
:10A300000700000007000000070000000700000031
:10A310000700000007000000070000000700000021
:10A320000700000007000000070000000700000011
:10A330000700000007000000070000000600000002
:10A3400006000000060000000600000006000000F5
:10A3500006000000060000000600000006000000E5
:10A3600006000000060000000600000006000000D5
:10A3700006000000060000000600000006000000C5
:10A3800006000000060000000600000006000000B5
:10A3900006000000060000000600000006000000A5
:10A3A0000600000006000000060000000600000095
:10A3B0000600000006000000060000000500000086
:10A3C0000500000005000000050000000500000079
:10A3D0000500000005000000050000000500000069
:10A3E0000500000005000000050000000500000059
:10A3F0000500000005000000050000000500000049
:10A400000500000005000000050000000500000038
:10A410000500000005000000050000000500000028
:10A420000500000005000000050000000500000018
:10A430000500000005000000050000000500000008
:10A4400005000000040000000400000004000000FB
:10A4500004000000040000000400000004000000EC
:10A4600004000000040000000400000004000000DC
:10A4700004000000040000000400000004000000CC
:10A4800004000000040000000400000004000000BC
:10A4900004000000040000000400000004000000AC
:10A4A000040000000400000004000000040000009C
:10A4B000040000000400000004000000040000008C
:10A4C000040000000400000004000000040000007C
:10A4D000040000000400000004000000030000006D
:10A4E0000300000003000000030000000300000060
:10A4F0000300000003000000030000000300000050
:10A50000030000000300000003000000030000003F
:10A51000030000000300000003000000030000002F
:10A52000030000000300000003000000030000001F
:10A53000030000000300000003000000030000000F
:10A5400003000000030000000300000003000000FF
:10A5500003000000030000000300000003000000EF
:10A5600003000000030000000300000003000000DF
:10A5700003000000030000000300000003000000CF
:10A5800003000000020000000200000002000000C2
:10A5900002000000020000000200000002000000B3
:10A5A00002000000020000000200000002000000A3
:10A5B0000200000002000000020000000200000093
:10A5C0000200000002000000020000000200000083
:10A5D0000200000002000000020000000200000073
:10A5E0000200000002000000020000000200000063
:10A5F0000200000002000000020000000200000053
:10A600000200000002000000020000000200000042
:10A610000200000002000000020000000200000032
:10A620000200000002000000020000000200000022
:10A630000200000002000000020000000200000012
:10A640000200000002000000020000000200000002
:10A6500001000000010000000100000001000000F6
:10A6600001000000010000000100000001000000E6
:10A6700001000000010000000100000001000000D6
:10A6800001000000010000000100000001000000C6
:10A6900001000000010000000100000001000000B6
:10A6A00001000000010000000100000001000000A6
:10A6B0000100000001000000010000000100000096
:10A6C0000100000001000000010000000100000086
:10A6D0000100000001000000010000000100000076
:10A6E0000100000001000000010000000100000066
:10A6F0000100000001000000010000000100000056
:10A700000100000001000000010000000100000045
:10A710000100000001000000010000000100000035
:10A720000100000001000000010000000100000025
:10A730000100000001000000010000000100000015
:10A740000100000001000000010000000100000005
:10A7500001000000010000000000000000000000F7
:10A7600000000000000000000000000000000000E9
:10A7700000000000000000000000000000000000D9
:10A7800000000000000000000000000000000000C9
:10A7900000000000000000000000000000000000B9
:10A7A00000000000000000000000000000000000A9
:10A7B0000000000000000000000000000000000099
:10A7C0000000000000000000000000000000000089
:10A7D0000000000000000000000000000000000079
:10A7E0000000000000000000000000000000000069
:10A7F0000000000000000000000000000000000059
:10A800000000000000000000000000000000000048
:10A810000000000000000000000000000000000038
:10A820000000000000000000000000000000000028
:10A830000000000000000000000000000000000018
:10A840000000000000000000000000000000000008
:10A8500000000000000000000000000000000000F8
:10A8600000000000000000000000000000000000E8
:10A8700000000000000000000000000000000000D8
:10A8800000000000000000000000000000000000C8
:10A8900000000000000000000000000000000000B8
:10A8A00000000000000000000000000000000000A8
:10A8B0000000000000000000000000000000000098
:10A8C0000000000000000000000000000000000088
:10A8D0000000000000000000000000000000000078
:10A8E0000000000000000000000000000000000068
:10A8F0000000000000000000000000000000000058
:10A900000000000000000000000000000000000047
:10A910000000000000000000000000000000000037
:10A920000000000000000000000000000000000027
:10A930000000000000000000000000000000000017
:10A940000000000000000000000000000000000007
:10A9500000000000000000000000000000000000F7
:10A9600000000000000000000000000000000000E7
:10A9700000000000000000000000000000000000D7
:10A9800000000000000000000000000000000000C7
:10A9900000000000000000000000000000000000B7
:10A9A00000000000000000000000000000000000A7
:10A9B0000000000000000000000000000000000097
:10A9C0000000000000000000000000000000000087
:10A9D0000000000000000000000000000000000077
:10A9E0000000000000000000000000000000000067
:10A9F0000000000000000000000000000000000057
:10AA00000000000000000000000000000000000046
:10AA10000000000000000000000000000000000036
:10AA20000000000000000000000000000000000026
:10AA30000000000000000000000000000000000016
:10AA40000000000000000000000000000000000006
:10AA500000000000000000000000000000000000F6
:10AA600000000000000000000000000000000000E6
:10AA700000000000000000000000000000000000D6
:10AA800000000000000000000000000000000000C6
:10AA900000000000000000000000000000000000B6
:10AAA00000000000000000000000000000000000A6
:10AAB0000000000000000000000000000000000096
:10AAC0000000000000000000000000000000000086
:10AAD0000000000000000000000000000000000076
:10AAE0000000000000000000000000000000000066
:10AAF0000000000000000000000000000000000056
:10AB00000000000000000000000000000000000045
:10AB10000000000000000000000000000000000035
:10AB20000000000000000000000000000000000025
:10AB30000000000000000000000000000000000015
:10AB40000000000000000000000000000000000005
:10AB500000000000000000000000000000000000F5
:10AB600000000000000000000000000000000000E5
:10AB700000000000000000000000000000000000D5
:10AB800000000000000000000000000000000000C5
:10AB900000000000000000000000000000000000B5
:10ABA00000000000000000000000000000000000A5
:10ABB0000000000000000000000000000000000095
:10ABC0000000000000000000000000000000000085
:10ABD0000000000000000000000000000000000075
:10ABE0000000000000000000000000000000000065
:10ABF0000000000000000000000000000000000055
:10AC00000000000000000000000000000000000044
:10AC10000000000000000000000000000000000034
:10AC20000000000000000000000000000000000024
:10AC30000000000000000000000000000000000014
:10AC40000000000000000000000000000000000004
:10AC500000000000010000000100000001000000F1
:10AC600001000000010000000100000001000000E0
:10AC700001000000010000000100000001000000D0
:10AC800001000000010000000100000001000000C0
:10AC900001000000010000000100000001000000B0
:10ACA00001000000010000000100000001000000A0
:10ACB0000100000001000000010000000100000090
:10ACC0000100000001000000010000000100000080
:10ACD0000100000001000000010000000100000070
:10ACE0000100000001000000010000000100000060
:10ACF0000100000001000000010000000100000050
:10AD0000010000000100000001000000010000003F
:10AD1000010000000100000001000000010000002F
:10AD2000010000000100000001000000010000001F
:10AD3000010000000100000001000000010000000F
:10AD400001000000010000000100000001000000FF
:10AD500001000000010000000100000002000000EE
:10AD600002000000020000000200000002000000DB
:10AD700002000000020000000200000002000000CB
:10AD800002000000020000000200000002000000BB
:10AD900002000000020000000200000002000000AB
:10ADA000020000000200000002000000020000009B
:10ADB000020000000200000002000000020000008B
:10ADC000020000000200000002000000020000007B
:10ADD000020000000200000002000000020000006B
:10ADE000020000000200000002000000020000005B
:10ADF000020000000200000002000000020000004B
:10AE0000020000000200000002000000020000003A
:10AE1000020000000200000002000000020000002A
:10AE20000200000002000000030000000300000018
:10AE30000300000003000000030000000300000006
:10AE400003000000030000000300000003000000F6
:10AE500003000000030000000300000003000000E6
:10AE600003000000030000000300000003000000D6
:10AE700003000000030000000300000003000000C6
:10AE800003000000030000000300000003000000B6
:10AE900003000000030000000300000003000000A6
:10AEA0000300000003000000030000000300000096
:10AEB0000300000003000000030000000300000086
:10AEC0000300000003000000030000000300000076
:10AED0000400000004000000040000000400000062
:10AEE0000400000004000000040000000400000052
:10AEF0000400000004000000040000000400000042
:10AF00000400000004000000040000000400000031
:10AF10000400000004000000040000000400000021
:10AF20000400000004000000040000000400000011
:10AF30000400000004000000040000000400000001
:10AF400004000000040000000400000004000000F1
:10AF500004000000040000000400000004000000E1
:10AF600004000000040000000500000005000000CF
:10AF700005000000050000000500000005000000BD
:10AF800005000000050000000500000005000000AD
:10AF9000050000000500000005000000050000009D
:10AFA000050000000500000005000000050000008D
:10AFB000050000000500000005000000050000007D
:10AFC000050000000500000005000000050000006D
:10AFD000050000000500000005000000050000005D
:10AFE000050000000500000005000000050000004D
:10AFF0000600000006000000060000000600000039
:10B000000600000006000000060000000600000028
:10B010000600000006000000060000000600000018
:10B020000600000006000000060000000600000008
:10B0300006000000060000000600000006000000F8
:10B0400006000000060000000600000006000000E8
:10B0500006000000060000000600000006000000D8
:10B0600006000000060000000600000006000000C8
:10B0700007000000070000000700000007000000B4
:10B0800007000000070000000700000007000000A4
:10B090000700000007000000070000000700000094
:10B0A0000700000007000000070000000700000084
:10B0B0000700000007000000070000000700000074
:10B0C0000700000007000000070000000700000064
:10B0D0000700000007000000070000000700000054
:10B0E0000700000008000000080000000800000041
:10B0F0000800000008000000080000000800000030
:10B10000080000000800000008000000080000001F
:10B11000080000000800000008000000080000000F
:10B1200008000000080000000800000008000000FF
:10B1300008000000080000000800000008000000EF
:10B1400008000000080000000800000008000000DF
:10B1500008000000090000000900000009000000CC
:10B1600009000000090000000900000009000000BB
:10B1700009000000090000000900000009000000AB
:10B18000090000000900000009000000090000009B
:10B19000090000000900000009000000090000008B
:10B1A000090000000900000009000000090000007B
:10B1B0000900000009000000090000000A0000006A
:10B1C0000A0000000A0000000A0000000A00000057
:10B1D0000A0000000A0000000A0000000A00000047
:10B1E0000A0000000A0000000A0000000A00000037
:10B1F0000A0000000A0000000A0000000A00000027
:10B200000A0000000A0000000A0000000A00000016
:10B210000A0000000A0000000A0000000A00000006
:10B220000B0000000B0000000B0000000B000000F2
:10B230000B0000000B0000000B0000000B000000E2
:10B240000B0000000B0000000B0000000B000000D2
:10B250000B0000000B0000000B0000000B000000C2
:10B260000B0000000B0000000B0000000B000000B2
:10B270000B0000000B0000000B0000000B000000A2
:10B280000C0000000C0000000C0000000C0000008E
:10B290000C0000000C0000000C0000000C0000007E
:10B2A0000C0000000C0000000C0000000C0000006E
:10B2B0000C0000000C0000000C0000000C0000005E
:10B2C0000C0000000C0000000C0000000C0000004E
:10B2D0000C0000000C0000000D0000000D0000003C
:10B2E0000D0000000D0000000D0000000D0000002A
:10B2F0000D0000000D0000000D0000000D0000001A
:10B300000D0000000D0000000D0000000D00000009
:10B310000D0000000D0000000D0000000D000000F9
:10B320000D0000000D0000000D0000000D000000E9
:10B330000D0000000E0000000E0000000E000000D6
:10B340000E0000000E0000000E0000000E000000C5
:10B350000E0000000E0000000E0000000E000000B5
:10B360000E0000000E0000000E0000000E000000A5
:10B370000E0000000E0000000E0000000E00000095
:10B380000E0000000E0000000F0000000F00000083
:10B390000F0000000F0000000F0000000F00000071
:10B3A0000F0000000F0000000F0000000F00000061
:10B3B0000F0000000F0000000F0000000F00000051
:10B3C0000F0000000F0000000F0000000F00000041
:10B3D0000F0000000F00000010000000100000002F
:10B3E000100000001000000010000000100000001D
:10B3F000100000001000000010000000100000000D
:10B4000010000000100000001000000010000000FC
:10B4100010000000100000001000000010000000EC
:10B4200010000000100000001100000011000000DA
:10B4300011000000110000001100000011000000C8
:10B4400011000000110000001100000011000000B8
:10B4500011000000110000001100000011000000A8
:10B460001100000011000000110000001100000098
:10B470001100000011000000120000001200000086
:10B480001200000012000000120000001200000074
:10B490001200000012000000120000001200000064
:10B4A0001200000012000000120000001200000054
:10B4B0001200000012000000120000001200000044
:10B4C0001200000013000000130000001300000031
:10B4D0001300000013000000130000001300000020
:10B4E0001300000013000000130000001300000010
:10B4F0001300000013000000130000001300000000
:10B5000013000000130000001300000014000000EE
:10B5100014000000140000001400000014000000DB
:10B5200014000000140000001400000014000000CB
:10B5300014000000140000001400000014000000BB
:10B5400014000000140000001400000014000000AB
:10B550001400000015000000150000001500000098
:10B560001500000015000000150000001500000087
:10B570001500000015000000150000001500000077
:10B580001500000015000000150000001500000067
:10B590001500000015000000150000001600000056
:10B5A0001600000016000000160000001600000043
:10B5B0001600000016000000160000001600000033
:10B5C0001600000016000000160000001600000023
:10B5D0001600000016000000160000001600000013
:10B5E00017000000170000001700000017000000FF
:10B5F00017000000170000001700000017000000EF
:10B6000017000000170000001700000017000000DE
:10B6100017000000170000001700000017000000CE
:10B6200017000000180000001800000018000000BB
:10B6300018000000180000001800000018000000AA
:10B64000180000001800000018000000180000009A
:10B65000180000001800000018000000180000008A
:10B660001800000018000000190000001900000078
:10B670001900000019000000190000001900000066
:10B680001900000019000000190000001900000056
:10B690001900000019000000190000001900000046
:10B6A00019000000190000001A0000001A00000034
:10B6B0001A0000001A0000001A0000001A00000022
:10B6C0001A0000001A0000001A0000001A00000012
:10B6D0001A0000001A0000001A0000001A00000002
:10B6E0001A0000001A0000001B0000001B000000F0
:10B6F0001B0000001B0000001B0000001B000000DE
:10B700001B0000001B0000001B0000001B000000CD
:10B710001B0000001B0000001B0000001B000000BD
:10B720001B0000001B0000001C0000001C000000AB
:10B730001C0000001C0000001C0000001C00000099
:10B740001C0000001C0000001C0000001C00000089
:10B750001C0000001C0000001C0000001C00000079
:10B760001C0000001D0000001D0000001D00000066
:10B770001D0000001D0000001D0000001D00000055
:10B780001D0000001D0000001D0000001D00000045
:10B790001D0000001D0000001D0000001D00000035
:10B7A0001D0000001E0000001E0000001E00000022
:10B7B0001E0000001E0000001E0000001E00000011
:10B7C0001E0000001E0000001E0000001E00000001
:10B7D0001E0000001E0000001E0000001E000000F1
:10B7E0001F0000001F0000001F0000001F000000DD
:10B7F0001F0000001F0000001F0000001F000000CD
:10B800001F0000001F0000001F0000001F000000BC
:10B810001F0000001F0000002000000020000000AA
:10B820002000000020000000200000002000000098
:10B830002000000020000000200000002000000088
:10B840002000000020000000200000002000000078
:10B850002000000021000000210000002100000065
:10B860002100000021000000210000002100000054
:10B870002100000021000000210000002100000044
:10B880002100000021000000210000002200000033
:10B890002200000022000000220000002200000020
:10B8A0002200000022000000220000002200000010
:10B8B0002200000022000000220000002200000000
:10B8C00022000000230000002300000023000000ED
:10B8D00023000000230000002300000023000000DC
:10B8E00023000000230000002300000023000000CC
:10B8F00023000000230000002300000024000000BB
:10B9000024000000240000002400000024000000A7
:10B910002400000024000000240000002400000097
:10B920002400000024000000240000002400000087
:10B930002400000025000000250000002500000074
:10B940002500000025000000250000002500000063
:10B950002500000025000000250000002500000053
:10B960002500000025000000250000002600000042
:10B97000260000002600000026000000260000002F
:10B98000260000002600000026000000260000001F
:10B99000260000002600000026000000260000000F
:10B9A00027000000270000002700000027000000FB
:10B9B00027000000270000002700000027000000EB
:10B9C00027000000270000002700000027000000DB
:10B9D00027000000270000002800000028000000C9
:10B9E00028000000280000002800000028000000B7
:10B9F00028000000280000002800000028000000A7
:10BA00002800000028000000280000002900000095
:10BA10002900000029000000290000002900000082
:10BA20002900000029000000290000002900000072
:10BA30002900000029000000290000002900000062
:10BA40002A0000002A0000002A0000002A0000004E
:10BA50002A0000002A0000002A0000002A0000003E
:10BA60002A0000002A0000002A0000002A0000002E
:10BA70002A0000002B0000002B0000002B0000001B
:10BA80002B0000002B0000002B0000002B0000000A
:10BA90002B0000002B0000002B0000002B000000FA
:10BAA0002B0000002B0000002C0000002C000000E8
:10BAB0002C0000002C0000002C0000002C000000D6
:10BAC0002C0000002C0000002C0000002C000000C6
:10BAD0002C0000002C0000002D0000002D000000B4
:10BAE0002D0000002D0000002D0000002D000000A2
:10BAF0002D0000002D0000002D0000002D00000092
:10BB00002D0000002D0000002D0000002E00000080
:10BB10002E0000002E0000002E0000002E0000006D
:10BB20002E0000002E0000002E0000002E0000005D
:10BB30002E0000002E0000002E0000002F0000004C
:10BB40002F0000002F0000002F0000002F00000039
:10BB50002F0000002F0000002F0000002F00000029
:10BB60002F0000002F0000002F0000003000000018
:10BB70003000000030000000300000003000000005
:10BB800030000000300000003000000030000000F5
:10BB900030000000300000003000000030000000E5
:10BBA00031000000310000003100000031000000D1
:10BBB00031000000310000003100000031000000C1
:10BBC00031000000310000003100000031000000B1
:10BBD000320000003200000032000000320000009D
:10BBE000320000003200000032000000320000008D
:10BBF000320000003200000032000000320000007D
:10BC00003300000033000000330000003300000068
:10BC10003300000033000000330000003300000058
:10BC20003300000033000000330000003300000048
:10BC30003400000034000000340000003400000034
:10BC40003400000034000000340000003400000024
:10BC50003400000034000000340000003500000013
:10BC60003500000035000000350000003500000000
:10BC700035000000350000003500000035000000F0
:10BC800035000000350000003500000036000000DF
:10BC900036000000360000003600000036000000CC
:10BCA00036000000360000003600000036000000BC
:10BCB00036000000360000003600000037000000AB
:10BCC0003700000037000000370000003700000098
:10BCD0003700000037000000370000003700000088
:10BCE0003700000037000000380000003800000076
:10BCF0003800000038000000380000003800000064
:10BD00003800000038000000380000003800000053
:10BD10003800000038000000390000003900000041
:10BD2000390000003900000039000000390000002F
:10BD3000390000003900000039000000390000001F
:10BD4000390000003A0000003A0000003A0000000C
:10BD50003A0000003A0000003A0000003A000000FB
:10BD60003A0000003A0000003A0000003A000000EB
:10BD70003B0000003B0000003B0000003B000000D7
:10BD80003B0000003B0000003B0000003B000000C7
:10BD90003B0000003B0000003B0000003C000000B6
:10BDA0003C0000003C0000003C0000003C000000A3
:10BDB0003C0000003C0000003C0000003C00000093
:10BDC0003C0000003C0000003C0000003D00000082
:10BDD0003D0000003D0000003D0000003D0000006F
:10BDE0003D0000003D0000003D0000003D0000005F
:10BDF0003D0000003D0000003E0000003E0000004D
:10BE00003E0000003E0000003E0000003E0000003A
:10BE10003E0000003E0000003E0000003E0000002A
:10BE20003E0000003F0000003F0000003F00000017
:10BE30003F0000003F0000003F0000003F00000006
:10BE40003F0000003F0000003F00000040000000F5
:10BE500040000000400000004000000040000000E2
:10BE600040000000400000004000000040000000D2
:10BE700040000000400000004100000041000000C0
:10BE800041000000410000004100000041000000AE
:10BE9000410000004100000041000000410000009E
:10BEA000410000004200000042000000420000008B
:10BEB000420000004200000042000000420000007A
:10BEC000420000004200000042000000420000006A
:10BED0004300000043000000430000004300000056
:10BEE0004300000043000000430000004300000046
:10BEF0004300000043000000440000004400000034
:10BF00004400000044000000440000004400000021
:10BF10004400000044000000440000004400000011
:10BF200044000000450000004500000045000000FE
:10BF300045000000450000004500000045000000ED
:10BF400045000000450000004500000046000000DC
:10BF500046000000460000004600000046000000C9
:10BF600046000000460000004600000046000000B9
:10BF700046000000460000004700000047000000A7
:10BF80004700000047000000470000004700000095
:10BF90004700000047000000470000004700000085
:10BFA0004800000048000000480000004800000071
:10BFB0004800000048000000480000004800000061
:10BFC0004800000048000000480000004900000050
:10BFD000490000004900000049000000490000003D
:10BFE000490000004900000049000000490000002D
:10BFF000490000004A0000004A0000004A0000001A
:10C000004A0000004A0000004A0000004A00000008
:10C010004A0000004A0000004A0000004B000000F7
:10C020004B0000004B0000004B0000004B000000E4
:10C030004B0000004B0000004B0000004B000000D4
:10C040004B0000004C0000004C0000004C000000C1
:10C050004C0000004C0000004C0000004C000000B0
:10C060004C0000004C0000004C0000004D0000009F
:10C070004D0000004D0000004D0000004D0000008C
:10C080004D0000004D0000004D0000004D0000007C
:10C090004D0000004E0000004E0000004E00000069
:10C0A0004E0000004E0000004E0000004E00000058
:10C0B0004E0000004E0000004E0000004F00000047
:10C0C0004F0000004F0000004F0000004F00000034
:10C0D0004F0000004F0000004F0000004F00000024
:10C0E0004F00000050000000500000005000000011
:10C0F0005000000050000000500000005000000000
:10C1000050000000500000005000000051000000EE
:10C1100051000000510000005100000051000000DB
:10C1200051000000510000005100000051000000CB
:10C1300051000000520000005200000052000000B8
:10C1400052000000520000005200000052000000A7
:10C150005200000052000000520000005300000096
:10C160005300000053000000530000005300000083
:10C170005300000053000000530000005300000073
:10C180005300000054000000540000005400000060
:10C19000540000005400000054000000540000004F
:10C1A000540000005400000054000000550000003E
:10C1B000550000005500000055000000550000002B
:10C1C000550000005500000055000000550000001B
:10C1D0005600000056000000560000005600000007
:10C1E00056000000560000005600000056000000F7
:10C1F00056000000560000005700000057000000E5
:10C2000057000000570000005700000057000000D2
:10C2100057000000570000005700000057000000C2
:10C2200058000000580000005800000058000000AE
:10C23000580000005800000058000000580000009E
:10C24000580000005900000059000000590000008B
:10C25000590000005900000059000000590000007A
:10C260005900000059000000590000005A00000069
:10C270005A0000005A0000005A0000005A00000056
:10C280005A0000005A0000005A0000005A00000046
:10C290005B0000005B0000005B0000005B00000032
:10C2A0005B0000005B0000005B0000005B00000022
:10C2B0005B0000005B0000005C0000005C00000010
:10C2C0005C0000005C0000005C0000005C000000FE
:10C2D0005C0000005C0000005C0000005D000000ED
:10C2E0005D0000005D0000005D0000005D000000DA
:10C2F0005D0000005D0000005D0000005D000000CA
:10C300005E0000005E0000005E0000005E000000B5
:10C310005E0000005E0000005E0000005E000000A5
:10C320005E0000005E0000005F0000005F00000093
:10C330005F0000005F0000005F0000005F00000081
:10C340005F0000005F0000005F0000006000000070
:10C35000600000006000000060000000600000005D
:10C36000600000006000000060000000600000004D
:10C370006100000061000000610000006100000039
:10C380006100000061000000610000006100000029
:10C390006100000061000000620000006200000017
:10C3A0006200000062000000620000006200000005
:10C3B00062000000620000006200000063000000F4
:10C3C00063000000630000006300000063000000E1
:10C3D00063000000630000006300000063000000D1
:10C3E00064000000640000006400000064000000BD
:10C3F00064000000640000006400000064000000AD
:10C400006400000065000000650000006500000099
:10C410006500000065000000650000006500000088
:10C420006500000065000000660000006600000076
:10C430006600000066000000660000006600000064
:10C440006600000066000000660000006600000054
:10C450006700000067000000670000006700000040
:10C460006700000067000000670000006700000030
:10C47000670000006800000068000000680000001D
:10C48000680000006800000068000000680000000C
:10C4900068000000680000006900000069000000FA
:10C4A00069000000690000006900000069000000E8
:10C4B0006900000069000000690000006A000000D7
:10C4C0006A0000006A0000006A0000006A000000C4
:10C4D0006A0000006A0000006A0000006A000000B4
:10C4E0006B0000006B0000006B0000006B000000A0
:10C4F0006B0000006B0000006B0000006B00000090
:10C500006B0000006C0000006C0000006C0000007C
:10C510006C0000006C0000006C0000006C0000006B
:10C520006C0000006C0000006D0000006D00000059
:10C530006D0000006D0000006D0000006D00000047
:10C540006D0000006D0000006D0000006E00000036
:10C550006E0000006E0000006E0000006E00000023
:10C560006E0000006E0000006E0000006E00000013
:10C570006F0000006F0000006F0000006F000000FF
:10C580006F0000006F0000006F0000006F000000EF
:10C5900070000000700000007000000070000000DB
:10C5A00070000000700000007000000070000000CB
:10C5B00070000000710000007100000071000000B8
:10C5C00071000000710000007100000071000000A7
:10C5D0007100000071000000720000007200000095
:10C5E0007200000072000000720000007200000083
:10C5F0007200000072000000720000007300000072
:10C60000730000007300000073000000730000005E
:10C61000730000007300000073000000730000004E
:10C62000740000007400000074000000740000003A
:10C63000740000007400000074000000740000002A
:10C640007500000075000000750000007500000016
:10C650007500000075000000750000007500000006
:10C6600075000000760000007600000076000000F3
:10C6700076000000760000007600000076000000E2
:10C6800076000000760000007700000077000000D0
:10C6900077000000770000007700000077000000BE
:10C6A00077000000770000007700000078000000AD
:10C6B000780000007800000078000000780000009A
:10C6C0007800000078000000780000007900000089
:10C6D0007900000079000000790000007900000076
:10C6E0007900000079000000790000007900000066
:10C6F0007A0000007A0000007A0000007A00000052
:10C700007A0000007A0000007A0000007A00000041
:10C710007A0000007B0000007B0000007B0000002E
:10C720007B0000007B0000007B0000007B0000001D
:10C730007B0000007C0000007C0000007C0000000A
:10C740007C0000007C0000007C0000007C000000F9
:10C750007C0000007C0000007D0000007D000000E7
:10C760007D0000007D0000007D0000007D000000D5
:10C770007D0000007D0000007E0000007E000000C3
:10C780007E0000007E0000007E0000007E000000B1
:10C790007E0000007E0000007E0000007F000000A0
:10C7A0007F0000007F0000007F0000007F0000008D
:10C7B0007F0000007F0000007F000000800000007C
:10C7C0008000000080000000800000008000000069
:10C7D0008000000080000000800000008000000059
:10C7E0008100000081000000810000008100000045
:10C7F0008100000081000000810000008100000035
:10C800008200000082000000820000008200000020
:10C810008200000082000000820000008200000010
:10C8200082000000830000008300000083000000FD
:10C8300083000000830000008300000083000000EC
:10C8400083000000840000008400000084000000D9
:10C8500084000000840000008400000084000000C8
:10C8600084000000840000008500000085000000B6
:10C8700085000000850000008500000085000000A4
:10C880008500000085000000860000008600000092
:10C890008600000086000000860000008600000080
:10C8A000860000008600000086000000870000006F
:10C8B000870000008700000087000000870000005C
:10C8C000870000008700000087000000880000004B
:10C8D0008800000088000000880000008800000038
:10C8E0008800000088000000880000008900000027
:10C8F0008900000089000000890000008900000014
:10C900008900000089000000890000008900000003
:10C910008A0000008A0000008A0000008A000000EF
:10C920008A0000008A0000008A0000008A000000DF
:10C930008B0000008B0000008B0000008B000000CB
:10C940008B0000008B0000008B0000008B000000BB
:10C950008B0000008C0000008C0000008C000000A8
:10C960008C0000008C0000008C0000008C00000097
:10C970008C0000008D0000008D0000008D00000084
:10C980008D0000008D0000008D0000008D00000073
:10C990008D0000008E0000008E0000008E00000060
:10C9A0008E0000008E0000008E0000008E0000004F
:10C9B0008E0000008E0000008F0000008F0000003D
:10C9C0008F0000008F0000008F0000008F0000002B
:10C9D0008F0000008F000000900000009000000019
:10C9E0009000000090000000900000009000000007
:10C9F00090000000900000009100000091000000F5
:10CA000091000000910000009100000091000000E2
:10CA100091000000910000009200000092000000D0
:10CA200092000000920000009200000092000000BE
:10CA300092000000920000009200000093000000AD
:10CA4000930000009300000093000000930000009A
:10CA50009300000093000000930000009400000089
:10CA60009400000094000000940000009400000076
:10CA70009400000094000000940000009500000065
:10CA80009500000095000000950000009500000052
:10CA90009500000095000000950000009600000041
:10CAA000960000009600000096000000960000002E
:10CAB000960000009600000096000000960000001E
:10CAC000970000009700000097000000970000000A
:10CAD00097000000970000009700000097000000FA
:10CAE00098000000980000009800000098000000E6
:10CAF00098000000980000009800000098000000D6
:10CB000099000000990000009900000099000000C1
:10CB100099000000990000009900000099000000B1
:10CB20009A0000009A0000009A0000009A0000009D
:10CB30009A0000009A0000009A0000009A0000008D
:10CB40009B0000009B0000009B0000009B00000079
:10CB50009B0000009B0000009B0000009B00000069
:10CB60009C0000009C0000009C0000009C00000055
:10CB70009C0000009C0000009C0000009C00000045
:10CB80009C0000009D0000009D0000009D00000032
:10CB90009D0000009D0000009D0000009D00000021
:10CBA0009D0000009E0000009E0000009E0000000E
:10CBB0009E0000009E0000009E0000009E000000FD
:10CBC0009E0000009F0000009F0000009F000000EA
:10CBD0009F0000009F0000009F0000009F000000D9
:10CBE0009F000000A0000000A0000000A0000000C6
:10CBF000A0000000A0000000A0000000A0000000B5
:10CC0000A0000000A1000000A1000000A1000000A1
:10CC1000A1000000A1000000A1000000A100000090
:10CC2000A1000000A2000000A2000000A20000007D
:10CC3000A2000000A2000000A2000000A20000006C
:10CC4000A2000000A3000000A3000000A300000059
:10CC5000A3000000A3000000A3000000A300000048
:10CC6000A3000000A4000000A4000000A400000035
:10CC7000A4000000A4000000A4000000A400000024
:10CC8000A4000000A4000000A5000000A500000012
:10CC9000A5000000A5000000A5000000A500000000
:10CCA000A5000000A5000000A6000000A6000000EE
:10CCB000A6000000A6000000A6000000A6000000DC
:10CCC000A6000000A6000000A7000000A7000000CA
:10CCD000A7000000A7000000A7000000A7000000B8
:10CCE000A7000000A7000000A8000000A8000000A6
:10CCF000A8000000A8000000A8000000A800000094
:10CD0000A8000000A8000000A9000000A900000081
:10CD1000A9000000A9000000A9000000A90000006F
:10CD2000A9000000A9000000AA000000AA0000005D
:10CD3000AA000000AA000000AA000000AA0000004B
:10CD4000AA000000AA000000AB000000AB00000039
:10CD5000AB000000AB000000AB000000AB00000027
:10CD6000AB000000AB000000AC000000AC00000015
:10CD7000AC000000AC000000AC000000AC00000003
:10CD8000AC000000AC000000AD000000AD000000F1
:10CD9000AD000000AD000000AD000000AD000000DF
:10CDA000AD000000AD000000AE000000AE000000CD
:10CDB000AE000000AE000000AE000000AE000000BB
:10CDC000AE000000AE000000AF000000AF000000A9
:10CDD000AF000000AF000000AF000000AF00000097
:10CDE000AF000000AF000000B0000000B000000085
:10CDF000B0000000B0000000B0000000B000000073
:10CE0000B0000000B0000000B1000000B100000060
:10CE1000B1000000B1000000B1000000B10000004E
:10CE2000B1000000B1000000B2000000B20000003C
:10CE3000B2000000B2000000B2000000B20000002A
:10CE4000B2000000B2000000B3000000B300000018
:10CE5000B3000000B3000000B3000000B300000006
:10CE6000B3000000B3000000B4000000B4000000F4
:10CE7000B4000000B4000000B4000000B4000000E2
:10CE8000B4000000B4000000B5000000B5000000D0
:10CE9000B5000000B5000000B5000000B5000000BE
:10CEA000B5000000B5000000B6000000B6000000AC
:10CEB000B6000000B6000000B6000000B60000009A
:10CEC000B6000000B6000000B7000000B700000088
:10CED000B7000000B7000000B7000000B700000076
:10CEE000B7000000B7000000B8000000B800000064
:10CEF000B8000000B8000000B8000000B800000052
:10CF0000B8000000B8000000B9000000B90000003F
:10CF1000B9000000B9000000B9000000B90000002D
:10CF2000B9000000B9000000BA000000BA0000001B
:10CF3000BA000000BA000000BA000000BA00000009
:10CF4000BA000000BA000000BB000000BB000000F7
:10CF5000BB000000BB000000BB000000BB000000E5
:10CF6000BB000000BB000000BC000000BC000000D3
:10CF7000BC000000BC000000BC000000BC000000C1
:10CF8000BC000000BC000000BD000000BD000000AF
:10CF9000BD000000BD000000BD000000BD0000009D
:10CFA000BD000000BD000000BE000000BE0000008B
:10CFB000BE000000BE000000BE000000BE00000079
:10CFC000BE000000BE000000BF000000BF00000067
:10CFD000BF000000BF000000BF000000BF00000055
:10CFE000BF000000BF000000C0000000C000000043
:10CFF000C0000000C0000000C0000000C000000031
:10D00000C0000000C0000000C1000000C10000001E
:10D01000C1000000C1000000C1000000C10000000C
:10D02000C1000000C1000000C2000000C2000000FA
:10D03000C2000000C2000000C2000000C2000000E8
:10D04000C2000000C2000000C3000000C3000000D6
:10D05000C3000000C3000000C3000000C3000000C4
:10D06000C3000000C3000000C4000000C4000000B2
:10D07000C4000000C4000000C4000000C4000000A0
:10D08000C4000000C4000000C5000000C50000008E
:10D09000C5000000C5000000C5000000C50000007C
:10D0A000C5000000C5000000C6000000C60000006A
:10D0B000C6000000C6000000C6000000C600000058
:10D0C000C6000000C6000000C7000000C700000046
:10D0D000C7000000C7000000C7000000C700000034
:10D0E000C700000000061016000610160000000021
:0CD0F0000000000001020304060708090C
:08D0FC003831FC7F0100000047
:04D10400E901000835
:04D10800C501000855
:10D10C003C040040A0000000F4260008042700089E
:10D11C00182700083027000840270008542700086B
:10D12C00A43403086498020824FC0108E45F010895
:10D13C00A4C300086427000800002041000020411F
:10D14C000000FA43CDCCCC3DCDCCCC3D4260653D0E
:0CD15C0001000000100000000024F4009E
:0400000508002629A0
:00000001FF
